fecha,tienda_id,producto_id,unidades_disponibles,fuente
2026-06-01,T0001,P001,4,portal
2026-06-01,T0001,P002,16,portal
2026-06-01,T0001,P003,27,portal
2026-06-01,T0001,P004,28,portal
2026-06-01,T0001,P005,23,portal
2026-06-01,T0001,P006,29,portal
2026-06-01,T0001,P007,25,portal
2026-06-01,T0001,P008,16,portal
2026-06-01,T0001,P009,12,portal
2026-06-01,T0001,P010,26,portal
2026-06-01,T0001,P011,22,portal
2026-06-01,T0001,P012,13,portal
2026-06-01,T0001,P013,5,portal
2026-06-01,T0001,P014,24,portal
2026-06-01,T0001,P015,10,portal
2026-06-01,T0001,P016,30,portal
2026-06-01,T0001,P017,9,portal
2026-06-01,T0001,P018,6,portal
2026-06-01,T0001,P019,24,portal
2026-06-01,T0001,P020,6,portal
2026-06-01,T0002,P001,4,portal
2026-06-01,T0002,P002,28,portal
2026-06-01,T0002,P003,55,portal
2026-06-01,T0002,P004,48,portal
2026-06-01,T0002,P005,41,portal
2026-06-01,T0002,P006,51,portal
2026-06-01,T0002,P007,49,portal
2026-06-01,T0002,P008,30,portal
2026-06-01,T0002,P009,18,portal
2026-06-01,T0002,P010,45,portal
2026-06-01,T0002,P011,39,portal
2026-06-01,T0002,P012,23,portal
2026-06-01,T0002,P013,7,portal
2026-06-01,T0002,P014,45,portal
2026-06-01,T0002,P015,18,portal
2026-06-01,T0002,P016,51,portal
2026-06-01,T0002,P017,17,portal
2026-06-01,T0002,P018,9,portal
2026-06-01,T0002,P019,48,portal
2026-06-01,T0002,P020,12,portal
2026-06-01,T0003,P001,4,portal
2026-06-01,T0003,P002,14,portal
2026-06-01,T0003,P003,33,portal
2026-06-01,T0003,P004,30,portal
2026-06-01,T0003,P005,24,portal
2026-06-01,T0003,P006,24,portal
2026-06-01,T0003,P007,27,portal
2026-06-01,T0003,P008,17,portal
2026-06-01,T0003,P009,11,portal
2026-06-01,T0003,P010,20,portal
2026-06-01,T0003,P011,19,portal
2026-06-01,T0003,P012,13,portal
2026-06-01,T0003,P013,5,portal
2026-06-01,T0003,P014,25,portal
2026-06-01,T0003,P015,9,portal
2026-06-01,T0003,P016,29,portal
2026-06-01,T0003,P017,9,portal
2026-06-01,T0003,P018,6,portal
2026-06-01,T0003,P019,27,portal
2026-06-01,T0003,P020,7,portal
2026-06-01,T0004,P001,4,portal
2026-06-01,T0004,P002,15,portal
2026-06-01,T0004,P003,29,portal
2026-06-01,T0004,P004,28,portal
2026-06-01,T0004,P005,23,portal
2026-06-01,T0004,P006,28,portal
2026-06-01,T0004,P007,27,portal
2026-06-01,T0004,P008,16,portal
2026-06-01,T0004,P009,9,portal
2026-06-01,T0004,P010,24,portal
2026-06-01,T0004,P011,20,portal
2026-06-01,T0004,P012,11,portal
2026-06-01,T0004,P013,4,portal
2026-06-01,T0004,P014,26,portal
2026-06-01,T0004,P015,9,portal
2026-06-01,T0004,P016,30,portal
2026-06-01,T0004,P017,7,portal
2026-06-01,T0004,P018,5,portal
2026-06-01,T0004,P019,28,portal
2026-06-01,T0004,P020,6,portal
2026-06-01,T0005,P001,3,portal
2026-06-01,T0005,P002,12,portal
2026-06-01,T0005,P003,29,portal
2026-06-01,T0005,P004,28,portal
2026-06-01,T0005,P005,25,portal
2026-06-01,T0005,P006,25,portal
2026-06-01,T0005,P007,26,portal
2026-06-01,T0005,P008,13,portal
2026-06-01,T0005,P009,11,portal
2026-06-01,T0005,P010,24,portal
2026-06-01,T0005,P011,20,portal
2026-06-01,T0005,P012,14,portal
2026-06-01,T0005,P013,5,portal
2026-06-01,T0005,P014,25,portal
2026-06-01,T0005,P015,9,portal
2026-06-01,T0005,P016,30,portal
2026-06-01,T0005,P017,8,portal
2026-06-01,T0005,P018,6,portal
2026-06-01,T0005,P019,27,portal
2026-06-01,T0005,P020,7,portal
2026-06-01,T0006,P001,9,portal
2026-06-01,T0006,P002,44,portal
2026-06-01,T0006,P003,88,portal
2026-06-01,T0006,P004,82,portal
2026-06-01,T0006,P005,70,portal
2026-06-01,T0006,P006,81,portal
2026-06-01,T0006,P007,88,portal
2026-06-01,T0006,P008,48,portal
2026-06-01,T0006,P009,27,portal
2026-06-01,T0006,P010,73,portal
2026-06-01,T0006,P011,63,portal
2026-06-01,T0006,P012,40,portal
2026-06-01,T0006,P013,13,portal
2026-06-01,T0006,P014,70,portal
2026-06-01,T0006,P015,24,portal
2026-06-01,T0006,P016,87,portal
2026-06-01,T0006,P017,26,portal
2026-06-01,T0006,P018,13,portal
2026-06-01,T0006,P019,76,portal
2026-06-01,T0006,P020,19,portal
2026-06-01,T0007,P001,4,portal
2026-06-01,T0007,P002,27,portal
2026-06-01,T0007,P003,53,portal
2026-06-01,T0007,P004,49,portal
2026-06-01,T0007,P005,43,portal
2026-06-01,T0007,P006,49,portal
2026-06-01,T0007,P007,49,portal
2026-06-01,T0007,P008,30,portal
2026-06-01,T0007,P009,22,portal
2026-06-01,T0007,P010,41,portal
2026-06-01,T0007,P011,41,portal
2026-06-01,T0007,P012,21,portal
2026-06-01,T0007,P013,9,portal
2026-06-01,T0007,P014,40,portal
2026-06-01,T0007,P015,19,portal
2026-06-01,T0007,P016,53,portal
2026-06-01,T0007,P017,16,portal
2026-06-01,T0007,P018,10,portal
2026-06-01,T0007,P019,47,portal
2026-06-01,T0007,P020,10,portal
2026-06-01,T0008,P001,9,portal
2026-06-01,T0008,P002,46,portal
2026-06-01,T0008,P003,90,portal
2026-06-01,T0008,P004,82,portal
2026-06-01,T0008,P005,67,portal
2026-06-01,T0008,P006,83,portal
2026-06-01,T0008,P007,79,portal
2026-06-01,T0008,P008,51,portal
2026-06-01,T0008,P009,33,portal
2026-06-01,T0008,P010,71,portal
2026-06-01,T0008,P011,60,portal
2026-06-01,T0008,P012,36,portal
2026-06-01,T0008,P013,13,portal
2026-06-01,T0008,P014,67,portal
2026-06-01,T0008,P015,29,portal
2026-06-01,T0008,P016,83,portal
2026-06-01,T0008,P017,23,portal
2026-06-01,T0008,P018,15,portal
2026-06-01,T0008,P019,76,portal
2026-06-01,T0008,P020,19,portal
2026-06-01,T0009,P001,7,portal
2026-06-01,T0009,P002,30,portal
2026-06-01,T0009,P003,60,portal
2026-06-01,T0009,P004,51,portal
2026-06-01,T0009,P005,49,portal
2026-06-01,T0009,P006,52,portal
2026-06-01,T0009,P007,56,portal
2026-06-01,T0009,P008,31,portal
2026-06-01,T0009,P009,21,portal
2026-06-01,T0009,P010,50,portal
2026-06-01,T0009,P011,44,portal
2026-06-01,T0009,P012,25,portal
2026-06-01,T0009,P013,10,portal
2026-06-01,T0009,P014,45,portal
2026-06-01,T0009,P015,21,portal
2026-06-01,T0009,P016,58,portal
2026-06-01,T0009,P017,18,portal
2026-06-01,T0009,P018,10,portal
2026-06-01,T0009,P019,53,portal
2026-06-01,T0009,P020,14,portal
2026-06-01,T0010,P001,4,portal
2026-06-01,T0010,P002,18,portal
2026-06-01,T0010,P003,40,portal
2026-06-01,T0010,P004,33,portal
2026-06-01,T0010,P005,30,portal
2026-06-01,T0010,P006,35,portal
2026-06-01,T0010,P007,36,portal
2026-06-01,T0010,P008,22,portal
2026-06-01,T0010,P009,14,portal
2026-06-01,T0010,P010,31,portal
2026-06-01,T0010,P011,28,portal
2026-06-01,T0010,P012,16,portal
2026-06-01,T0010,P013,5,portal
2026-06-01,T0010,P014,28,portal
2026-06-01,T0010,P015,9,portal
2026-06-01,T0010,P016,38,portal
2026-06-01,T0010,P017,11,portal
2026-06-01,T0010,P018,7,portal
2026-06-01,T0010,P019,32,portal
2026-06-01,T0010,P020,7,portal
2026-06-01,T0011,P001,4,portal
2026-06-01,T0011,P002,11,portal
2026-06-01,T0011,P003,22,portal
2026-06-01,T0011,P004,19,portal
2026-06-01,T0011,P005,16,portal
2026-06-01,T0011,P006,20,portal
2026-06-01,T0011,P007,20,portal
2026-06-01,T0011,P008,12,portal
2026-06-01,T0011,P009,8,portal
2026-06-01,T0011,P010,17,portal
2026-06-01,T0011,P011,15,portal
2026-06-01,T0011,P012,8,portal
2026-06-01,T0011,P013,4,portal
2026-06-01,T0011,P014,16,portal
2026-06-01,T0011,P015,5,portal
2026-06-01,T0011,P016,19,portal
2026-06-01,T0011,P017,6,portal
2026-06-01,T0011,P018,4,portal
2026-06-01,T0011,P019,18,portal
2026-06-01,T0011,P020,4,portal
2026-06-01,T0012,P001,4,portal
2026-06-01,T0012,P002,10,portal
2026-06-01,T0012,P003,21,portal
2026-06-01,T0012,P004,21,portal
2026-06-01,T0012,P005,17,portal
2026-06-01,T0012,P006,20,portal
2026-06-01,T0012,P007,18,portal
2026-06-01,T0012,P008,13,portal
2026-06-01,T0012,P009,8,portal
2026-06-01,T0012,P010,16,portal
2026-06-01,T0012,P011,14,portal
2026-06-01,T0012,P012,9,portal
2026-06-01,T0012,P013,4,portal
2026-06-01,T0012,P014,17,portal
2026-06-01,T0012,P015,6,portal
2026-06-01,T0012,P016,21,portal
2026-06-01,T0012,P017,6,portal
2026-06-01,T0012,P018,3,portal
2026-06-01,T0012,P019,18,portal
2026-06-01,T0012,P020,3,portal
2026-06-01,T0013,P001,3,portal
2026-06-01,T0013,P002,17,portal
2026-06-01,T0013,P003,36,portal
2026-06-01,T0013,P004,35,portal
2026-06-01,T0013,P005,31,portal
2026-06-01,T0013,P006,36,portal
2026-06-01,T0013,P007,33,portal
2026-06-01,T0013,P008,21,portal
2026-06-01,T0013,P009,13,portal
2026-06-01,T0013,P010,31,portal
2026-06-01,T0013,P011,27,portal
2026-06-01,T0013,P012,15,portal
2026-06-01,T0013,P013,6,portal
2026-06-01,T0013,P014,27,portal
2026-06-01,T0013,P015,10,portal
2026-06-01,T0013,P016,39,portal
2026-06-01,T0013,P017,12,portal
2026-06-01,T0013,P018,7,portal
2026-06-01,T0013,P019,36,portal
2026-06-01,T0013,P020,9,portal
2026-06-01,T0014,P001,4,portal
2026-06-01,T0014,P002,18,portal
2026-06-01,T0014,P003,35,portal
2026-06-01,T0014,P004,33,portal
2026-06-01,T0014,P005,32,portal
2026-06-01,T0014,P006,30,portal
2026-06-01,T0014,P007,35,portal
2026-06-01,T0014,P008,21,portal
2026-06-01,T0014,P009,12,portal
2026-06-01,T0014,P010,32,portal
2026-06-01,T0014,P011,26,portal
2026-06-01,T0014,P012,16,portal
2026-06-01,T0014,P013,6,portal
2026-06-01,T0014,P014,31,portal
2026-06-01,T0014,P015,13,portal
2026-06-01,T0014,P016,36,portal
2026-06-01,T0014,P017,10,portal
2026-06-01,T0014,P018,7,portal
2026-06-01,T0014,P019,35,portal
2026-06-01,T0014,P020,9,portal
2026-06-01,T0020,P001,4,preventa
2026-06-01,T0020,P002,7,preventa
2026-06-01,T0020,P003,18,preventa
2026-06-01,T0020,P004,17,preventa
2026-06-01,T0020,P005,11,preventa
2026-06-01,T0020,P006,15,preventa
2026-06-01,T0020,P007,17,preventa
2026-06-01,T0020,P008,10,preventa
2026-06-01,T0020,P009,4,preventa
2026-06-01,T0020,P010,12,preventa
2026-06-01,T0020,P011,12,preventa
2026-06-01,T0020,P012,7,preventa
2026-06-01,T0020,P013,3,preventa
2026-06-01,T0020,P014,13,preventa
2026-06-01,T0020,P015,5,preventa
2026-06-01,T0020,P016,15,preventa
2026-06-01,T0020,P017,5,preventa
2026-06-01,T0020,P018,4,preventa
2026-06-01,T0020,P019,15,preventa
2026-06-01,T0020,P020,4,preventa
2026-06-01,T0022,P001,4,preventa
2026-06-01,T0022,P002,4,preventa
2026-06-01,T0022,P003,10,preventa
2026-06-01,T0022,P004,8,preventa
2026-06-01,T0022,P005,8,preventa
2026-06-01,T0022,P006,8,preventa
2026-06-01,T0022,P007,8,preventa
2026-06-01,T0022,P008,5,preventa
2026-06-01,T0022,P009,4,preventa
2026-06-01,T0022,P010,8,preventa
2026-06-01,T0022,P011,6,preventa
2026-06-01,T0022,P012,4,preventa
2026-06-01,T0022,P013,4,preventa
2026-06-01,T0022,P014,7,preventa
2026-06-01,T0022,P015,4,preventa
2026-06-01,T0022,P016,9,preventa
2026-06-01,T0022,P017,3,preventa
2026-06-01,T0022,P018,4,preventa
2026-06-01,T0022,P019,8,preventa
2026-06-01,T0022,P020,4,preventa
2026-06-01,T0025,P001,4,preventa
2026-06-01,T0025,P002,4,preventa
2026-06-01,T0025,P003,10,preventa
2026-06-01,T0025,P004,7,preventa
2026-06-01,T0025,P005,6,preventa
2026-06-01,T0025,P006,5,preventa
2026-06-01,T0025,P007,9,preventa
2026-06-01,T0025,P008,4,preventa
2026-06-01,T0025,P009,4,preventa
2026-06-01,T0025,P010,8,preventa
2026-06-01,T0025,P011,7,preventa
2026-06-01,T0025,P012,4,preventa
2026-06-01,T0025,P013,4,preventa
2026-06-01,T0025,P014,7,preventa
2026-06-01,T0025,P015,4,preventa
2026-06-01,T0025,P016,7,preventa
2026-06-01,T0025,P017,3,preventa
2026-06-01,T0025,P018,4,preventa
2026-06-01,T0025,P019,7,preventa
2026-06-01,T0025,P020,4,preventa
2026-06-01,T0030,P001,4,preventa
2026-06-01,T0030,P002,11,preventa
2026-06-01,T0030,P003,27,preventa
2026-06-01,T0030,P004,26,preventa
2026-06-01,T0030,P005,20,preventa
2026-06-01,T0030,P006,23,preventa
2026-06-01,T0030,P007,24,preventa
2026-06-01,T0030,P008,14,preventa
2026-06-01,T0030,P009,11,preventa
2026-06-01,T0030,P010,22,preventa
2026-06-01,T0030,P011,19,preventa
2026-06-01,T0030,P012,11,preventa
2026-06-01,T0030,P013,4,preventa
2026-06-01,T0030,P014,22,preventa
2026-06-01,T0030,P015,8,preventa
2026-06-01,T0030,P016,26,preventa
2026-06-01,T0030,P017,8,preventa
2026-06-01,T0030,P018,3,preventa
2026-06-01,T0030,P019,24,preventa
2026-06-01,T0030,P020,6,preventa
2026-06-02,T0001,P001,4,portal
2026-06-02,T0001,P002,14,portal
2026-06-02,T0001,P003,26,portal
2026-06-02,T0001,P004,26,portal
2026-06-02,T0001,P005,23,portal
2026-06-02,T0001,P006,25,portal
2026-06-02,T0001,P007,23,portal
2026-06-02,T0001,P008,15,portal
2026-06-02,T0001,P009,10,portal
2026-06-02,T0001,P010,26,portal
2026-06-02,T0001,P011,20,portal
2026-06-02,T0001,P012,11,portal
2026-06-02,T0001,P013,4,portal
2026-06-02,T0001,P014,23,portal
2026-06-02,T0001,P015,10,portal
2026-06-02,T0001,P016,27,portal
2026-06-02,T0001,P017,9,portal
2026-06-02,T0001,P018,5,portal
2026-06-02,T0001,P019,21,portal
2026-06-02,T0001,P020,6,portal
2026-06-02,T0002,P001,4,portal
2026-06-02,T0002,P002,27,portal
2026-06-02,T0002,P003,46,portal
2026-06-02,T0002,P004,43,portal
2026-06-02,T0002,P005,39,portal
2026-06-02,T0002,P006,47,portal
2026-06-02,T0002,P007,44,portal
2026-06-02,T0002,P008,28,portal
2026-06-02,T0002,P009,18,portal
2026-06-02,T0002,P010,42,portal
2026-06-02,T0002,P011,34,portal
2026-06-02,T0002,P012,20,portal
2026-06-02,T0002,P013,7,portal
2026-06-02,T0002,P014,40,portal
2026-06-02,T0002,P015,13,portal
2026-06-02,T0002,P016,44,portal
2026-06-02,T0002,P017,15,portal
2026-06-02,T0002,P018,8,portal
2026-06-02,T0002,P019,43,portal
2026-06-02,T0002,P020,10,portal
2026-06-02,T0003,P001,4,portal
2026-06-02,T0003,P002,14,portal
2026-06-02,T0003,P003,28,portal
2026-06-02,T0003,P004,26,portal
2026-06-02,T0003,P005,20,portal
2026-06-02,T0003,P006,23,portal
2026-06-02,T0003,P007,24,portal
2026-06-02,T0003,P008,15,portal
2026-06-02,T0003,P009,11,portal
2026-06-02,T0003,P010,18,portal
2026-06-02,T0003,P011,18,portal
2026-06-02,T0003,P012,12,portal
2026-06-02,T0003,P013,3,portal
2026-06-02,T0003,P014,20,portal
2026-06-02,T0003,P015,9,portal
2026-06-02,T0003,P016,27,portal
2026-06-02,T0003,P017,8,portal
2026-06-02,T0003,P018,6,portal
2026-06-02,T0003,P019,24,portal
2026-06-02,T0003,P020,5,portal
2026-06-02,T0004,P001,4,portal
2026-06-02,T0004,P002,14,portal
2026-06-02,T0004,P003,28,portal
2026-06-02,T0004,P004,25,portal
2026-06-02,T0004,P005,21,portal
2026-06-02,T0004,P006,27,portal
2026-06-02,T0004,P007,25,portal
2026-06-02,T0004,P008,15,portal
2026-06-02,T0004,P009,7,portal
2026-06-02,T0004,P010,22,portal
2026-06-02,T0004,P011,18,portal
2026-06-02,T0004,P012,10,portal
2026-06-02,T0004,P013,3,portal
2026-06-02,T0004,P014,25,portal
2026-06-02,T0004,P015,7,portal
2026-06-02,T0004,P016,28,portal
2026-06-02,T0004,P017,7,portal
2026-06-02,T0004,P018,4,portal
2026-06-02,T0004,P019,25,portal
2026-06-02,T0004,P020,5,portal
2026-06-02,T0005,P001,3,portal
2026-06-02,T0005,P002,11,portal
2026-06-02,T0005,P003,27,portal
2026-06-02,T0005,P004,20,portal
2026-06-02,T0005,P005,23,portal
2026-06-02,T0005,P006,22,portal
2026-06-02,T0005,P007,26,portal
2026-06-02,T0005,P008,11,portal
2026-06-02,T0005,P009,11,portal
2026-06-02,T0005,P010,22,portal
2026-06-02,T0005,P011,17,portal
2026-06-02,T0005,P012,13,portal
2026-06-02,T0005,P013,5,portal
2026-06-02,T0005,P014,21,portal
2026-06-02,T0005,P015,7,portal
2026-06-02,T0005,P016,29,portal
2026-06-02,T0005,P017,7,portal
2026-06-02,T0005,P018,6,portal
2026-06-02,T0005,P019,25,portal
2026-06-02,T0005,P020,6,portal
2026-06-02,T0006,P001,7,portal
2026-06-02,T0006,P002,39,portal
2026-06-02,T0006,P003,80,portal
2026-06-02,T0006,P004,71,portal
2026-06-02,T0006,P005,64,portal
2026-06-02,T0006,P006,70,portal
2026-06-02,T0006,P007,80,portal
2026-06-02,T0006,P008,44,portal
2026-06-02,T0006,P009,26,portal
2026-06-02,T0006,P010,67,portal
2026-06-02,T0006,P011,58,portal
2026-06-02,T0006,P012,37,portal
2026-06-02,T0006,P013,13,portal
2026-06-02,T0006,P014,69,portal
2026-06-02,T0006,P015,23,portal
2026-06-02,T0006,P016,83,portal
2026-06-02,T0006,P017,24,portal
2026-06-02,T0006,P018,13,portal
2026-06-02,T0006,P019,66,portal
2026-06-02,T0006,P020,18,portal
2026-06-02,T0007,P001,4,portal
2026-06-02,T0007,P002,25,portal
2026-06-02,T0007,P003,47,portal
2026-06-02,T0007,P004,47,portal
2026-06-02,T0007,P005,38,portal
2026-06-02,T0007,P006,46,portal
2026-06-02,T0007,P007,42,portal
2026-06-02,T0007,P008,25,portal
2026-06-02,T0007,P009,18,portal
2026-06-02,T0007,P010,38,portal
2026-06-02,T0007,P011,41,portal
2026-06-02,T0007,P012,20,portal
2026-06-02,T0007,P013,9,portal
2026-06-02,T0007,P014,33,portal
2026-06-02,T0007,P015,18,portal
2026-06-02,T0007,P016,47,portal
2026-06-02,T0007,P017,16,portal
2026-06-02,T0007,P018,8,portal
2026-06-02,T0007,P019,40,portal
2026-06-02,T0007,P020,8,portal
2026-06-02,T0008,P001,9,portal
2026-06-02,T0008,P002,43,portal
2026-06-02,T0008,P003,85,portal
2026-06-02,T0008,P004,76,portal
2026-06-02,T0008,P005,61,portal
2026-06-02,T0008,P006,79,portal
2026-06-02,T0008,P007,72,portal
2026-06-02,T0008,P008,47,portal
2026-06-02,T0008,P009,31,portal
2026-06-02,T0008,P010,65,portal
2026-06-02,T0008,P011,53,portal
2026-06-02,T0008,P012,35,portal
2026-06-02,T0008,P013,12,portal
2026-06-02,T0008,P014,59,portal
2026-06-02,T0008,P015,27,portal
2026-06-02,T0008,P016,72,portal
2026-06-02,T0008,P017,22,portal
2026-06-02,T0008,P018,15,portal
2026-06-02,T0008,P019,67,portal
2026-06-02,T0008,P020,16,portal
2026-06-02,T0009,P001,6,portal
2026-06-02,T0009,P002,24,portal
2026-06-02,T0009,P003,54,portal
2026-06-02,T0009,P004,47,portal
2026-06-02,T0009,P005,47,portal
2026-06-02,T0009,P006,43,portal
2026-06-02,T0009,P007,51,portal
2026-06-02,T0009,P008,29,portal
2026-06-02,T0009,P009,19,portal
2026-06-02,T0009,P010,48,portal
2026-06-02,T0009,P011,39,portal
2026-06-02,T0009,P012,24,portal
2026-06-02,T0009,P013,10,portal
2026-06-02,T0009,P014,39,portal
2026-06-02,T0009,P015,21,portal
2026-06-02,T0009,P016,49,portal
2026-06-02,T0009,P017,16,portal
2026-06-02,T0009,P018,10,portal
2026-06-02,T0009,P019,51,portal
2026-06-02,T0009,P020,14,portal
2026-06-02,T0010,P001,4,portal
2026-06-02,T0010,P002,16,portal
2026-06-02,T0010,P003,34,portal
2026-06-02,T0010,P004,28,portal
2026-06-02,T0010,P005,28,portal
2026-06-02,T0010,P006,30,portal
2026-06-02,T0010,P007,30,portal
2026-06-02,T0010,P008,19,portal
2026-06-02,T0010,P009,14,portal
2026-06-02,T0010,P010,31,portal
2026-06-02,T0010,P011,26,portal
2026-06-02,T0010,P012,16,portal
2026-06-02,T0010,P013,3,portal
2026-06-02,T0010,P014,20,portal
2026-06-02,T0010,P015,9,portal
2026-06-02,T0010,P016,30,portal
2026-06-02,T0010,P017,10,portal
2026-06-02,T0010,P018,5,portal
2026-06-02,T0010,P019,25,portal
2026-06-02,T0010,P020,7,portal
2026-06-02,T0011,P001,4,portal
2026-06-02,T0011,P002,10,portal
2026-06-02,T0011,P003,20,portal
2026-06-02,T0011,P004,19,portal
2026-06-02,T0011,P005,10,portal
2026-06-02,T0011,P006,19,portal
2026-06-02,T0011,P007,18,portal
2026-06-02,T0011,P008,12,portal
2026-06-02,T0011,P009,7,portal
2026-06-02,T0011,P010,14,portal
2026-06-02,T0011,P011,13,portal
2026-06-02,T0011,P012,7,portal
2026-06-02,T0011,P013,4,portal
2026-06-02,T0011,P014,13,portal
2026-06-02,T0011,P015,3,portal
2026-06-02,T0011,P016,15,portal
2026-06-02,T0011,P017,6,portal
2026-06-02,T0011,P018,4,portal
2026-06-02,T0011,P019,17,portal
2026-06-02,T0011,P020,4,portal
2026-06-02,T0012,P001,3,portal
2026-06-02,T0012,P002,9,portal
2026-06-02,T0012,P003,21,portal
2026-06-02,T0012,P004,19,portal
2026-06-02,T0012,P005,15,portal
2026-06-02,T0012,P006,19,portal
2026-06-02,T0012,P007,16,portal
2026-06-02,T0012,P008,12,portal
2026-06-02,T0012,P009,6,portal
2026-06-02,T0012,P010,13,portal
2026-06-02,T0012,P011,14,portal
2026-06-02,T0012,P012,9,portal
2026-06-02,T0012,P013,4,portal
2026-06-02,T0012,P014,16,portal
2026-06-02,T0012,P015,5,portal
2026-06-02,T0012,P016,19,portal
2026-06-02,T0012,P017,6,portal
2026-06-02,T0012,P018,3,portal
2026-06-02,T0012,P019,14,portal
2026-06-02,T0012,P020,2,portal
2026-06-02,T0013,P001,2,portal
2026-06-02,T0013,P002,15,portal
2026-06-02,T0013,P003,32,portal
2026-06-02,T0013,P004,26,portal
2026-06-02,T0013,P005,24,portal
2026-06-02,T0013,P006,32,portal
2026-06-02,T0013,P007,31,portal
2026-06-02,T0013,P008,20,portal
2026-06-02,T0013,P009,12,portal
2026-06-02,T0013,P010,29,portal
2026-06-02,T0013,P011,24,portal
2026-06-02,T0013,P012,15,portal
2026-06-02,T0013,P013,5,portal
2026-06-02,T0013,P014,25,portal
2026-06-02,T0013,P015,8,portal
2026-06-02,T0013,P016,36,portal
2026-06-02,T0013,P017,12,portal
2026-06-02,T0013,P018,7,portal
2026-06-02,T0013,P019,35,portal
2026-06-02,T0013,P020,7,portal
2026-06-02,T0014,P001,4,portal
2026-06-02,T0014,P002,15,portal
2026-06-02,T0014,P003,34,portal
2026-06-02,T0014,P004,28,portal
2026-06-02,T0014,P005,30,portal
2026-06-02,T0014,P006,27,portal
2026-06-02,T0014,P007,33,portal
2026-06-02,T0014,P008,21,portal
2026-06-02,T0014,P009,12,portal
2026-06-02,T0014,P010,32,portal
2026-06-02,T0014,P011,26,portal
2026-06-02,T0014,P012,16,portal
2026-06-02,T0014,P013,5,portal
2026-06-02,T0014,P014,26,portal
2026-06-02,T0014,P015,13,portal
2026-06-02,T0014,P016,35,portal
2026-06-02,T0014,P017,5,portal
2026-06-02,T0014,P018,6,portal
2026-06-02,T0014,P019,31,portal
2026-06-02,T0014,P020,8,portal
2026-06-02,T0021,P001,4,preventa
2026-06-02,T0021,P002,8,preventa
2026-06-02,T0021,P003,18,preventa
2026-06-02,T0021,P004,14,preventa
2026-06-02,T0021,P005,12,preventa
2026-06-02,T0021,P006,15,preventa
2026-06-02,T0021,P007,14,preventa
2026-06-02,T0021,P008,9,preventa
2026-06-02,T0021,P009,2,preventa
2026-06-02,T0021,P010,12,preventa
2026-06-02,T0021,P011,13,preventa
2026-06-02,T0021,P012,5,preventa
2026-06-02,T0021,P013,3,preventa
2026-06-02,T0021,P014,13,preventa
2026-06-02,T0021,P015,5,preventa
2026-06-02,T0021,P016,13,preventa
2026-06-02,T0021,P017,5,preventa
2026-06-02,T0021,P018,3,preventa
2026-06-02,T0021,P019,15,preventa
2026-06-02,T0021,P020,4,preventa
2026-06-02,T0024,P001,4,preventa
2026-06-02,T0024,P002,6,preventa
2026-06-02,T0024,P003,12,preventa
2026-06-02,T0024,P004,14,preventa
2026-06-02,T0024,P005,11,preventa
2026-06-02,T0024,P006,14,preventa
2026-06-02,T0024,P007,13,preventa
2026-06-02,T0024,P008,5,preventa
2026-06-02,T0024,P009,6,preventa
2026-06-02,T0024,P010,15,preventa
2026-06-02,T0024,P011,9,preventa
2026-06-02,T0024,P012,5,preventa
2026-06-02,T0024,P013,4,preventa
2026-06-02,T0024,P014,11,preventa
2026-06-02,T0024,P015,4,preventa
2026-06-02,T0024,P016,13,preventa
2026-06-02,T0024,P017,5,preventa
2026-06-02,T0024,P018,3,preventa
2026-06-02,T0024,P019,11,preventa
2026-06-02,T0024,P020,4,preventa
2026-06-02,T0027,P001,4,preventa
2026-06-02,T0027,P002,8,preventa
2026-06-02,T0027,P003,13,preventa
2026-06-02,T0027,P004,14,preventa
2026-06-02,T0027,P005,12,preventa
2026-06-02,T0027,P006,15,preventa
2026-06-02,T0027,P007,17,preventa
2026-06-02,T0027,P008,8,preventa
2026-06-02,T0027,P009,4,preventa
2026-06-02,T0027,P010,11,preventa
2026-06-02,T0027,P011,11,preventa
2026-06-02,T0027,P012,5,preventa
2026-06-02,T0027,P013,4,preventa
2026-06-02,T0027,P014,9,preventa
2026-06-02,T0027,P015,5,preventa
2026-06-02,T0027,P016,14,preventa
2026-06-02,T0027,P017,4,preventa
2026-06-02,T0027,P018,4,preventa
2026-06-02,T0027,P019,14,preventa
2026-06-02,T0027,P020,4,preventa
2026-06-02,T0034,P001,4,preventa
2026-06-02,T0034,P002,6,preventa
2026-06-02,T0034,P003,14,preventa
2026-06-02,T0034,P004,14,preventa
2026-06-02,T0034,P005,12,preventa
2026-06-02,T0034,P006,17,preventa
2026-06-02,T0034,P007,13,preventa
2026-06-02,T0034,P008,9,preventa
2026-06-02,T0034,P009,5,preventa
2026-06-02,T0034,P010,13,preventa
2026-06-02,T0034,P011,11,preventa
2026-06-02,T0034,P012,6,preventa
2026-06-02,T0034,P013,4,preventa
2026-06-02,T0034,P014,8,preventa
2026-06-02,T0034,P015,4,preventa
2026-06-02,T0034,P016,15,preventa
2026-06-02,T0034,P017,4,preventa
2026-06-02,T0034,P018,4,preventa
2026-06-02,T0034,P019,15,preventa
2026-06-02,T0034,P020,4,preventa
2026-06-02,T0040,P001,4,preventa
2026-06-02,T0040,P002,11,preventa
2026-06-02,T0040,P003,23,preventa
2026-06-02,T0040,P004,21,preventa
2026-06-02,T0040,P005,20,preventa
2026-06-02,T0040,P006,22,preventa
2026-06-02,T0040,P007,20,preventa
2026-06-02,T0040,P008,11,preventa
2026-06-02,T0040,P009,9,preventa
2026-06-02,T0040,P010,18,preventa
2026-06-02,T0040,P011,14,preventa
2026-06-02,T0040,P012,12,preventa
2026-06-02,T0040,P013,4,preventa
2026-06-02,T0040,P014,18,preventa
2026-06-02,T0040,P015,3,preventa
2026-06-02,T0040,P016,19,preventa
2026-06-02,T0040,P017,6,preventa
2026-06-02,T0040,P018,5,preventa
2026-06-02,T0040,P019,18,preventa
2026-06-02,T0040,P020,6,preventa
2026-06-03,T0001,P001,3,portal
2026-06-03,T0001,P002,13,portal
2026-06-03,T0001,P003,20,portal
2026-06-03,T0001,P004,25,portal
2026-06-03,T0001,P005,19,portal
2026-06-03,T0001,P006,22,portal
2026-06-03,T0001,P007,18,portal
2026-06-03,T0001,P008,14,portal
2026-06-03,T0001,P009,9,portal
2026-06-03,T0001,P010,24,portal
2026-06-03,T0001,P011,16,portal
2026-06-03,T0001,P012,11,portal
2026-06-03,T0001,P013,4,portal
2026-06-03,T0001,P014,18,portal
2026-06-03,T0001,P015,10,portal
2026-06-03,T0001,P016,25,portal
2026-06-03,T0001,P017,9,portal
2026-06-03,T0001,P018,4,portal
2026-06-03,T0001,P019,19,portal
2026-06-03,T0001,P020,6,portal
2026-06-03,T0002,P001,4,portal
2026-06-03,T0002,P002,23,portal
2026-06-03,T0002,P003,42,portal
2026-06-03,T0002,P004,39,portal
2026-06-03,T0002,P005,33,portal
2026-06-03,T0002,P006,40,portal
2026-06-03,T0002,P007,42,portal
2026-06-03,T0002,P008,25,portal
2026-06-03,T0002,P009,17,portal
2026-06-03,T0002,P010,40,portal
2026-06-03,T0002,P011,26,portal
2026-06-03,T0002,P012,19,portal
2026-06-03,T0002,P013,7,portal
2026-06-03,T0002,P014,38,portal
2026-06-03,T0002,P015,10,portal
2026-06-03,T0002,P016,37,portal
2026-06-03,T0002,P017,12,portal
2026-06-03,T0002,P018,6,portal
2026-06-03,T0002,P019,38,portal
2026-06-03,T0002,P020,6,portal
2026-06-03,T0003,P001,4,portal
2026-06-03,T0003,P002,13,portal
2026-06-03,T0003,P003,26,portal
2026-06-03,T0003,P004,24,portal
2026-06-03,T0003,P005,15,portal
2026-06-03,T0003,P006,21,portal
2026-06-03,T0003,P007,19,portal
2026-06-03,T0003,P008,12,portal
2026-06-03,T0003,P009,10,portal
2026-06-03,T0003,P010,15,portal
2026-06-03,T0003,P011,17,portal
2026-06-03,T0003,P012,11,portal
2026-06-03,T0003,P013,2,portal
2026-06-03,T0003,P014,18,portal
2026-06-03,T0003,P015,7,portal
2026-06-03,T0003,P016,22,portal
2026-06-03,T0003,P017,6,portal
2026-06-03,T0003,P018,5,portal
2026-06-03,T0003,P019,21,portal
2026-06-03,T0003,P020,5,portal
2026-06-03,T0004,P001,4,portal
2026-06-03,T0004,P002,13,portal
2026-06-03,T0004,P003,24,portal
2026-06-03,T0004,P004,20,portal
2026-06-03,T0004,P005,19,portal
2026-06-03,T0004,P006,25,portal
2026-06-03,T0004,P007,22,portal
2026-06-03,T0004,P008,14,portal
2026-06-03,T0004,P009,7,portal
2026-06-03,T0004,P010,18,portal
2026-06-03,T0004,P011,14,portal
2026-06-03,T0004,P012,6,portal
2026-06-03,T0004,P013,2,portal
2026-06-03,T0004,P014,22,portal
2026-06-03,T0004,P015,7,portal
2026-06-03,T0004,P016,26,portal
2026-06-03,T0004,P017,7,portal
2026-06-03,T0004,P018,4,portal
2026-06-03,T0004,P019,24,portal
2026-06-03,T0004,P020,5,portal
2026-06-03,T0005,P001,3,portal
2026-06-03,T0005,P002,10,portal
2026-06-03,T0005,P003,24,portal
2026-06-03,T0005,P004,19,portal
2026-06-03,T0005,P005,19,portal
2026-06-03,T0005,P006,20,portal
2026-06-03,T0005,P007,26,portal
2026-06-03,T0005,P008,11,portal
2026-06-03,T0005,P009,9,portal
2026-06-03,T0005,P010,22,portal
2026-06-03,T0005,P011,15,portal
2026-06-03,T0005,P012,12,portal
2026-06-03,T0005,P013,5,portal
2026-06-03,T0005,P014,18,portal
2026-06-03,T0005,P015,7,portal
2026-06-03,T0005,P016,26,portal
2026-06-03,T0005,P017,7,portal
2026-06-03,T0005,P018,6,portal
2026-06-03,T0005,P019,23,portal
2026-06-03,T0005,P020,5,portal
2026-06-03,T0006,P001,7,portal
2026-06-03,T0006,P002,33,portal
2026-06-03,T0006,P003,75,portal
2026-06-03,T0006,P004,62,portal
2026-06-03,T0006,P005,59,portal
2026-06-03,T0006,P006,57,portal
2026-06-03,T0006,P007,70,portal
2026-06-03,T0006,P008,40,portal
2026-06-03,T0006,P009,21,portal
2026-06-03,T0006,P010,61,portal
2026-06-03,T0006,P011,53,portal
2026-06-03,T0006,P012,34,portal
2026-06-03,T0006,P013,8,portal
2026-06-03,T0006,P014,61,portal
2026-06-03,T0006,P015,21,portal
2026-06-03,T0006,P016,78,portal
2026-06-03,T0006,P017,22,portal
2026-06-03,T0006,P018,10,portal
2026-06-03,T0006,P019,58,portal
2026-06-03,T0006,P020,17,portal
2026-06-03,T0007,P001,3,portal
2026-06-03,T0007,P002,24,portal
2026-06-03,T0007,P003,38,portal
2026-06-03,T0007,P004,43,portal
2026-06-03,T0007,P005,29,portal
2026-06-03,T0007,P006,44,portal
2026-06-03,T0007,P007,38,portal
2026-06-03,T0007,P008,20,portal
2026-06-03,T0007,P009,15,portal
2026-06-03,T0007,P010,34,portal
2026-06-03,T0007,P011,39,portal
2026-06-03,T0007,P012,20,portal
2026-06-03,T0007,P013,9,portal
2026-06-03,T0007,P014,28,portal
2026-06-03,T0007,P015,16,portal
2026-06-03,T0007,P016,34,portal
2026-06-03,T0007,P017,14,portal
2026-06-03,T0007,P018,6,portal
2026-06-03,T0007,P019,34,portal
2026-06-03,T0007,P020,6,portal
2026-06-03,T0008,P001,8,portal
2026-06-03,T0008,P002,37,portal
2026-06-03,T0008,P003,83,portal
2026-06-03,T0008,P004,62,portal
2026-06-03,T0008,P005,52,portal
2026-06-03,T0008,P006,74,portal
2026-06-03,T0008,P007,60,portal
2026-06-03,T0008,P008,42,portal
2026-06-03,T0008,P009,25,portal
2026-06-03,T0008,P010,56,portal
2026-06-03,T0008,P011,47,portal
2026-06-03,T0008,P012,31,portal
2026-06-03,T0008,P013,12,portal
2026-06-03,T0008,P014,54,portal
2026-06-03,T0008,P015,21,portal
2026-06-03,T0008,P016,63,portal
2026-06-03,T0008,P017,21,portal
2026-06-03,T0008,P018,14,portal
2026-06-03,T0008,P019,61,portal
2026-06-03,T0008,P020,14,portal
2026-06-03,T0009,P001,6,portal
2026-06-03,T0009,P002,23,portal
2026-06-03,T0009,P003,52,portal
2026-06-03,T0009,P004,39,portal
2026-06-03,T0009,P005,43,portal
2026-06-03,T0009,P006,35,portal
2026-06-03,T0009,P007,46,portal
2026-06-03,T0009,P008,25,portal
2026-06-03,T0009,P009,15,portal
2026-06-03,T0009,P010,46,portal
2026-06-03,T0009,P011,36,portal
2026-06-03,T0009,P012,23,portal
2026-06-03,T0009,P013,10,portal
2026-06-03,T0009,P014,35,portal
2026-06-03,T0009,P015,19,portal
2026-06-03,T0009,P016,44,portal
2026-06-03,T0009,P017,14,portal
2026-06-03,T0009,P018,9,portal
2026-06-03,T0009,P019,43,portal
2026-06-03,T0009,P020,11,portal
2026-06-03,T0010,P001,4,portal
2026-06-03,T0010,P002,15,portal
2026-06-03,T0010,P003,32,portal
2026-06-03,T0010,P004,26,portal
2026-06-03,T0010,P005,26,portal
2026-06-03,T0010,P006,28,portal
2026-06-03,T0010,P007,27,portal
2026-06-03,T0010,P008,17,portal
2026-06-03,T0010,P009,14,portal
2026-06-03,T0010,P010,27,portal
2026-06-03,T0010,P011,24,portal
2026-06-03,T0010,P012,14,portal
2026-06-03,T0010,P013,2,portal
2026-06-03,T0010,P014,15,portal
2026-06-03,T0010,P015,9,portal
2026-06-03,T0010,P016,28,portal
2026-06-03,T0010,P017,10,portal
2026-06-03,T0010,P018,5,portal
2026-06-03,T0010,P019,24,portal
2026-06-03,T0010,P020,4,portal
2026-06-03,T0011,P001,4,portal
2026-06-03,T0011,P002,8,portal
2026-06-03,T0011,P003,14,portal
2026-06-03,T0011,P004,16,portal
2026-06-03,T0011,P005,6,portal
2026-06-03,T0011,P006,16,portal
2026-06-03,T0011,P007,11,portal
2026-06-03,T0011,P008,9,portal
2026-06-03,T0011,P009,7,portal
2026-06-03,T0011,P010,12,portal
2026-06-03,T0011,P011,11,portal
2026-06-03,T0011,P012,7,portal
2026-06-03,T0011,P013,4,portal
2026-06-03,T0011,P014,10,portal
2026-06-03,T0011,P015,2,portal
2026-06-03,T0011,P016,11,portal
2026-06-03,T0011,P017,5,portal
2026-06-03,T0011,P018,3,portal
2026-06-03,T0011,P019,14,portal
2026-06-03,T0011,P020,4,portal
2026-06-03,T0012,P001,2,portal
2026-06-03,T0012,P002,7,portal
2026-06-03,T0012,P003,18,portal
2026-06-03,T0012,P004,17,portal
2026-06-03,T0012,P005,13,portal
2026-06-03,T0012,P006,15,portal
2026-06-03,T0012,P007,16,portal
2026-06-03,T0012,P008,10,portal
2026-06-03,T0012,P009,5,portal
2026-06-03,T0012,P010,13,portal
2026-06-03,T0012,P011,12,portal
2026-06-03,T0012,P012,9,portal
2026-06-03,T0012,P013,3,portal
2026-06-03,T0012,P014,13,portal
2026-06-03,T0012,P015,5,portal
2026-06-03,T0012,P016,18,portal
2026-06-03,T0012,P017,6,portal
2026-06-03,T0012,P018,3,portal
2026-06-03,T0012,P019,12,portal
2026-06-03,T0012,P020,2,portal
2026-06-03,T0013,P001,2,portal
2026-06-03,T0013,P002,12,portal
2026-06-03,T0013,P003,27,portal
2026-06-03,T0013,P004,23,portal
2026-06-03,T0013,P005,22,portal
2026-06-03,T0013,P006,29,portal
2026-06-03,T0013,P007,27,portal
2026-06-03,T0013,P008,15,portal
2026-06-03,T0013,P009,11,portal
2026-06-03,T0013,P010,26,portal
2026-06-03,T0013,P011,24,portal
2026-06-03,T0013,P012,15,portal
2026-06-03,T0013,P013,5,portal
2026-06-03,T0013,P014,23,portal
2026-06-03,T0013,P015,7,portal
2026-06-03,T0013,P016,33,portal
2026-06-03,T0013,P017,12,portal
2026-06-03,T0013,P018,7,portal
2026-06-03,T0013,P019,33,portal
2026-06-03,T0013,P020,7,portal
2026-06-03,T0014,P001,4,portal
2026-06-03,T0014,P002,12,portal
2026-06-03,T0014,P003,29,portal
2026-06-03,T0014,P004,24,portal
2026-06-03,T0014,P005,29,portal
2026-06-03,T0014,P006,20,portal
2026-06-03,T0014,P007,28,portal
2026-06-03,T0014,P008,17,portal
2026-06-03,T0014,P009,11,portal
2026-06-03,T0014,P010,27,portal
2026-06-03,T0014,P011,24,portal
2026-06-03,T0014,P012,15,portal
2026-06-03,T0014,P013,4,portal
2026-06-03,T0014,P014,23,portal
2026-06-03,T0014,P015,12,portal
2026-06-03,T0014,P016,33,portal
2026-06-03,T0014,P017,3,portal
2026-06-03,T0014,P018,6,portal
2026-06-03,T0014,P019,30,portal
2026-06-03,T0014,P020,8,portal
2026-06-03,T0023,P001,4,preventa
2026-06-03,T0023,P002,3,preventa
2026-06-03,T0023,P003,5,preventa
2026-06-03,T0023,P004,5,preventa
2026-06-03,T0023,P005,5,preventa
2026-06-03,T0023,P006,6,preventa
2026-06-03,T0023,P007,5,preventa
2026-06-03,T0023,P008,2,preventa
2026-06-03,T0023,P009,2,preventa
2026-06-03,T0023,P010,3,preventa
2026-06-03,T0023,P011,3,preventa
2026-06-03,T0023,P012,3,preventa
2026-06-03,T0023,P013,4,preventa
2026-06-03,T0023,P014,3,preventa
2026-06-03,T0023,P015,4,preventa
2026-06-03,T0023,P016,6,preventa
2026-06-03,T0023,P017,4,preventa
2026-06-03,T0023,P018,4,preventa
2026-06-03,T0023,P019,8,preventa
2026-06-03,T0023,P020,4,preventa
2026-06-03,T0026,P001,4,preventa
2026-06-03,T0026,P002,1,preventa
2026-06-03,T0026,P003,8,preventa
2026-06-03,T0026,P004,7,preventa
2026-06-03,T0026,P005,5,preventa
2026-06-03,T0026,P006,8,preventa
2026-06-03,T0026,P007,6,preventa
2026-06-03,T0026,P008,5,preventa
2026-06-03,T0026,P009,2,preventa
2026-06-03,T0026,P010,7,preventa
2026-06-03,T0026,P011,7,preventa
2026-06-03,T0026,P012,4,preventa
2026-06-03,T0026,P013,1,preventa
2026-06-03,T0026,P014,7,preventa
2026-06-03,T0026,P015,4,preventa
2026-06-03,T0026,P016,8,preventa
2026-06-03,T0026,P017,4,preventa
2026-06-03,T0026,P018,4,preventa
2026-06-03,T0026,P019,5,preventa
2026-06-03,T0026,P020,3,preventa
2026-06-03,T0029,P001,3,preventa
2026-06-03,T0029,P002,6,preventa
2026-06-03,T0029,P003,15,preventa
2026-06-03,T0029,P004,13,preventa
2026-06-03,T0029,P005,8,preventa
2026-06-03,T0029,P006,11,preventa
2026-06-03,T0029,P007,14,preventa
2026-06-03,T0029,P008,8,preventa
2026-06-03,T0029,P009,5,preventa
2026-06-03,T0029,P010,14,preventa
2026-06-03,T0029,P011,10,preventa
2026-06-03,T0029,P012,5,preventa
2026-06-03,T0029,P013,4,preventa
2026-06-03,T0029,P014,11,preventa
2026-06-03,T0029,P015,4,preventa
2026-06-03,T0029,P016,12,preventa
2026-06-03,T0029,P017,5,preventa
2026-06-03,T0029,P018,3,preventa
2026-06-03,T0029,P019,13,preventa
2026-06-03,T0029,P020,3,preventa
2026-06-03,T0036,P001,4,preventa
2026-06-03,T0036,P002,3,preventa
2026-06-03,T0036,P003,6,preventa
2026-06-03,T0036,P004,8,preventa
2026-06-03,T0036,P005,7,preventa
2026-06-03,T0036,P006,3,preventa
2026-06-03,T0036,P007,7,preventa
2026-06-03,T0036,P008,5,preventa
2026-06-03,T0036,P009,4,preventa
2026-06-03,T0036,P010,5,preventa
2026-06-03,T0036,P011,5,preventa
2026-06-03,T0036,P012,3,preventa
2026-06-03,T0036,P013,4,preventa
2026-06-03,T0036,P014,3,preventa
2026-06-03,T0036,P015,4,preventa
2026-06-03,T0036,P016,7,preventa
2026-06-03,T0036,P017,2,preventa
2026-06-03,T0036,P018,4,preventa
2026-06-03,T0036,P019,7,preventa
2026-06-03,T0036,P020,4,preventa
2026-06-03,T0038,P001,4,preventa
2026-06-03,T0038,P002,7,preventa
2026-06-03,T0038,P003,15,preventa
2026-06-03,T0038,P004,10,preventa
2026-06-03,T0038,P005,12,preventa
2026-06-03,T0038,P006,10,preventa
2026-06-03,T0038,P007,12,preventa
2026-06-03,T0038,P008,5,preventa
2026-06-03,T0038,P009,3,preventa
2026-06-03,T0038,P010,10,preventa
2026-06-03,T0038,P011,10,preventa
2026-06-03,T0038,P012,5,preventa
2026-06-03,T0038,P013,3,preventa
2026-06-03,T0038,P014,5,preventa
2026-06-03,T0038,P015,1,preventa
2026-06-03,T0038,P016,7,preventa
2026-06-03,T0038,P017,3,preventa
2026-06-03,T0038,P018,2,preventa
2026-06-03,T0038,P019,8,preventa
2026-06-03,T0038,P020,3,preventa
2026-06-03,T0039,P001,4,preventa
2026-06-03,T0039,P002,7,preventa
2026-06-03,T0039,P003,20,preventa
2026-06-03,T0039,P004,21,preventa
2026-06-03,T0039,P005,19,preventa
2026-06-03,T0039,P006,17,preventa
2026-06-03,T0039,P007,21,preventa
2026-06-03,T0039,P008,10,preventa
2026-06-03,T0039,P009,2,preventa
2026-06-03,T0039,P010,21,preventa
2026-06-03,T0039,P011,12,preventa
2026-06-03,T0039,P012,11,preventa
2026-06-03,T0039,P013,2,preventa
2026-06-03,T0039,P014,20,preventa
2026-06-03,T0039,P015,8,preventa
2026-06-03,T0039,P016,22,preventa
2026-06-03,T0039,P017,4,preventa
2026-06-03,T0039,P018,5,preventa
2026-06-03,T0039,P019,18,preventa
2026-06-03,T0039,P020,6,preventa
2026-06-04,T0001,P001,3,portal
2026-06-04,T0001,P002,12,portal
2026-06-04,T0001,P003,19,portal
2026-06-04,T0001,P004,24,portal
2026-06-04,T0001,P005,15,portal
2026-06-04,T0001,P006,19,portal
2026-06-04,T0001,P007,17,portal
2026-06-04,T0001,P008,14,portal
2026-06-04,T0001,P009,6,portal
2026-06-04,T0001,P010,20,portal
2026-06-04,T0001,P011,15,portal
2026-06-04,T0001,P012,10,portal
2026-06-04,T0001,P013,4,portal
2026-06-04,T0001,P014,13,portal
2026-06-04,T0001,P015,9,portal
2026-06-04,T0001,P016,21,portal
2026-06-04,T0001,P017,7,portal
2026-06-04,T0001,P018,4,portal
2026-06-04,T0001,P019,15,portal
2026-06-04,T0001,P020,6,portal
2026-06-04,T0002,P001,4,portal
2026-06-04,T0002,P002,21,portal
2026-06-04,T0002,P003,33,portal
2026-06-04,T0002,P004,33,portal
2026-06-04,T0002,P005,31,portal
2026-06-04,T0002,P006,35,portal
2026-06-04,T0002,P007,38,portal
2026-06-04,T0002,P008,22,portal
2026-06-04,T0002,P009,14,portal
2026-06-04,T0002,P010,38,portal
2026-06-04,T0002,P011,23,portal
2026-06-04,T0002,P012,17,portal
2026-06-04,T0002,P013,7,portal
2026-06-04,T0002,P014,33,portal
2026-06-04,T0002,P015,10,portal
2026-06-04,T0002,P016,32,portal
2026-06-04,T0002,P017,10,portal
2026-06-04,T0002,P018,6,portal
2026-06-04,T0002,P019,35,portal
2026-06-04,T0002,P020,5,portal
2026-06-04,T0003,P001,3,portal
2026-06-04,T0003,P002,8,portal
2026-06-04,T0003,P003,22,portal
2026-06-04,T0003,P004,23,portal
2026-06-04,T0003,P005,12,portal
2026-06-04,T0003,P006,19,portal
2026-06-04,T0003,P007,15,portal
2026-06-04,T0003,P008,11,portal
2026-06-04,T0003,P009,10,portal
2026-06-04,T0003,P010,13,portal
2026-06-04,T0003,P011,14,portal
2026-06-04,T0003,P012,11,portal
2026-06-04,T0003,P013,0,portal
2026-06-04,T0003,P014,17,portal
2026-06-04,T0003,P015,7,portal
2026-06-04,T0003,P016,19,portal
2026-06-04,T0003,P017,6,portal
2026-06-04,T0003,P018,3,portal
2026-06-04,T0003,P019,19,portal
2026-06-04,T0003,P020,5,portal
2026-06-04,T0004,P001,4,portal
2026-06-04,T0004,P002,11,portal
2026-06-04,T0004,P003,21,portal
2026-06-04,T0004,P004,19,portal
2026-06-04,T0004,P005,17,portal
2026-06-04,T0004,P006,24,portal
2026-06-04,T0004,P007,19,portal
2026-06-04,T0004,P008,13,portal
2026-06-04,T0004,P009,6,portal
2026-06-04,T0004,P010,16,portal
2026-06-04,T0004,P011,13,portal
2026-06-04,T0004,P012,5,portal
2026-06-04,T0004,P013,2,portal
2026-06-04,T0004,P014,20,portal
2026-06-04,T0004,P015,5,portal
2026-06-04,T0004,P016,24,portal
2026-06-04,T0004,P017,7,portal
2026-06-04,T0004,P018,4,portal
2026-06-04,T0004,P019,21,portal
2026-06-04,T0004,P020,4,portal
2026-06-04,T0005,P001,3,portal
2026-06-04,T0005,P002,7,portal
2026-06-04,T0005,P003,23,portal
2026-06-04,T0005,P004,17,portal
2026-06-04,T0005,P005,15,portal
2026-06-04,T0005,P006,18,portal
2026-06-04,T0005,P007,26,portal
2026-06-04,T0005,P008,9,portal
2026-06-04,T0005,P009,8,portal
2026-06-04,T0005,P010,21,portal
2026-06-04,T0005,P011,15,portal
2026-06-04,T0005,P012,11,portal
2026-06-04,T0005,P013,5,portal
2026-06-04,T0005,P014,13,portal
2026-06-04,T0005,P015,6,portal
2026-06-04,T0005,P016,23,portal
2026-06-04,T0005,P017,7,portal
2026-06-04,T0005,P018,5,portal
2026-06-04,T0005,P019,22,portal
2026-06-04,T0005,P020,4,portal
2026-06-04,T0006,P001,7,portal
2026-06-04,T0006,P002,31,portal
2026-06-04,T0006,P003,59,portal
2026-06-04,T0006,P004,55,portal
2026-06-04,T0006,P005,54,portal
2026-06-04,T0006,P006,49,portal
2026-06-04,T0006,P007,60,portal
2026-06-04,T0006,P008,35,portal
2026-06-04,T0006,P009,17,portal
2026-06-04,T0006,P010,50,portal
2026-06-04,T0006,P011,48,portal
2026-06-04,T0006,P012,30,portal
2026-06-04,T0006,P013,7,portal
2026-06-04,T0006,P014,52,portal
2026-06-04,T0006,P015,20,portal
2026-06-04,T0006,P016,74,portal
2026-06-04,T0006,P017,19,portal
2026-06-04,T0006,P018,9,portal
2026-06-04,T0006,P019,52,portal
2026-06-04,T0006,P020,17,portal
2026-06-04,T0007,P001,1,portal
2026-06-04,T0007,P002,22,portal
2026-06-04,T0007,P003,34,portal
2026-06-04,T0007,P004,40,portal
2026-06-04,T0007,P005,24,portal
2026-06-04,T0007,P006,41,portal
2026-06-04,T0007,P007,36,portal
2026-06-04,T0007,P008,17,portal
2026-06-04,T0007,P009,12,portal
2026-06-04,T0007,P010,27,portal
2026-06-04,T0007,P011,37,portal
2026-06-04,T0007,P012,19,portal
2026-06-04,T0007,P013,9,portal
2026-06-04,T0007,P014,22,portal
2026-06-04,T0007,P015,16,portal
2026-06-04,T0007,P016,29,portal
2026-06-04,T0007,P017,13,portal
2026-06-04,T0007,P018,3,portal
2026-06-04,T0007,P019,26,portal
2026-06-04,T0007,P020,5,portal
2026-06-04,T0008,P001,6,portal
2026-06-04,T0008,P002,33,portal
2026-06-04,T0008,P003,73,portal
2026-06-04,T0008,P004,54,portal
2026-06-04,T0008,P005,41,portal
2026-06-04,T0008,P006,68,portal
2026-06-04,T0008,P007,56,portal
2026-06-04,T0008,P008,34,portal
2026-06-04,T0008,P009,23,portal
2026-06-04,T0008,P010,50,portal
2026-06-04,T0008,P011,39,portal
2026-06-04,T0008,P012,29,portal
2026-06-04,T0008,P013,12,portal
2026-06-04,T0008,P014,49,portal
2026-06-04,T0008,P015,17,portal
2026-06-04,T0008,P016,62,portal
2026-06-04,T0008,P017,17,portal
2026-06-04,T0008,P018,11,portal
2026-06-04,T0008,P019,50,portal
2026-06-04,T0008,P020,12,portal
2026-06-04,T0009,P001,5,portal
2026-06-04,T0009,P002,20,portal
2026-06-04,T0009,P003,44,portal
2026-06-04,T0009,P004,33,portal
2026-06-04,T0009,P005,42,portal
2026-06-04,T0009,P006,27,portal
2026-06-04,T0009,P007,40,portal
2026-06-04,T0009,P008,23,portal
2026-06-04,T0009,P009,14,portal
2026-06-04,T0009,P010,42,portal
2026-06-04,T0009,P011,32,portal
2026-06-04,T0009,P012,21,portal
2026-06-04,T0009,P013,10,portal
2026-06-04,T0009,P014,24,portal
2026-06-04,T0009,P015,18,portal
2026-06-04,T0009,P016,38,portal
2026-06-04,T0009,P017,13,portal
2026-06-04,T0009,P018,7,portal
2026-06-04,T0009,P019,39,portal
2026-06-04,T0009,P020,8,portal
2026-06-04,T0010,P001,4,portal
2026-06-04,T0010,P002,11,portal
2026-06-04,T0010,P003,31,portal
2026-06-04,T0010,P004,24,portal
2026-06-04,T0010,P005,24,portal
2026-06-04,T0010,P006,27,portal
2026-06-04,T0010,P007,25,portal
2026-06-04,T0010,P008,14,portal
2026-06-04,T0010,P009,13,portal
2026-06-04,T0010,P010,23,portal
2026-06-04,T0010,P011,22,portal
2026-06-04,T0010,P012,14,portal
2026-06-04,T0010,P013,0,portal
2026-06-04,T0010,P014,7,portal
2026-06-04,T0010,P015,8,portal
2026-06-04,T0010,P016,25,portal
2026-06-04,T0010,P017,9,portal
2026-06-04,T0010,P018,5,portal
2026-06-04,T0010,P019,18,portal
2026-06-04,T0010,P020,3,portal
2026-06-04,T0011,P001,4,portal
2026-06-04,T0011,P002,7,portal
2026-06-04,T0011,P003,13,portal
2026-06-04,T0011,P004,12,portal
2026-06-04,T0011,P005,6,portal
2026-06-04,T0011,P006,15,portal
2026-06-04,T0011,P007,11,portal
2026-06-04,T0011,P008,7,portal
2026-06-04,T0011,P009,6,portal
2026-06-04,T0011,P010,11,portal
2026-06-04,T0011,P011,10,portal
2026-06-04,T0011,P012,6,portal
2026-06-04,T0011,P013,4,portal
2026-06-04,T0011,P014,8,portal
2026-06-04,T0011,P015,0,portal
2026-06-04,T0011,P016,9,portal
2026-06-04,T0011,P017,3,portal
2026-06-04,T0011,P018,3,portal
2026-06-04,T0011,P019,12,portal
2026-06-04,T0011,P020,3,portal
2026-06-04,T0012,P001,1,portal
2026-06-04,T0012,P002,6,portal
2026-06-04,T0012,P003,18,portal
2026-06-04,T0012,P004,15,portal
2026-06-04,T0012,P005,12,portal
2026-06-04,T0012,P006,13,portal
2026-06-04,T0012,P007,15,portal
2026-06-04,T0012,P008,9,portal
2026-06-04,T0012,P009,3,portal
2026-06-04,T0012,P010,11,portal
2026-06-04,T0012,P011,8,portal
2026-06-04,T0012,P012,7,portal
2026-06-04,T0012,P013,3,portal
2026-06-04,T0012,P014,13,portal
2026-06-04,T0012,P015,4,portal
2026-06-04,T0012,P016,15,portal
2026-06-04,T0012,P017,6,portal
2026-06-04,T0012,P018,3,portal
2026-06-04,T0012,P019,9,portal
2026-06-04,T0012,P020,2,portal
2026-06-04,T0013,P001,0,portal
2026-06-04,T0013,P002,10,portal
2026-06-04,T0013,P003,24,portal
2026-06-04,T0013,P004,14,portal
2026-06-04,T0013,P005,22,portal
2026-06-04,T0013,P006,21,portal
2026-06-04,T0013,P007,22,portal
2026-06-04,T0013,P008,12,portal
2026-06-04,T0013,P009,10,portal
2026-06-04,T0013,P010,24,portal
2026-06-04,T0013,P011,20,portal
2026-06-04,T0013,P012,13,portal
2026-06-04,T0013,P013,5,portal
2026-06-04,T0013,P014,18,portal
2026-06-04,T0013,P015,7,portal
2026-06-04,T0013,P016,31,portal
2026-06-04,T0013,P017,12,portal
2026-06-04,T0013,P018,6,portal
2026-06-04,T0013,P019,28,portal
2026-06-04,T0013,P020,6,portal
2026-06-04,T0014,P001,4,portal
2026-06-04,T0014,P002,10,portal
2026-06-04,T0014,P003,24,portal
2026-06-04,T0014,P004,19,portal
2026-06-04,T0014,P005,27,portal
2026-06-04,T0014,P006,18,portal
2026-06-04,T0014,P007,24,portal
2026-06-04,T0014,P008,12,portal
2026-06-04,T0014,P009,11,portal
2026-06-04,T0014,P010,25,portal
2026-06-04,T0014,P011,21,portal
2026-06-04,T0014,P012,14,portal
2026-06-04,T0014,P013,3,portal
2026-06-04,T0014,P014,20,portal
2026-06-04,T0014,P015,11,portal
2026-06-04,T0014,P016,30,portal
2026-06-04,T0014,P017,2,portal
2026-06-04,T0014,P018,5,portal
2026-06-04,T0014,P019,28,portal
2026-06-04,T0014,P020,8,portal
2026-06-04,T0018,P001,4,preventa
2026-06-04,T0018,P002,8,preventa
2026-06-04,T0018,P003,16,preventa
2026-06-04,T0018,P004,13,preventa
2026-06-04,T0018,P005,9,preventa
2026-06-04,T0018,P006,16,preventa
2026-06-04,T0018,P007,9,preventa
2026-06-04,T0018,P008,1,preventa
2026-06-04,T0018,P009,5,preventa
2026-06-04,T0018,P010,13,preventa
2026-06-04,T0018,P011,7,preventa
2026-06-04,T0018,P012,3,preventa
2026-06-04,T0018,P013,4,preventa
2026-06-04,T0018,P014,9,preventa
2026-06-04,T0018,P015,2,preventa
2026-06-04,T0018,P016,9,preventa
2026-06-04,T0018,P017,3,preventa
2026-06-04,T0018,P018,4,preventa
2026-06-04,T0018,P019,7,preventa
2026-06-04,T0018,P020,3,preventa
2026-06-04,T0019,P001,4,preventa
2026-06-04,T0019,P002,9,preventa
2026-06-04,T0019,P003,12,preventa
2026-06-04,T0019,P004,13,preventa
2026-06-04,T0019,P005,10,preventa
2026-06-04,T0019,P006,19,preventa
2026-06-04,T0019,P007,19,preventa
2026-06-04,T0019,P008,13,preventa
2026-06-04,T0019,P009,10,preventa
2026-06-04,T0019,P010,6,preventa
2026-06-04,T0019,P011,7,preventa
2026-06-04,T0019,P012,9,preventa
2026-06-04,T0019,P013,2,preventa
2026-06-04,T0019,P014,14,preventa
2026-06-04,T0019,P015,7,preventa
2026-06-04,T0019,P016,18,preventa
2026-06-04,T0019,P017,6,preventa
2026-06-04,T0019,P018,4,preventa
2026-06-04,T0019,P019,19,preventa
2026-06-04,T0019,P020,2,preventa
2026-06-04,T0031,P001,4,preventa
2026-06-04,T0031,P002,7,preventa
2026-06-04,T0031,P003,23,preventa
2026-06-04,T0031,P004,15,preventa
2026-06-04,T0031,P005,14,preventa
2026-06-04,T0031,P006,20,preventa
2026-06-04,T0031,P007,20,preventa
2026-06-04,T0031,P008,6,preventa
2026-06-04,T0031,P009,8,preventa
2026-06-04,T0031,P010,14,preventa
2026-06-04,T0031,P011,15,preventa
2026-06-04,T0031,P012,6,preventa
2026-06-04,T0031,P013,4,preventa
2026-06-04,T0031,P014,14,preventa
2026-06-04,T0031,P015,3,preventa
2026-06-04,T0031,P016,21,preventa
2026-06-04,T0031,P017,7,preventa
2026-06-04,T0031,P018,5,preventa
2026-06-04,T0031,P019,18,preventa
2026-06-04,T0031,P020,5,preventa
2026-06-04,T0032,P001,2,preventa
2026-06-04,T0032,P002,10,preventa
2026-06-04,T0032,P003,22,preventa
2026-06-04,T0032,P004,23,preventa
2026-06-04,T0032,P005,20,preventa
2026-06-04,T0032,P006,22,preventa
2026-06-04,T0032,P007,20,preventa
2026-06-04,T0032,P008,9,preventa
2026-06-04,T0032,P009,8,preventa
2026-06-04,T0032,P010,15,preventa
2026-06-04,T0032,P011,15,preventa
2026-06-04,T0032,P012,11,preventa
2026-06-04,T0032,P013,1,preventa
2026-06-04,T0032,P014,16,preventa
2026-06-04,T0032,P015,2,preventa
2026-06-04,T0032,P016,12,preventa
2026-06-04,T0032,P017,5,preventa
2026-06-04,T0032,P018,1,preventa
2026-06-04,T0032,P019,18,preventa
2026-06-04,T0032,P020,3,preventa
2026-06-04,T0033,P001,3,preventa
2026-06-04,T0033,P002,2,preventa
2026-06-04,T0033,P003,6,preventa
2026-06-04,T0033,P004,6,preventa
2026-06-04,T0033,P005,6,preventa
2026-06-04,T0033,P006,5,preventa
2026-06-04,T0033,P007,4,preventa
2026-06-04,T0033,P008,3,preventa
2026-06-04,T0033,P009,3,preventa
2026-06-04,T0033,P010,7,preventa
2026-06-04,T0033,P011,4,preventa
2026-06-04,T0033,P012,2,preventa
2026-06-04,T0033,P013,3,preventa
2026-06-04,T0033,P014,4,preventa
2026-06-04,T0033,P015,1,preventa
2026-06-04,T0033,P016,9,preventa
2026-06-04,T0033,P017,1,preventa
2026-06-04,T0033,P018,3,preventa
2026-06-04,T0033,P019,7,preventa
2026-06-04,T0033,P020,4,preventa
2026-06-04,T0037,P001,4,preventa
2026-06-04,T0037,P002,5,preventa
2026-06-04,T0037,P003,10,preventa
2026-06-04,T0037,P004,9,preventa
2026-06-04,T0037,P005,9,preventa
2026-06-04,T0037,P006,11,preventa
2026-06-04,T0037,P007,13,preventa
2026-06-04,T0037,P008,6,preventa
2026-06-04,T0037,P009,6,preventa
2026-06-04,T0037,P010,11,preventa
2026-06-04,T0037,P011,7,preventa
2026-06-04,T0037,P012,4,preventa
2026-06-04,T0037,P013,4,preventa
2026-06-04,T0037,P014,9,preventa
2026-06-04,T0037,P015,2,preventa
2026-06-04,T0037,P016,9,preventa
2026-06-04,T0037,P017,5,preventa
2026-06-04,T0037,P018,3,preventa
2026-06-04,T0037,P019,12,preventa
2026-06-04,T0037,P020,3,preventa
2026-06-05,T0001,P001,3,portal
2026-06-05,T0001,P002,9,portal
2026-06-05,T0001,P003,9,portal
2026-06-05,T0001,P004,23,portal
2026-06-05,T0001,P005,9,portal
2026-06-05,T0001,P006,13,portal
2026-06-05,T0001,P007,13,portal
2026-06-05,T0001,P008,13,portal
2026-06-05,T0001,P009,6,portal
2026-06-05,T0001,P010,16,portal
2026-06-05,T0001,P011,9,portal
2026-06-05,T0001,P012,10,portal
2026-06-05,T0001,P013,4,portal
2026-06-05,T0001,P014,10,portal
2026-06-05,T0001,P015,9,portal
2026-06-05,T0001,P016,15,portal
2026-06-05,T0001,P017,6,portal
2026-06-05,T0001,P018,4,portal
2026-06-05,T0001,P019,11,portal
2026-06-05,T0001,P020,5,portal
2026-06-05,T0002,P001,3,portal
2026-06-05,T0002,P002,16,portal
2026-06-05,T0002,P003,26,portal
2026-06-05,T0002,P004,26,portal
2026-06-05,T0002,P005,29,portal
2026-06-05,T0002,P006,25,portal
2026-06-05,T0002,P007,0,portal
2026-06-05,T0002,P008,17,portal
2026-06-05,T0002,P009,8,portal
2026-06-05,T0002,P010,31,portal
2026-06-05,T0002,P011,17,portal
2026-06-05,T0002,P012,16,portal
2026-06-05,T0002,P013,5,portal
2026-06-05,T0002,P014,26,portal
2026-06-05,T0002,P015,10,portal
2026-06-05,T0002,P016,25,portal
2026-06-05,T0002,P017,7,portal
2026-06-05,T0002,P018,6,portal
2026-06-05,T0002,P019,27,portal
2026-06-05,T0002,P020,4,portal
2026-06-05,T0003,P001,2,portal
2026-06-05,T0003,P002,5,portal
2026-06-05,T0003,P003,19,portal
2026-06-05,T0003,P004,20,portal
2026-06-05,T0003,P005,10,portal
2026-06-05,T0003,P006,15,portal
2026-06-05,T0003,P007,11,portal
2026-06-05,T0003,P008,11,portal
2026-06-05,T0003,P009,9,portal
2026-06-05,T0003,P010,10,portal
2026-06-05,T0003,P011,12,portal
2026-06-05,T0003,P012,10,portal
2026-06-05,T0003,P013,0,portal
2026-06-05,T0003,P014,13,portal
2026-06-05,T0003,P015,7,portal
2026-06-05,T0003,P016,16,portal
2026-06-05,T0003,P017,6,portal
2026-06-05,T0003,P018,3,portal
2026-06-05,T0003,P019,14,portal
2026-06-05,T0003,P020,5,portal
2026-06-05,T0004,P001,3,portal
2026-06-05,T0004,P002,9,portal
2026-06-05,T0004,P003,18,portal
2026-06-05,T0004,P004,16,portal
2026-06-05,T0004,P005,15,portal
2026-06-05,T0004,P006,20,portal
2026-06-05,T0004,P007,11,portal
2026-06-05,T0004,P008,9,portal
2026-06-05,T0004,P009,3,portal
2026-06-05,T0004,P010,9,portal
2026-06-05,T0004,P011,7,portal
2026-06-05,T0004,P012,0,portal
2026-06-05,T0004,P013,1,portal
2026-06-05,T0004,P014,19,portal
2026-06-05,T0004,P015,3,portal
2026-06-05,T0004,P016,19,portal
2026-06-05,T0004,P017,4,portal
2026-06-05,T0004,P018,3,portal
2026-06-05,T0004,P019,19,portal
2026-06-05,T0004,P020,4,portal
2026-06-05,T0005,P001,2,portal
2026-06-05,T0005,P002,4,portal
2026-06-05,T0005,P003,19,portal
2026-06-05,T0005,P004,15,portal
2026-06-05,T0005,P005,12,portal
2026-06-05,T0005,P006,15,portal
2026-06-05,T0005,P007,22,portal
2026-06-05,T0005,P008,6,portal
2026-06-05,T0005,P009,8,portal
2026-06-05,T0005,P010,18,portal
2026-06-05,T0005,P011,12,portal
2026-06-05,T0005,P012,7,portal
2026-06-05,T0005,P013,5,portal
2026-06-05,T0005,P014,11,portal
2026-06-05,T0005,P015,6,portal
2026-06-05,T0005,P016,16,portal
2026-06-05,T0005,P017,7,portal
2026-06-05,T0005,P018,5,portal
2026-06-05,T0005,P019,18,portal
2026-06-05,T0005,P020,4,portal
2026-06-05,T0006,P001,4,portal
2026-06-05,T0006,P002,24,portal
2026-06-05,T0006,P003,43,portal
2026-06-05,T0006,P004,45,portal
2026-06-05,T0006,P005,43,portal
2026-06-05,T0006,P006,40,portal
2026-06-05,T0006,P007,0,portal
2026-06-05,T0006,P008,24,portal
2026-06-05,T0006,P009,14,portal
2026-06-05,T0006,P010,38,portal
2026-06-05,T0006,P011,43,portal
2026-06-05,T0006,P012,26,portal
2026-06-05,T0006,P013,4,portal
2026-06-05,T0006,P014,45,portal
2026-06-05,T0006,P015,9,portal
2026-06-05,T0006,P016,55,portal
2026-06-05,T0006,P017,18,portal
2026-06-05,T0006,P018,8,portal
2026-06-05,T0006,P019,46,portal
2026-06-05,T0006,P020,15,portal
2026-06-05,T0007,P001,0,portal
2026-06-05,T0007,P002,18,portal
2026-06-05,T0007,P003,26,portal
2026-06-05,T0007,P004,36,portal
2026-06-05,T0007,P005,21,portal
2026-06-05,T0007,P006,34,portal
2026-06-05,T0007,P007,28,portal
2026-06-05,T0007,P008,13,portal
2026-06-05,T0007,P009,9,portal
2026-06-05,T0007,P010,19,portal
2026-06-05,T0007,P011,33,portal
2026-06-05,T0007,P012,14,portal
2026-06-05,T0007,P013,6,portal
2026-06-05,T0007,P014,16,portal
2026-06-05,T0007,P015,13,portal
2026-06-05,T0007,P016,24,portal
2026-06-05,T0007,P017,10,portal
2026-06-05,T0007,P018,1,portal
2026-06-05,T0007,P019,24,portal
2026-06-05,T0007,P020,3,portal
2026-06-05,T0008,P001,5,portal
2026-06-05,T0008,P002,30,portal
2026-06-05,T0008,P003,58,portal
2026-06-05,T0008,P004,45,portal
2026-06-05,T0008,P005,36,portal
2026-06-05,T0008,P006,62,portal
2026-06-05,T0008,P007,46,portal
2026-06-05,T0008,P008,30,portal
2026-06-05,T0008,P009,23,portal
2026-06-05,T0008,P010,46,portal
2026-06-05,T0008,P011,33,portal
2026-06-05,T0008,P012,23,portal
2026-06-05,T0008,P013,11,portal
2026-06-05,T0008,P014,36,portal
2026-06-05,T0008,P015,11,portal
2026-06-05,T0008,P016,48,portal
2026-06-05,T0008,P017,13,portal
2026-06-05,T0008,P018,8,portal
2026-06-05,T0008,P019,45,portal
2026-06-05,T0008,P020,11,portal
2026-06-05,T0009,P001,2,portal
2026-06-05,T0009,P002,12,portal
2026-06-05,T0009,P003,40,portal
2026-06-05,T0009,P004,22,portal
2026-06-05,T0009,P005,38,portal
2026-06-05,T0009,P006,17,portal
2026-06-05,T0009,P007,31,portal
2026-06-05,T0009,P008,16,portal
2026-06-05,T0009,P009,9,portal
2026-06-05,T0009,P010,30,portal
2026-06-05,T0009,P011,29,portal
2026-06-05,T0009,P012,19,portal
2026-06-05,T0009,P013,10,portal
2026-06-05,T0009,P014,18,portal
2026-06-05,T0009,P015,14,portal
2026-06-05,T0009,P016,29,portal
2026-06-05,T0009,P017,7,portal
2026-06-05,T0009,P018,4,portal
2026-06-05,T0009,P019,32,portal
2026-06-05,T0009,P020,7,portal
2026-06-05,T0010,P001,4,portal
2026-06-05,T0010,P002,9,portal
2026-06-05,T0010,P003,24,portal
2026-06-05,T0010,P004,21,portal
2026-06-05,T0010,P005,22,portal
2026-06-05,T0010,P006,22,portal
2026-06-05,T0010,P007,21,portal
2026-06-05,T0010,P008,9,portal
2026-06-05,T0010,P009,13,portal
2026-06-05,T0010,P010,18,portal
2026-06-05,T0010,P011,16,portal
2026-06-05,T0010,P012,12,portal
2026-06-05,T0010,P013,0,portal
2026-06-05,T0010,P014,3,portal
2026-06-05,T0010,P015,8,portal
2026-06-05,T0010,P016,22,portal
2026-06-05,T0010,P017,7,portal
2026-06-05,T0010,P018,5,portal
2026-06-05,T0010,P019,15,portal
2026-06-05,T0010,P020,1,portal
2026-06-05,T0011,P001,4,portal
2026-06-05,T0011,P002,7,portal
2026-06-05,T0011,P003,9,portal
2026-06-05,T0011,P004,7,portal
2026-06-05,T0011,P005,5,portal
2026-06-05,T0011,P006,12,portal
2026-06-05,T0011,P007,7,portal
2026-06-05,T0011,P008,6,portal
2026-06-05,T0011,P009,5,portal
2026-06-05,T0011,P010,10,portal
2026-06-05,T0011,P011,5,portal
2026-06-05,T0011,P012,3,portal
2026-06-05,T0011,P013,4,portal
2026-06-05,T0011,P014,7,portal
2026-06-05,T0011,P015,0,portal
2026-06-05,T0011,P016,3,portal
2026-06-05,T0011,P017,2,portal
2026-06-05,T0011,P018,2,portal
2026-06-05,T0011,P019,11,portal
2026-06-05,T0011,P020,1,portal
2026-06-05,T0012,P001,1,portal
2026-06-05,T0012,P002,4,portal
2026-06-05,T0012,P003,13,portal
2026-06-05,T0012,P004,10,portal
2026-06-05,T0012,P005,10,portal
2026-06-05,T0012,P006,8,portal
2026-06-05,T0012,P007,0,portal
2026-06-05,T0012,P008,8,portal
2026-06-05,T0012,P009,3,portal
2026-06-05,T0012,P010,10,portal
2026-06-05,T0012,P011,6,portal
2026-06-05,T0012,P012,5,portal
2026-06-05,T0012,P013,2,portal
2026-06-05,T0012,P014,9,portal
2026-06-05,T0012,P015,2,portal
2026-06-05,T0012,P016,13,portal
2026-06-05,T0012,P017,6,portal
2026-06-05,T0012,P018,2,portal
2026-06-05,T0012,P019,8,portal
2026-06-05,T0012,P020,1,portal
2026-06-05,T0013,P001,0,portal
2026-06-05,T0013,P002,9,portal
2026-06-05,T0013,P003,20,portal
2026-06-05,T0013,P004,7,portal
2026-06-05,T0013,P005,16,portal
2026-06-05,T0013,P006,17,portal
2026-06-05,T0013,P007,17,portal
2026-06-05,T0013,P008,10,portal
2026-06-05,T0013,P009,9,portal
2026-06-05,T0013,P010,20,portal
2026-06-05,T0013,P011,17,portal
2026-06-05,T0013,P012,12,portal
2026-06-05,T0013,P013,5,portal
2026-06-05,T0013,P014,13,portal
2026-06-05,T0013,P015,7,portal
2026-06-05,T0013,P016,27,portal
2026-06-05,T0013,P017,12,portal
2026-06-05,T0013,P018,5,portal
2026-06-05,T0013,P019,23,portal
2026-06-05,T0013,P020,6,portal
2026-06-05,T0014,P001,3,portal
2026-06-05,T0014,P002,9,portal
2026-06-05,T0014,P003,21,portal
2026-06-05,T0014,P004,14,portal
2026-06-05,T0014,P005,26,portal
2026-06-05,T0014,P006,12,portal
2026-06-05,T0014,P007,0,portal
2026-06-05,T0014,P008,9,portal
2026-06-05,T0014,P009,9,portal
2026-06-05,T0014,P010,21,portal
2026-06-05,T0014,P011,20,portal
2026-06-05,T0014,P012,14,portal
2026-06-05,T0014,P013,3,portal
2026-06-05,T0014,P014,20,portal
2026-06-05,T0014,P015,10,portal
2026-06-05,T0014,P016,26,portal
2026-06-05,T0014,P017,0,portal
2026-06-05,T0014,P018,5,portal
2026-06-05,T0014,P019,25,portal
2026-06-05,T0014,P020,7,portal
2026-06-05,T0017,P001,3,preventa
2026-06-05,T0017,P002,11,preventa
2026-06-05,T0017,P003,16,preventa
2026-06-05,T0017,P004,19,preventa
2026-06-05,T0017,P005,15,preventa
2026-06-05,T0017,P006,9,preventa
2026-06-05,T0017,P007,11,preventa
2026-06-05,T0017,P008,8,preventa
2026-06-05,T0017,P009,6,preventa
2026-06-05,T0017,P010,12,preventa
2026-06-05,T0017,P011,9,preventa
2026-06-05,T0017,P012,4,preventa
2026-06-05,T0017,P013,2,preventa
2026-06-05,T0017,P014,15,preventa
2026-06-05,T0017,P015,5,preventa
2026-06-05,T0017,P016,11,preventa
2026-06-05,T0017,P017,5,preventa
2026-06-05,T0017,P018,4,preventa
2026-06-05,T0017,P019,17,preventa
2026-06-05,T0017,P020,5,preventa
2026-06-05,T0028,P001,3,preventa
2026-06-05,T0028,P002,5,preventa
2026-06-05,T0028,P003,8,preventa
2026-06-05,T0028,P004,8,preventa
2026-06-05,T0028,P005,7,preventa
2026-06-05,T0028,P006,4,preventa
2026-06-05,T0028,P007,0,preventa
2026-06-05,T0028,P008,5,preventa
2026-06-05,T0028,P009,0,preventa
2026-06-05,T0028,P010,5,preventa
2026-06-05,T0028,P011,9,preventa
2026-06-05,T0028,P012,4,preventa
2026-06-05,T0028,P013,3,preventa
2026-06-05,T0028,P014,10,preventa
2026-06-05,T0028,P015,3,preventa
2026-06-05,T0028,P016,8,preventa
2026-06-05,T0028,P017,3,preventa
2026-06-05,T0028,P018,1,preventa
2026-06-05,T0028,P019,12,preventa
2026-06-05,T0028,P020,4,preventa
2026-06-05,T0035,P001,4,preventa
2026-06-05,T0035,P002,2,preventa
2026-06-05,T0035,P003,3,preventa
2026-06-05,T0035,P004,7,preventa
2026-06-05,T0035,P005,5,preventa
2026-06-05,T0035,P006,5,preventa
2026-06-05,T0035,P007,0,preventa
2026-06-05,T0035,P008,3,preventa
2026-06-05,T0035,P009,0,preventa
2026-06-05,T0035,P010,4,preventa
2026-06-05,T0035,P011,6,preventa
2026-06-05,T0035,P012,3,preventa
2026-06-05,T0035,P013,3,preventa
2026-06-05,T0035,P014,5,preventa
2026-06-05,T0035,P015,0,preventa
2026-06-05,T0035,P016,2,preventa
2026-06-05,T0035,P017,3,preventa
2026-06-05,T0035,P018,4,preventa
2026-06-05,T0035,P019,6,preventa
2026-06-05,T0035,P020,3,preventa
2026-06-06,T0001,P001,1,portal
2026-06-06,T0001,P002,9,portal
2026-06-06,T0001,P003,1,portal
2026-06-06,T0001,P004,18,portal
2026-06-06,T0001,P005,8,portal
2026-06-06,T0001,P006,6,portal
2026-06-06,T0001,P007,10,portal
2026-06-06,T0001,P008,13,portal
2026-06-06,T0001,P009,5,portal
2026-06-06,T0001,P010,13,portal
2026-06-06,T0001,P011,8,portal
2026-06-06,T0001,P012,8,portal
2026-06-06,T0001,P013,4,portal
2026-06-06,T0001,P014,7,portal
2026-06-06,T0001,P015,8,portal
2026-06-06,T0001,P016,6,portal
2026-06-06,T0001,P017,6,portal
2026-06-06,T0001,P018,2,portal
2026-06-06,T0001,P019,5,portal
2026-06-06,T0001,P020,4,portal
2026-06-06,T0002,P001,1,portal
2026-06-06,T0002,P002,9,portal
2026-06-06,T0002,P003,16,portal
2026-06-06,T0002,P004,18,portal
2026-06-06,T0002,P005,25,portal
2026-06-06,T0002,P006,19,portal
2026-06-06,T0002,P007,0,portal
2026-06-06,T0002,P008,16,portal
2026-06-06,T0002,P009,5,portal
2026-06-06,T0002,P010,25,portal
2026-06-06,T0002,P011,12,portal
2026-06-06,T0002,P012,14,portal
2026-06-06,T0002,P013,4,portal
2026-06-06,T0002,P014,22,portal
2026-06-06,T0002,P015,8,portal
2026-06-06,T0002,P016,17,portal
2026-06-06,T0002,P017,6,portal
2026-06-06,T0002,P018,4,portal
2026-06-06,T0002,P019,18,portal
2026-06-06,T0002,P020,2,portal
2026-06-06,T0003,P001,2,portal
2026-06-06,T0003,P002,3,portal
2026-06-06,T0003,P003,17,portal
2026-06-06,T0003,P004,19,portal
2026-06-06,T0003,P005,7,portal
2026-06-06,T0003,P006,13,portal
2026-06-06,T0003,P007,7,portal
2026-06-06,T0003,P008,8,portal
2026-06-06,T0003,P009,7,portal
2026-06-06,T0003,P010,7,portal
2026-06-06,T0003,P011,12,portal
2026-06-06,T0003,P012,10,portal
2026-06-06,T0003,P013,0,portal
2026-06-06,T0003,P014,8,portal
2026-06-06,T0003,P015,5,portal
2026-06-06,T0003,P016,10,portal
2026-06-06,T0003,P017,4,portal
2026-06-06,T0003,P018,3,portal
2026-06-06,T0003,P019,11,portal
2026-06-06,T0003,P020,5,portal
2026-06-06,T0004,P001,2,portal
2026-06-06,T0004,P002,8,portal
2026-06-06,T0004,P003,16,portal
2026-06-06,T0004,P004,15,portal
2026-06-06,T0004,P005,11,portal
2026-06-06,T0004,P006,17,portal
2026-06-06,T0004,P007,8,portal
2026-06-06,T0004,P008,7,portal
2026-06-06,T0004,P009,1,portal
2026-06-06,T0004,P010,6,portal
2026-06-06,T0004,P011,4,portal
2026-06-06,T0004,P012,0,portal
2026-06-06,T0004,P013,0,portal
2026-06-06,T0004,P014,14,portal
2026-06-06,T0004,P015,3,portal
2026-06-06,T0004,P016,16,portal
2026-06-06,T0004,P017,3,portal
2026-06-06,T0004,P018,3,portal
2026-06-06,T0004,P019,17,portal
2026-06-06,T0004,P020,4,portal
2026-06-06,T0005,P001,2,portal
2026-06-06,T0005,P002,2,portal
2026-06-06,T0005,P003,16,portal
2026-06-06,T0005,P004,12,portal
2026-06-06,T0005,P005,9,portal
2026-06-06,T0005,P006,13,portal
2026-06-06,T0005,P007,21,portal
2026-06-06,T0005,P008,5,portal
2026-06-06,T0005,P009,6,portal
2026-06-06,T0005,P010,16,portal
2026-06-06,T0005,P011,10,portal
2026-06-06,T0005,P012,6,portal
2026-06-06,T0005,P013,3,portal
2026-06-06,T0005,P014,7,portal
2026-06-06,T0005,P015,4,portal
2026-06-06,T0005,P016,14,portal
2026-06-06,T0005,P017,5,portal
2026-06-06,T0005,P018,4,portal
2026-06-06,T0005,P019,14,portal
2026-06-06,T0005,P020,0,portal
2026-06-06,T0006,P001,2,portal
2026-06-06,T0006,P002,17,portal
2026-06-06,T0006,P003,34,portal
2026-06-06,T0006,P004,40,portal
2026-06-06,T0006,P005,30,portal
2026-06-06,T0006,P006,35,portal
2026-06-06,T0006,P007,0,portal
2026-06-06,T0006,P008,19,portal
2026-06-06,T0006,P009,12,portal
2026-06-06,T0006,P010,31,portal
2026-06-06,T0006,P011,35,portal
2026-06-06,T0006,P012,20,portal
2026-06-06,T0006,P013,2,portal
2026-06-06,T0006,P014,38,portal
2026-06-06,T0006,P015,5,portal
2026-06-06,T0006,P016,46,portal
2026-06-06,T0006,P017,14,portal
2026-06-06,T0006,P018,7,portal
2026-06-06,T0006,P019,36,portal
2026-06-06,T0006,P020,14,portal
2026-06-06,T0007,P001,0,portal
2026-06-06,T0007,P002,10,portal
2026-06-06,T0007,P003,20,portal
2026-06-06,T0007,P004,30,portal
2026-06-06,T0007,P005,13,portal
2026-06-06,T0007,P006,31,portal
2026-06-06,T0007,P007,23,portal
2026-06-06,T0007,P008,11,portal
2026-06-06,T0007,P009,5,portal
2026-06-06,T0007,P010,16,portal
2026-06-06,T0007,P011,28,portal
2026-06-06,T0007,P012,9,portal
2026-06-06,T0007,P013,5,portal
2026-06-06,T0007,P014,12,portal
2026-06-06,T0007,P015,12,portal
2026-06-06,T0007,P016,21,portal
2026-06-06,T0007,P017,9,portal
2026-06-06,T0007,P018,0,portal
2026-06-06,T0007,P019,14,portal
2026-06-06,T0007,P020,0,portal
2026-06-06,T0008,P001,3,portal
2026-06-06,T0008,P002,26,portal
2026-06-06,T0008,P003,51,portal
2026-06-06,T0008,P004,29,portal
2026-06-06,T0008,P005,26,portal
2026-06-06,T0008,P006,52,portal
2026-06-06,T0008,P007,39,portal
2026-06-06,T0008,P008,28,portal
2026-06-06,T0008,P009,20,portal
2026-06-06,T0008,P010,35,portal
2026-06-06,T0008,P011,24,portal
2026-06-06,T0008,P012,20,portal
2026-06-06,T0008,P013,10,portal
2026-06-06,T0008,P014,31,portal
2026-06-06,T0008,P015,6,portal
2026-06-06,T0008,P016,38,portal
2026-06-06,T0008,P017,8,portal
2026-06-06,T0008,P018,6,portal
2026-06-06,T0008,P019,33,portal
2026-06-06,T0008,P020,8,portal
2026-06-06,T0009,P001,2,portal
2026-06-06,T0009,P002,9,portal
2026-06-06,T0009,P003,32,portal
2026-06-06,T0009,P004,16,portal
2026-06-06,T0009,P005,28,portal
2026-06-06,T0009,P006,10,portal
2026-06-06,T0009,P007,25,portal
2026-06-06,T0009,P008,9,portal
2026-06-06,T0009,P009,7,portal
2026-06-06,T0009,P010,25,portal
2026-06-06,T0009,P011,23,portal
2026-06-06,T0009,P012,15,portal
2026-06-06,T0009,P013,8,portal
2026-06-06,T0009,P014,10,portal
2026-06-06,T0009,P015,8,portal
2026-06-06,T0009,P016,23,portal
2026-06-06,T0009,P017,7,portal
2026-06-06,T0009,P018,2,portal
2026-06-06,T0009,P019,25,portal
2026-06-06,T0009,P020,7,portal
2026-06-06,T0010,P001,4,portal
2026-06-06,T0010,P002,8,portal
2026-06-06,T0010,P003,19,portal
2026-06-06,T0010,P004,15,portal
2026-06-06,T0010,P005,20,portal
2026-06-06,T0010,P006,18,portal
2026-06-06,T0010,P007,18,portal
2026-06-06,T0010,P008,6,portal
2026-06-06,T0010,P009,10,portal
2026-06-06,T0010,P010,14,portal
2026-06-06,T0010,P011,13,portal
2026-06-06,T0010,P012,11,portal
2026-06-06,T0010,P013,0,portal
2026-06-06,T0010,P014,0,portal
2026-06-06,T0010,P015,7,portal
2026-06-06,T0010,P016,16,portal
2026-06-06,T0010,P017,5,portal
2026-06-06,T0010,P018,5,portal
2026-06-06,T0010,P019,12,portal
2026-06-06,T0010,P020,0,portal
2026-06-06,T0011,P001,4,portal
2026-06-06,T0011,P002,2,portal
2026-06-06,T0011,P003,6,portal
2026-06-06,T0011,P004,4,portal
2026-06-06,T0011,P005,2,portal
2026-06-06,T0011,P006,10,portal
2026-06-06,T0011,P007,3,portal
2026-06-06,T0011,P008,6,portal
2026-06-06,T0011,P009,5,portal
2026-06-06,T0011,P010,8,portal
2026-06-06,T0011,P011,2,portal
2026-06-06,T0011,P012,1,portal
2026-06-06,T0011,P013,2,portal
2026-06-06,T0011,P014,4,portal
2026-06-06,T0011,P015,0,portal
2026-06-06,T0011,P016,0,portal
2026-06-06,T0011,P017,1,portal
2026-06-06,T0011,P018,2,portal
2026-06-06,T0011,P019,6,portal
2026-06-06,T0011,P020,1,portal
2026-06-06,T0012,P001,1,portal
2026-06-06,T0012,P002,2,portal
2026-06-06,T0012,P003,12,portal
2026-06-06,T0012,P004,7,portal
2026-06-06,T0012,P005,10,portal
2026-06-06,T0012,P006,6,portal
2026-06-06,T0012,P007,0,portal
2026-06-06,T0012,P008,7,portal
2026-06-06,T0012,P009,1,portal
2026-06-06,T0012,P010,8,portal
2026-06-06,T0012,P011,4,portal
2026-06-06,T0012,P012,5,portal
2026-06-06,T0012,P013,2,portal
2026-06-06,T0012,P014,8,portal
2026-06-06,T0012,P015,2,portal
2026-06-06,T0012,P016,10,portal
2026-06-06,T0012,P017,3,portal
2026-06-06,T0012,P018,2,portal
2026-06-06,T0012,P019,2,portal
2026-06-06,T0012,P020,0,portal
2026-06-06,T0013,P001,0,portal
2026-06-06,T0013,P002,7,portal
2026-06-06,T0013,P003,17,portal
2026-06-06,T0013,P004,6,portal
2026-06-06,T0013,P005,13,portal
2026-06-06,T0013,P006,12,portal
2026-06-06,T0013,P007,13,portal
2026-06-06,T0013,P008,8,portal
2026-06-06,T0013,P009,8,portal
2026-06-06,T0013,P010,17,portal
2026-06-06,T0013,P011,14,portal
2026-06-06,T0013,P012,9,portal
2026-06-06,T0013,P013,4,portal
2026-06-06,T0013,P014,10,portal
2026-06-06,T0013,P015,7,portal
2026-06-06,T0013,P016,22,portal
2026-06-06,T0013,P017,9,portal
2026-06-06,T0013,P018,4,portal
2026-06-06,T0013,P019,22,portal
2026-06-06,T0013,P020,2,portal
2026-06-06,T0014,P001,2,portal
2026-06-06,T0014,P002,7,portal
2026-06-06,T0014,P003,19,portal
2026-06-06,T0014,P004,9,portal
2026-06-06,T0014,P005,18,portal
2026-06-06,T0014,P006,7,portal
2026-06-06,T0014,P007,0,portal
2026-06-06,T0014,P008,8,portal
2026-06-06,T0014,P009,8,portal
2026-06-06,T0014,P010,14,portal
2026-06-06,T0014,P011,16,portal
2026-06-06,T0014,P012,13,portal
2026-06-06,T0014,P013,1,portal
2026-06-06,T0014,P014,16,portal
2026-06-06,T0014,P015,9,portal
2026-06-06,T0014,P016,21,portal
2026-06-06,T0014,P017,0,portal
2026-06-06,T0014,P018,4,portal
2026-06-06,T0014,P019,20,portal
2026-06-06,T0014,P020,4,portal
2026-06-07,T0001,P001,0,portal
2026-06-07,T0001,P002,8,portal
2026-06-07,T0001,P003,0,portal
2026-06-07,T0001,P004,15,portal
2026-06-07,T0001,P005,5,portal
2026-06-07,T0001,P006,3,portal
2026-06-07,T0001,P007,5,portal
2026-06-07,T0001,P008,12,portal
2026-06-07,T0001,P009,4,portal
2026-06-07,T0001,P010,13,portal
2026-06-07,T0001,P011,5,portal
2026-06-07,T0001,P012,7,portal
2026-06-07,T0001,P013,2,portal
2026-06-07,T0001,P014,5,portal
2026-06-07,T0001,P015,7,portal
2026-06-07,T0001,P016,4,portal
2026-06-07,T0001,P017,6,portal
2026-06-07,T0001,P018,2,portal
2026-06-07,T0001,P019,0,portal
2026-06-07,T0001,P020,3,portal
2026-06-07,T0002,P001,1,portal
2026-06-07,T0002,P002,6,portal
2026-06-07,T0002,P003,10,portal
2026-06-07,T0002,P004,13,portal
2026-06-07,T0002,P005,18,portal
2026-06-07,T0002,P006,17,portal
2026-06-07,T0002,P007,0,portal
2026-06-07,T0002,P008,15,portal
2026-06-07,T0002,P009,3,portal
2026-06-07,T0002,P010,25,portal
2026-06-07,T0002,P011,8,portal
2026-06-07,T0002,P012,12,portal
2026-06-07,T0002,P013,2,portal
2026-06-07,T0002,P014,20,portal
2026-06-07,T0002,P015,7,portal
2026-06-07,T0002,P016,10,portal
2026-06-07,T0002,P017,5,portal
2026-06-07,T0002,P018,4,portal
2026-06-07,T0002,P019,15,portal
2026-06-07,T0002,P020,0,portal
2026-06-07,T0003,P001,2,portal
2026-06-07,T0003,P002,1,portal
2026-06-07,T0003,P003,16,portal
2026-06-07,T0003,P004,17,portal
2026-06-07,T0003,P005,4,portal
2026-06-07,T0003,P006,10,portal
2026-06-07,T0003,P007,5,portal
2026-06-07,T0003,P008,6,portal
2026-06-07,T0003,P009,7,portal
2026-06-07,T0003,P010,5,portal
2026-06-07,T0003,P011,12,portal
2026-06-07,T0003,P012,8,portal
2026-06-07,T0003,P013,0,portal
2026-06-07,T0003,P014,6,portal
2026-06-07,T0003,P015,5,portal
2026-06-07,T0003,P016,5,portal
2026-06-07,T0003,P017,3,portal
2026-06-07,T0003,P018,0,portal
2026-06-07,T0003,P019,9,portal
2026-06-07,T0003,P020,4,portal
2026-06-07,T0004,P001,2,portal
2026-06-07,T0004,P002,7,portal
2026-06-07,T0004,P003,14,portal
2026-06-07,T0004,P004,13,portal
2026-06-07,T0004,P005,8,portal
2026-06-07,T0004,P006,13,portal
2026-06-07,T0004,P007,6,portal
2026-06-07,T0004,P008,6,portal
2026-06-07,T0004,P009,1,portal
2026-06-07,T0004,P010,5,portal
2026-06-07,T0004,P011,0,portal
2026-06-07,T0004,P012,0,portal
2026-06-07,T0004,P013,0,portal
2026-06-07,T0004,P014,12,portal
2026-06-07,T0004,P015,2,portal
2026-06-07,T0004,P016,12,portal
2026-06-07,T0004,P017,2,portal
2026-06-07,T0004,P018,3,portal
2026-06-07,T0004,P019,14,portal
2026-06-07,T0004,P020,3,portal
2026-06-07,T0005,P001,2,portal
2026-06-07,T0005,P002,0,portal
2026-06-07,T0005,P003,14,portal
2026-06-07,T0005,P004,8,portal
2026-06-07,T0005,P005,6,portal
2026-06-07,T0005,P006,10,portal
2026-06-07,T0005,P007,21,portal
2026-06-07,T0005,P008,4,portal
2026-06-07,T0005,P009,3,portal
2026-06-07,T0005,P010,14,portal
2026-06-07,T0005,P011,9,portal
2026-06-07,T0005,P012,6,portal
2026-06-07,T0005,P013,0,portal
2026-06-07,T0005,P014,5,portal
2026-06-07,T0005,P015,3,portal
2026-06-07,T0005,P016,10,portal
2026-06-07,T0005,P017,3,portal
2026-06-07,T0005,P018,2,portal
2026-06-07,T0005,P019,12,portal
2026-06-07,T0005,P020,0,portal
2026-06-07,T0006,P001,2,portal
2026-06-07,T0006,P002,11,portal
2026-06-07,T0006,P003,25,portal
2026-06-07,T0006,P004,29,portal
2026-06-07,T0006,P005,19,portal
2026-06-07,T0006,P006,28,portal
2026-06-07,T0006,P007,0,portal
2026-06-07,T0006,P008,16,portal
2026-06-07,T0006,P009,10,portal
2026-06-07,T0006,P010,22,portal
2026-06-07,T0006,P011,30,portal
2026-06-07,T0006,P012,14,portal
2026-06-07,T0006,P013,0,portal
2026-06-07,T0006,P014,33,portal
2026-06-07,T0006,P015,4,portal
2026-06-07,T0006,P016,41,portal
2026-06-07,T0006,P017,11,portal
2026-06-07,T0006,P018,5,portal
2026-06-07,T0006,P019,27,portal
2026-06-07,T0006,P020,11,portal
2026-06-07,T0007,P001,0,portal
2026-06-07,T0007,P002,5,portal
2026-06-07,T0007,P003,14,portal
2026-06-07,T0007,P004,22,portal
2026-06-07,T0007,P005,5,portal
2026-06-07,T0007,P006,28,portal
2026-06-07,T0007,P007,17,portal
2026-06-07,T0007,P008,10,portal
2026-06-07,T0007,P009,1,portal
2026-06-07,T0007,P010,13,portal
2026-06-07,T0007,P011,21,portal
2026-06-07,T0007,P012,6,portal
2026-06-07,T0007,P013,5,portal
2026-06-07,T0007,P014,6,portal
2026-06-07,T0007,P015,11,portal
2026-06-07,T0007,P016,15,portal
2026-06-07,T0007,P017,7,portal
2026-06-07,T0007,P018,0,portal
2026-06-07,T0007,P019,9,portal
2026-06-07,T0007,P020,0,portal
2026-06-07,T0008,P001,0,portal
2026-06-07,T0008,P002,19,portal
2026-06-07,T0008,P003,39,portal
2026-06-07,T0008,P004,22,portal
2026-06-07,T0008,P005,19,portal
2026-06-07,T0008,P006,46,portal
2026-06-07,T0008,P007,31,portal
2026-06-07,T0008,P008,22,portal
2026-06-07,T0008,P009,19,portal
2026-06-07,T0008,P010,32,portal
2026-06-07,T0008,P011,20,portal
2026-06-07,T0008,P012,17,portal
2026-06-07,T0008,P013,10,portal
2026-06-07,T0008,P014,27,portal
2026-06-07,T0008,P015,2,portal
2026-06-07,T0008,P016,32,portal
2026-06-07,T0008,P017,4,portal
2026-06-07,T0008,P018,4,portal
2026-06-07,T0008,P019,19,portal
2026-06-07,T0008,P020,6,portal
2026-06-07,T0009,P001,2,portal
2026-06-07,T0009,P002,8,portal
2026-06-07,T0009,P003,29,portal
2026-06-07,T0009,P004,11,portal
2026-06-07,T0009,P005,16,portal
2026-06-07,T0009,P006,4,portal
2026-06-07,T0009,P007,18,portal
2026-06-07,T0009,P008,7,portal
2026-06-07,T0009,P009,5,portal
2026-06-07,T0009,P010,20,portal
2026-06-07,T0009,P011,15,portal
2026-06-07,T0009,P012,12,portal
2026-06-07,T0009,P013,8,portal
2026-06-07,T0009,P014,1,portal
2026-06-07,T0009,P015,5,portal
2026-06-07,T0009,P016,19,portal
2026-06-07,T0009,P017,2,portal
2026-06-07,T0009,P018,2,portal
2026-06-07,T0009,P019,20,portal
2026-06-07,T0009,P020,5,portal
2026-06-07,T0010,P001,4,portal
2026-06-07,T0010,P002,5,portal
2026-06-07,T0010,P003,16,portal
2026-06-07,T0010,P004,13,portal
2026-06-07,T0010,P005,16,portal
2026-06-07,T0010,P006,13,portal
2026-06-07,T0010,P007,14,portal
2026-06-07,T0010,P008,4,portal
2026-06-07,T0010,P009,10,portal
2026-06-07,T0010,P010,11,portal
2026-06-07,T0010,P011,11,portal
2026-06-07,T0010,P012,9,portal
2026-06-07,T0010,P013,0,portal
2026-06-07,T0010,P014,0,portal
2026-06-07,T0010,P015,7,portal
2026-06-07,T0010,P016,13,portal
2026-06-07,T0010,P017,3,portal
2026-06-07,T0010,P018,3,portal
2026-06-07,T0010,P019,11,portal
2026-06-07,T0010,P020,0,portal
2026-06-07,T0011,P001,3,portal
2026-06-07,T0011,P002,0,portal
2026-06-07,T0011,P003,2,portal
2026-06-07,T0011,P004,0,portal
2026-06-07,T0011,P005,2,portal
2026-06-07,T0011,P006,9,portal
2026-06-07,T0011,P007,1,portal
2026-06-07,T0011,P008,4,portal
2026-06-07,T0011,P009,2,portal
2026-06-07,T0011,P010,7,portal
2026-06-07,T0011,P011,1,portal
2026-06-07,T0011,P012,0,portal
2026-06-07,T0011,P013,2,portal
2026-06-07,T0011,P014,3,portal
2026-06-07,T0011,P015,0,portal
2026-06-07,T0011,P016,0,portal
2026-06-07,T0011,P017,1,portal
2026-06-07,T0011,P018,1,portal
2026-06-07,T0011,P019,5,portal
2026-06-07,T0011,P020,1,portal
2026-06-07,T0012,P001,1,portal
2026-06-07,T0012,P002,0,portal
2026-06-07,T0012,P003,11,portal
2026-06-07,T0012,P004,6,portal
2026-06-07,T0012,P005,10,portal
2026-06-07,T0012,P006,5,portal
2026-06-07,T0012,P007,0,portal
2026-06-07,T0012,P008,6,portal
2026-06-07,T0012,P009,1,portal
2026-06-07,T0012,P010,5,portal
2026-06-07,T0012,P011,3,portal
2026-06-07,T0012,P012,5,portal
2026-06-07,T0012,P013,0,portal
2026-06-07,T0012,P014,6,portal
2026-06-07,T0012,P015,2,portal
2026-06-07,T0012,P016,8,portal
2026-06-07,T0012,P017,3,portal
2026-06-07,T0012,P018,2,portal
2026-06-07,T0012,P019,0,portal
2026-06-07,T0012,P020,0,portal
2026-06-07,T0013,P001,0,portal
2026-06-07,T0013,P002,6,portal
2026-06-07,T0013,P003,15,portal
2026-06-07,T0013,P004,3,portal
2026-06-07,T0013,P005,12,portal
2026-06-07,T0013,P006,6,portal
2026-06-07,T0013,P007,9,portal
2026-06-07,T0013,P008,5,portal
2026-06-07,T0013,P009,7,portal
2026-06-07,T0013,P010,13,portal
2026-06-07,T0013,P011,12,portal
2026-06-07,T0013,P012,9,portal
2026-06-07,T0013,P013,4,portal
2026-06-07,T0013,P014,5,portal
2026-06-07,T0013,P015,7,portal
2026-06-07,T0013,P016,16,portal
2026-06-07,T0013,P017,6,portal
2026-06-07,T0013,P018,3,portal
2026-06-07,T0013,P019,18,portal
2026-06-07,T0013,P020,2,portal
2026-06-07,T0014,P001,2,portal
2026-06-07,T0014,P002,6,portal
2026-06-07,T0014,P003,18,portal
2026-06-07,T0014,P004,5,portal
2026-06-07,T0014,P005,14,portal
2026-06-07,T0014,P006,4,portal
2026-06-07,T0014,P007,0,portal
2026-06-07,T0014,P008,3,portal
2026-06-07,T0014,P009,8,portal
2026-06-07,T0014,P010,9,portal
2026-06-07,T0014,P011,14,portal
2026-06-07,T0014,P012,10,portal
2026-06-07,T0014,P013,0,portal
2026-06-07,T0014,P014,13,portal
2026-06-07,T0014,P015,9,portal
2026-06-07,T0014,P016,17,portal
2026-06-07,T0014,P017,0,portal
2026-06-07,T0014,P018,4,portal
2026-06-07,T0014,P019,16,portal
2026-06-07,T0014,P020,2,portal
2026-06-08,T0001,P001,4,portal
2026-06-08,T0001,P002,6,portal
2026-06-08,T0001,P003,29,portal
2026-06-08,T0001,P004,10,portal
2026-06-08,T0001,P005,24,portal
2026-06-08,T0001,P006,28,portal
2026-06-08,T0001,P007,28,portal
2026-06-08,T0001,P008,10,portal
2026-06-08,T0001,P009,0,portal
2026-06-08,T0001,P010,10,portal
2026-06-08,T0001,P011,19,portal
2026-06-08,T0001,P012,6,portal
2026-06-08,T0001,P013,2,portal
2026-06-08,T0001,P014,24,portal
2026-06-08,T0001,P015,6,portal
2026-06-08,T0001,P016,28,portal
2026-06-08,T0001,P017,3,portal
2026-06-08,T0001,P018,2,portal
2026-06-08,T0001,P019,25,portal
2026-06-08,T0001,P020,2,portal
2026-06-08,T0002,P001,1,portal
2026-06-08,T0002,P002,24,portal
2026-06-08,T0002,P003,57,portal
2026-06-08,T0002,P004,51,portal
2026-06-08,T0002,P005,15,portal
2026-06-08,T0002,P006,16,portal
2026-06-08,T0002,P007,0,portal
2026-06-08,T0002,P008,12,portal
2026-06-08,T0002,P009,19,portal
2026-06-08,T0002,P010,23,portal
2026-06-08,T0002,P011,39,portal
2026-06-08,T0002,P012,10,portal
2026-06-08,T0002,P013,2,portal
2026-06-08,T0002,P014,17,portal
2026-06-08,T0002,P015,7,portal
2026-06-08,T0002,P016,48,portal
2026-06-08,T0002,P017,0,portal
2026-06-08,T0002,P018,2,portal
2026-06-08,T0002,P019,13,portal
2026-06-08,T0002,P020,10,portal
2026-06-08,T0003,P001,2,portal
2026-06-08,T0003,P002,16,portal
2026-06-08,T0003,P003,0,portal
2026-06-08,T0003,P004,15,portal
2026-06-08,T0003,P005,21,portal
2026-06-08,T0003,P006,9,portal
2026-06-08,T0003,P007,27,portal
2026-06-08,T0003,P008,4,portal
2026-06-08,T0003,P009,6,portal
2026-06-08,T0003,P010,26,portal
2026-06-08,T0003,P011,12,portal
2026-06-08,T0003,P012,8,portal
2026-06-08,T0003,P013,5,portal
2026-06-08,T0003,P014,25,portal
2026-06-08,T0003,P015,4,portal
2026-06-08,T0003,P016,26,portal
2026-06-08,T0003,P017,1,portal
2026-06-08,T0003,P018,6,portal
2026-06-08,T0003,P019,4,portal
2026-06-08,T0003,P020,3,portal
2026-06-08,T0004,P001,2,portal
2026-06-08,T0004,P002,7,portal
2026-06-08,T0004,P003,8,portal
2026-06-08,T0004,P004,9,portal
2026-06-08,T0004,P005,5,portal
2026-06-08,T0004,P006,11,portal
2026-06-08,T0004,P007,25,portal
2026-06-08,T0004,P008,4,portal
2026-06-08,T0004,P009,10,portal
2026-06-08,T0004,P010,24,portal
2026-06-08,T0004,P011,22,portal
2026-06-08,T0004,P012,12,portal
2026-06-08,T0004,P013,5,portal
2026-06-08,T0004,P014,10,portal
2026-06-08,T0004,P015,9,portal
2026-06-08,T0004,P016,10,portal
2026-06-08,T0004,P017,0,portal
2026-06-08,T0004,P018,2,portal
2026-06-08,T0004,P019,8,portal
2026-06-08,T0004,P020,2,portal
2026-06-08,T0005,P001,1,portal
2026-06-08,T0005,P002,16,portal
2026-06-08,T0005,P003,9,portal
2026-06-08,T0005,P004,29,portal
2026-06-08,T0005,P005,24,portal
2026-06-08,T0005,P006,9,portal
2026-06-08,T0005,P007,18,portal
2026-06-08,T0005,P008,18,portal
2026-06-08,T0005,P009,1,portal
2026-06-08,T0005,P010,9,portal
2026-06-08,T0005,P011,5,portal
2026-06-08,T0005,P012,5,portal
2026-06-08,T0005,P013,4,portal
2026-06-08,T0005,P014,24,portal
2026-06-08,T0005,P015,3,portal
2026-06-08,T0005,P016,8,portal
2026-06-08,T0005,P017,3,portal
2026-06-08,T0005,P018,2,portal
2026-06-08,T0005,P019,10,portal
2026-06-08,T0005,P020,7,portal
2026-06-08,T0006,P001,10,portal
2026-06-08,T0006,P002,42,portal
2026-06-08,T0006,P003,86,portal
2026-06-08,T0006,P004,20,portal
2026-06-08,T0006,P005,68,portal
2026-06-08,T0006,P006,20,portal
2026-06-08,T0006,P007,0,portal
2026-06-08,T0006,P008,15,portal
2026-06-08,T0006,P009,6,portal
2026-06-08,T0006,P010,73,portal
2026-06-08,T0006,P011,23,portal
2026-06-08,T0006,P012,9,portal
2026-06-08,T0006,P013,15,portal
2026-06-08,T0006,P014,27,portal
2026-06-08,T0006,P015,27,portal
2026-06-08,T0006,P016,32,portal
2026-06-08,T0006,P017,10,portal
2026-06-08,T0006,P018,4,portal
2026-06-08,T0006,P019,20,portal
2026-06-08,T0006,P020,9,portal
2026-06-08,T0007,P001,3,portal
2026-06-08,T0007,P002,27,portal
2026-06-08,T0007,P003,60,portal
2026-06-08,T0007,P004,20,portal
2026-06-08,T0007,P005,44,portal
2026-06-08,T0007,P006,26,portal
2026-06-08,T0007,P007,12,portal
2026-06-08,T0007,P008,6,portal
2026-06-08,T0007,P009,18,portal
2026-06-08,T0007,P010,41,portal
2026-06-08,T0007,P011,16,portal
2026-06-08,T0007,P012,20,portal
2026-06-08,T0007,P013,4,portal
2026-06-08,T0007,P014,44,portal
2026-06-08,T0007,P015,10,portal
2026-06-08,T0007,P016,56,portal
2026-06-08,T0007,P017,5,portal
2026-06-08,T0007,P018,11,portal
2026-06-08,T0007,P019,52,portal
2026-06-08,T0007,P020,13,portal
2026-06-08,T0008,P001,9,portal
2026-06-08,T0008,P002,18,portal
2026-06-08,T0008,P003,0,portal
2026-06-08,T0008,P004,81,portal
2026-06-08,T0008,P005,67,portal
2026-06-08,T0008,P006,40,portal
2026-06-08,T0008,P007,25,portal
2026-06-08,T0008,P008,19,portal
2026-06-08,T0008,P009,16,portal
2026-06-08,T0008,P010,21,portal
2026-06-08,T0008,P011,9,portal
2026-06-08,T0008,P012,8,portal
2026-06-08,T0008,P013,9,portal
2026-06-08,T0008,P014,22,portal
2026-06-08,T0008,P015,25,portal
2026-06-08,T0008,P016,21,portal
2026-06-08,T0008,P017,26,portal
2026-06-08,T0008,P018,13,portal
2026-06-08,T0008,P019,80,portal
2026-06-08,T0008,P020,2,portal
2026-06-08,T0009,P001,1,portal
2026-06-08,T0009,P002,30,portal
2026-06-08,T0009,P003,25,portal
2026-06-08,T0009,P004,54,portal
2026-06-08,T0009,P005,13,portal
2026-06-08,T0009,P006,52,portal
2026-06-08,T0009,P007,14,portal
2026-06-08,T0009,P008,33,portal
2026-06-08,T0009,P009,23,portal
2026-06-08,T0009,P010,17,portal
2026-06-08,T0009,P011,7,portal
2026-06-08,T0009,P012,10,portal
2026-06-08,T0009,P013,7,portal
2026-06-08,T0009,P014,47,portal
2026-06-08,T0009,P015,19,portal
2026-06-08,T0009,P016,12,portal
2026-06-08,T0009,P017,17,portal
2026-06-08,T0009,P018,12,portal
2026-06-08,T0009,P019,15,portal
2026-06-08,T0009,P020,5,portal
2026-06-08,T0010,P001,2,portal
2026-06-08,T0010,P002,19,portal
2026-06-08,T0010,P003,14,portal
2026-06-08,T0010,P004,10,portal
2026-06-08,T0010,P005,13,portal
2026-06-08,T0010,P006,11,portal
2026-06-08,T0010,P007,12,portal
2026-06-08,T0010,P008,21,portal
2026-06-08,T0010,P009,8,portal
2026-06-08,T0010,P010,10,portal
2026-06-08,T0010,P011,9,portal
2026-06-08,T0010,P012,7,portal
2026-06-08,T0010,P013,6,portal
2026-06-08,T0010,P014,30,portal
2026-06-08,T0010,P015,7,portal
2026-06-08,T0010,P016,9,portal
2026-06-08,T0010,P017,1,portal
2026-06-08,T0010,P018,3,portal
2026-06-08,T0010,P019,7,portal
2026-06-08,T0010,P020,9,portal
2026-06-08,T0011,P001,2,portal
2026-06-08,T0011,P002,11,portal
2026-06-08,T0011,P003,0,portal
2026-06-08,T0011,P004,17,portal
2026-06-08,T0011,P005,14,portal
2026-06-08,T0011,P006,8,portal
2026-06-08,T0011,P007,20,portal
2026-06-08,T0011,P008,3,portal
2026-06-08,T0011,P009,2,portal
2026-06-08,T0011,P010,6,portal
2026-06-08,T0011,P011,16,portal
2026-06-08,T0011,P012,9,portal
2026-06-08,T0011,P013,1,portal
2026-06-08,T0011,P014,18,portal
2026-06-08,T0011,P015,7,portal
2026-06-08,T0011,P016,19,portal
2026-06-08,T0011,P017,1,portal
2026-06-08,T0011,P018,1,portal
2026-06-08,T0011,P019,3,portal
2026-06-08,T0011,P020,1,portal
2026-06-08,T0012,P001,1,portal
2026-06-08,T0012,P002,9,portal
2026-06-08,T0012,P003,5,portal
2026-06-08,T0012,P004,5,portal
2026-06-08,T0012,P005,7,portal
2026-06-08,T0012,P006,18,portal
2026-06-08,T0012,P007,0,portal
2026-06-08,T0012,P008,4,portal
2026-06-08,T0012,P009,7,portal
2026-06-08,T0012,P010,2,portal
2026-06-08,T0012,P011,14,portal
2026-06-08,T0012,P012,5,portal
2026-06-08,T0012,P013,4,portal
2026-06-08,T0012,P014,6,portal
2026-06-08,T0012,P015,1,portal
2026-06-08,T0012,P016,1,portal
2026-06-08,T0012,P017,1,portal
2026-06-08,T0012,P018,2,portal
2026-06-08,T0012,P019,17,portal
2026-06-08,T0012,P020,4,portal
2026-06-08,T0013,P001,4,portal
2026-06-08,T0013,P002,4,portal
2026-06-08,T0013,P003,0,portal
2026-06-08,T0013,P004,32,portal
2026-06-08,T0013,P005,10,portal
2026-06-08,T0013,P006,34,portal
2026-06-08,T0013,P007,33,portal
2026-06-08,T0013,P008,19,portal
2026-06-08,T0013,P009,6,portal
2026-06-08,T0013,P010,7,portal
2026-06-08,T0013,P011,10,portal
2026-06-08,T0013,P012,7,portal
2026-06-08,T0013,P013,4,portal
2026-06-08,T0013,P014,29,portal
2026-06-08,T0013,P015,6,portal
2026-06-08,T0013,P016,13,portal
2026-06-08,T0013,P017,5,portal
2026-06-08,T0013,P018,1,portal
2026-06-08,T0013,P019,15,portal
2026-06-08,T0013,P020,1,portal
2026-06-08,T0014,P001,1,portal
2026-06-08,T0014,P002,6,portal
2026-06-08,T0014,P003,10,portal
2026-06-08,T0014,P004,33,portal
2026-06-08,T0014,P005,11,portal
2026-06-08,T0014,P006,34,portal
2026-06-08,T0014,P007,0,portal
2026-06-08,T0014,P008,19,portal
2026-06-08,T0014,P009,7,portal
2026-06-08,T0014,P010,4,portal
2026-06-08,T0014,P011,10,portal
2026-06-08,T0014,P012,7,portal
2026-06-08,T0014,P013,6,portal
2026-06-08,T0014,P014,12,portal
2026-06-08,T0014,P015,8,portal
2026-06-08,T0014,P016,12,portal
2026-06-08,T0014,P017,11,portal
2026-06-08,T0014,P018,4,portal
2026-06-08,T0014,P019,13,portal
2026-06-08,T0014,P020,2,portal
2026-06-08,T0020,P001,4,preventa
2026-06-08,T0020,P002,4,preventa
2026-06-08,T0020,P003,18,preventa
2026-06-08,T0020,P004,3,preventa
2026-06-08,T0020,P005,14,preventa
2026-06-08,T0020,P006,14,preventa
2026-06-08,T0020,P007,16,preventa
2026-06-08,T0020,P008,1,preventa
2026-06-08,T0020,P009,1,preventa
2026-06-08,T0020,P010,12,preventa
2026-06-08,T0020,P011,3,preventa
2026-06-08,T0020,P012,1,preventa
2026-06-08,T0020,P013,1,preventa
2026-06-08,T0020,P014,6,preventa
2026-06-08,T0020,P015,5,preventa
2026-06-08,T0020,P016,5,preventa
2026-06-08,T0020,P017,1,preventa
2026-06-08,T0020,P018,3,preventa
2026-06-08,T0020,P019,5,preventa
2026-06-08,T0020,P020,1,preventa
2026-06-08,T0022,P001,4,preventa
2026-06-08,T0022,P002,4,preventa
2026-06-08,T0022,P003,9,preventa
2026-06-08,T0022,P004,9,preventa
2026-06-08,T0022,P005,3,preventa
2026-06-08,T0022,P006,4,preventa
2026-06-08,T0022,P007,9,preventa
2026-06-08,T0022,P008,2,preventa
2026-06-08,T0022,P009,2,preventa
2026-06-08,T0022,P010,2,preventa
2026-06-08,T0022,P011,6,preventa
2026-06-08,T0022,P012,2,preventa
2026-06-08,T0022,P013,2,preventa
2026-06-08,T0022,P014,2,preventa
2026-06-08,T0022,P015,1,preventa
2026-06-08,T0022,P016,1,preventa
2026-06-08,T0022,P017,3,preventa
2026-06-08,T0022,P018,1,preventa
2026-06-08,T0022,P019,4,preventa
2026-06-08,T0022,P020,3,preventa
2026-06-08,T0025,P001,3,preventa
2026-06-08,T0025,P002,3,preventa
2026-06-08,T0025,P003,4,preventa
2026-06-08,T0025,P004,8,preventa
2026-06-08,T0025,P005,1,preventa
2026-06-08,T0025,P006,9,preventa
2026-06-08,T0025,P007,0,preventa
2026-06-08,T0025,P008,5,preventa
2026-06-08,T0025,P009,1,preventa
2026-06-08,T0025,P010,2,preventa
2026-06-08,T0025,P011,1,preventa
2026-06-08,T0025,P012,3,preventa
2026-06-08,T0025,P013,3,preventa
2026-06-08,T0025,P014,3,preventa
2026-06-08,T0025,P015,2,preventa
2026-06-08,T0025,P016,9,preventa
2026-06-08,T0025,P017,2,preventa
2026-06-08,T0025,P018,3,preventa
2026-06-08,T0025,P019,4,preventa
2026-06-08,T0025,P020,1,preventa
2026-06-08,T0030,P001,1,preventa
2026-06-08,T0030,P002,12,preventa
2026-06-08,T0030,P003,17,preventa
2026-06-08,T0030,P004,23,preventa
2026-06-08,T0030,P005,10,preventa
2026-06-08,T0030,P006,8,preventa
2026-06-08,T0030,P007,7,preventa
2026-06-08,T0030,P008,15,preventa
2026-06-08,T0030,P009,3,preventa
2026-06-08,T0030,P010,12,preventa
2026-06-08,T0030,P011,18,preventa
2026-06-08,T0030,P012,5,preventa
2026-06-08,T0030,P013,3,preventa
2026-06-08,T0030,P014,7,preventa
2026-06-08,T0030,P015,3,preventa
2026-06-08,T0030,P016,12,preventa
2026-06-08,T0030,P017,6,preventa
2026-06-08,T0030,P018,5,preventa
2026-06-08,T0030,P019,11,preventa
2026-06-08,T0030,P020,1,preventa
2026-06-09,T0001,P001,4,portal
2026-06-09,T0001,P002,5,portal
2026-06-09,T0001,P003,25,portal
2026-06-09,T0001,P004,6,portal
2026-06-09,T0001,P005,23,portal
2026-06-09,T0001,P006,26,portal
2026-06-09,T0001,P007,27,portal
2026-06-09,T0001,P008,7,portal
2026-06-09,T0001,P009,0,portal
2026-06-09,T0001,P010,7,portal
2026-06-09,T0001,P011,19,portal
2026-06-09,T0001,P012,3,portal
2026-06-09,T0001,P013,2,portal
2026-06-09,T0001,P014,21,portal
2026-06-09,T0001,P015,4,portal
2026-06-09,T0001,P016,27,portal
2026-06-09,T0001,P017,3,portal
2026-06-09,T0001,P018,2,portal
2026-06-09,T0001,P019,23,portal
2026-06-09,T0001,P020,0,portal
2026-06-09,T0002,P001,0,portal
2026-06-09,T0002,P002,22,portal
2026-06-09,T0002,P003,49,portal
2026-06-09,T0002,P004,41,portal
2026-06-09,T0002,P005,11,portal
2026-06-09,T0002,P006,14,portal
2026-06-09,T0002,P007,0,portal
2026-06-09,T0002,P008,9,portal
2026-06-09,T0002,P009,16,portal
2026-06-09,T0002,P010,17,portal
2026-06-09,T0002,P011,30,portal
2026-06-09,T0002,P012,9,portal
2026-06-09,T0002,P013,2,portal
2026-06-09,T0002,P014,15,portal
2026-06-09,T0002,P015,6,portal
2026-06-09,T0002,P016,43,portal
2026-06-09,T0002,P017,0,portal
2026-06-09,T0002,P018,1,portal
2026-06-09,T0002,P019,5,portal
2026-06-09,T0002,P020,8,portal
2026-06-09,T0003,P001,2,portal
2026-06-09,T0003,P002,14,portal
2026-06-09,T0003,P003,0,portal
2026-06-09,T0003,P004,14,portal
2026-06-09,T0003,P005,17,portal
2026-06-09,T0003,P006,8,portal
2026-06-09,T0003,P007,22,portal
2026-06-09,T0003,P008,2,portal
2026-06-09,T0003,P009,3,portal
2026-06-09,T0003,P010,25,portal
2026-06-09,T0003,P011,10,portal
2026-06-09,T0003,P012,8,portal
2026-06-09,T0003,P013,5,portal
2026-06-09,T0003,P014,24,portal
2026-06-09,T0003,P015,3,portal
2026-06-09,T0003,P016,22,portal
2026-06-09,T0003,P017,0,portal
2026-06-09,T0003,P018,6,portal
2026-06-09,T0003,P019,1,portal
2026-06-09,T0003,P020,3,portal
2026-06-09,T0004,P001,2,portal
2026-06-09,T0004,P002,7,portal
2026-06-09,T0004,P003,7,portal
2026-06-09,T0004,P004,4,portal
2026-06-09,T0004,P005,1,portal
2026-06-09,T0004,P006,10,portal
2026-06-09,T0004,P007,24,portal
2026-06-09,T0004,P008,3,portal
2026-06-09,T0004,P009,10,portal
2026-06-09,T0004,P010,24,portal
2026-06-09,T0004,P011,20,portal
2026-06-09,T0004,P012,8,portal
2026-06-09,T0004,P013,5,portal
2026-06-09,T0004,P014,6,portal
2026-06-09,T0004,P015,8,portal
2026-06-09,T0004,P016,9,portal
2026-06-09,T0004,P017,0,portal
2026-06-09,T0004,P018,2,portal
2026-06-09,T0004,P019,5,portal
2026-06-09,T0004,P020,2,portal
2026-06-09,T0005,P001,1,portal
2026-06-09,T0005,P002,16,portal
2026-06-09,T0005,P003,4,portal
2026-06-09,T0005,P004,24,portal
2026-06-09,T0005,P005,20,portal
2026-06-09,T0005,P006,8,portal
2026-06-09,T0005,P007,16,portal
2026-06-09,T0005,P008,18,portal
2026-06-09,T0005,P009,0,portal
2026-06-09,T0005,P010,6,portal
2026-06-09,T0005,P011,4,portal
2026-06-09,T0005,P012,5,portal
2026-06-09,T0005,P013,3,portal
2026-06-09,T0005,P014,20,portal
2026-06-09,T0005,P015,3,portal
2026-06-09,T0005,P016,2,portal
2026-06-09,T0005,P017,1,portal
2026-06-09,T0005,P018,2,portal
2026-06-09,T0005,P019,6,portal
2026-06-09,T0005,P020,7,portal
2026-06-09,T0006,P001,10,portal
2026-06-09,T0006,P002,42,portal
2026-06-09,T0006,P003,74,portal
2026-06-09,T0006,P004,11,portal
2026-06-09,T0006,P005,55,portal
2026-06-09,T0006,P006,15,portal
2026-06-09,T0006,P007,0,portal
2026-06-09,T0006,P008,7,portal
2026-06-09,T0006,P009,4,portal
2026-06-09,T0006,P010,68,portal
2026-06-09,T0006,P011,16,portal
2026-06-09,T0006,P012,6,portal
2026-06-09,T0006,P013,13,portal
2026-06-09,T0006,P014,17,portal
2026-06-09,T0006,P015,24,portal
2026-06-09,T0006,P016,19,portal
2026-06-09,T0006,P017,7,portal
2026-06-09,T0006,P018,3,portal
2026-06-09,T0006,P019,9,portal
2026-06-09,T0006,P020,7,portal
2026-06-09,T0007,P001,2,portal
2026-06-09,T0007,P002,24,portal
2026-06-09,T0007,P003,56,portal
2026-06-09,T0007,P004,11,portal
2026-06-09,T0007,P005,37,portal
2026-06-09,T0007,P006,21,portal
2026-06-09,T0007,P007,6,portal
2026-06-09,T0007,P008,1,portal
2026-06-09,T0007,P009,14,portal
2026-06-09,T0007,P010,33,portal
2026-06-09,T0007,P011,14,portal
2026-06-09,T0007,P012,15,portal
2026-06-09,T0007,P013,4,portal
2026-06-09,T0007,P014,40,portal
2026-06-09,T0007,P015,8,portal
2026-06-09,T0007,P016,49,portal
2026-06-09,T0007,P017,5,portal
2026-06-09,T0007,P018,9,portal
2026-06-09,T0007,P019,41,portal
2026-06-09,T0007,P020,11,portal
2026-06-09,T0008,P001,7,portal
2026-06-09,T0008,P002,15,portal
2026-06-09,T0008,P003,0,portal
2026-06-09,T0008,P004,73,portal
2026-06-09,T0008,P005,59,portal
2026-06-09,T0008,P006,34,portal
2026-06-09,T0008,P007,14,portal
2026-06-09,T0008,P008,13,portal
2026-06-09,T0008,P009,12,portal
2026-06-09,T0008,P010,13,portal
2026-06-09,T0008,P011,6,portal
2026-06-09,T0008,P012,7,portal
2026-06-09,T0008,P013,7,portal
2026-06-09,T0008,P014,16,portal
2026-06-09,T0008,P015,23,portal
2026-06-09,T0008,P016,12,portal
2026-06-09,T0008,P017,22,portal
2026-06-09,T0008,P018,12,portal
2026-06-09,T0008,P019,75,portal
2026-06-09,T0008,P020,0,portal
2026-06-09,T0009,P001,1,portal
2026-06-09,T0009,P002,27,portal
2026-06-09,T0009,P003,18,portal
2026-06-09,T0009,P004,49,portal
2026-06-09,T0009,P005,6,portal
2026-06-09,T0009,P006,47,portal
2026-06-09,T0009,P007,7,portal
2026-06-09,T0009,P008,28,portal
2026-06-09,T0009,P009,21,portal
2026-06-09,T0009,P010,13,portal
2026-06-09,T0009,P011,1,portal
2026-06-09,T0009,P012,2,portal
2026-06-09,T0009,P013,6,portal
2026-06-09,T0009,P014,45,portal
2026-06-09,T0009,P015,18,portal
2026-06-09,T0009,P016,8,portal
2026-06-09,T0009,P017,15,portal
2026-06-09,T0009,P018,12,portal
2026-06-09,T0009,P019,8,portal
2026-06-09,T0009,P020,2,portal
2026-06-09,T0010,P001,1,portal
2026-06-09,T0010,P002,16,portal
2026-06-09,T0010,P003,12,portal
2026-06-09,T0010,P004,9,portal
2026-06-09,T0010,P005,6,portal
2026-06-09,T0010,P006,6,portal
2026-06-09,T0010,P007,7,portal
2026-06-09,T0010,P008,18,portal
2026-06-09,T0010,P009,6,portal
2026-06-09,T0010,P010,5,portal
2026-06-09,T0010,P011,8,portal
2026-06-09,T0010,P012,7,portal
2026-06-09,T0010,P013,4,portal
2026-06-09,T0010,P014,27,portal
2026-06-09,T0010,P015,5,portal
2026-06-09,T0010,P016,5,portal
2026-06-09,T0010,P017,0,portal
2026-06-09,T0010,P018,2,portal
2026-06-09,T0010,P019,6,portal
2026-06-09,T0010,P020,9,portal
2026-06-09,T0011,P001,1,portal
2026-06-09,T0011,P002,9,portal
2026-06-09,T0011,P003,0,portal
2026-06-09,T0011,P004,16,portal
2026-06-09,T0011,P005,12,portal
2026-06-09,T0011,P006,7,portal
2026-06-09,T0011,P007,20,portal
2026-06-09,T0011,P008,2,portal
2026-06-09,T0011,P009,1,portal
2026-06-09,T0011,P010,4,portal
2026-06-09,T0011,P011,15,portal
2026-06-09,T0011,P012,8,portal
2026-06-09,T0011,P013,1,portal
2026-06-09,T0011,P014,16,portal
2026-06-09,T0011,P015,7,portal
2026-06-09,T0011,P016,16,portal
2026-06-09,T0011,P017,0,portal
2026-06-09,T0011,P018,1,portal
2026-06-09,T0011,P019,2,portal
2026-06-09,T0011,P020,1,portal
2026-06-09,T0012,P001,1,portal
2026-06-09,T0012,P002,7,portal
2026-06-09,T0012,P003,3,portal
2026-06-09,T0012,P004,4,portal
2026-06-09,T0012,P005,7,portal
2026-06-09,T0012,P006,16,portal
2026-06-09,T0012,P007,0,portal
2026-06-09,T0012,P008,4,portal
2026-06-09,T0012,P009,5,portal
2026-06-09,T0012,P010,1,portal
2026-06-09,T0012,P011,14,portal
2026-06-09,T0012,P012,4,portal
2026-06-09,T0012,P013,2,portal
2026-06-09,T0012,P014,5,portal
2026-06-09,T0012,P015,0,portal
2026-06-09,T0012,P016,1,portal
2026-06-09,T0012,P017,1,portal
2026-06-09,T0012,P018,2,portal
2026-06-09,T0012,P019,16,portal
2026-06-09,T0012,P020,3,portal
2026-06-09,T0013,P001,4,portal
2026-06-09,T0013,P002,0,portal
2026-06-09,T0013,P003,0,portal
2026-06-09,T0013,P004,31,portal
2026-06-09,T0013,P005,4,portal
2026-06-09,T0013,P006,29,portal
2026-06-09,T0013,P007,30,portal
2026-06-09,T0013,P008,15,portal
2026-06-09,T0013,P009,6,portal
2026-06-09,T0013,P010,4,portal
2026-06-09,T0013,P011,9,portal
2026-06-09,T0013,P012,5,portal
2026-06-09,T0013,P013,4,portal
2026-06-09,T0013,P014,27,portal
2026-06-09,T0013,P015,2,portal
2026-06-09,T0013,P016,10,portal
2026-06-09,T0013,P017,3,portal
2026-06-09,T0013,P018,1,portal
2026-06-09,T0013,P019,14,portal
2026-06-09,T0013,P020,0,portal
2026-06-09,T0014,P001,1,portal
2026-06-09,T0014,P002,4,portal
2026-06-09,T0014,P003,5,portal
2026-06-09,T0014,P004,31,portal
2026-06-09,T0014,P005,7,portal
2026-06-09,T0014,P006,33,portal
2026-06-09,T0014,P007,0,portal
2026-06-09,T0014,P008,18,portal
2026-06-09,T0014,P009,7,portal
2026-06-09,T0014,P010,3,portal
2026-06-09,T0014,P011,6,portal
2026-06-09,T0014,P012,6,portal
2026-06-09,T0014,P013,6,portal
2026-06-09,T0014,P014,8,portal
2026-06-09,T0014,P015,7,portal
2026-06-09,T0014,P016,9,portal
2026-06-09,T0014,P017,10,portal
2026-06-09,T0014,P018,2,portal
2026-06-09,T0014,P019,6,portal
2026-06-09,T0014,P020,0,portal
2026-06-09,T0021,P001,3,preventa
2026-06-09,T0021,P002,8,preventa
2026-06-09,T0021,P003,0,preventa
2026-06-09,T0021,P004,5,preventa
2026-06-09,T0021,P005,4,preventa
2026-06-09,T0021,P006,14,preventa
2026-06-09,T0021,P007,13,preventa
2026-06-09,T0021,P008,8,preventa
2026-06-09,T0021,P009,5,preventa
2026-06-09,T0021,P010,12,preventa
2026-06-09,T0021,P011,3,preventa
2026-06-09,T0021,P012,3,preventa
2026-06-09,T0021,P013,4,preventa
2026-06-09,T0021,P014,3,preventa
2026-06-09,T0021,P015,0,preventa
2026-06-09,T0021,P016,0,preventa
2026-06-09,T0021,P017,1,preventa
2026-06-09,T0021,P018,3,preventa
2026-06-09,T0021,P019,5,preventa
2026-06-09,T0021,P020,2,preventa
2026-06-09,T0024,P001,4,preventa
2026-06-09,T0024,P002,0,preventa
2026-06-09,T0024,P003,1,preventa
2026-06-09,T0024,P004,12,preventa
2026-06-09,T0024,P005,11,preventa
2026-06-09,T0024,P006,5,preventa
2026-06-09,T0024,P007,0,preventa
2026-06-09,T0024,P008,8,preventa
2026-06-09,T0024,P009,2,preventa
2026-06-09,T0024,P010,7,preventa
2026-06-09,T0024,P011,0,preventa
2026-06-09,T0024,P012,3,preventa
2026-06-09,T0024,P013,2,preventa
2026-06-09,T0024,P014,3,preventa
2026-06-09,T0024,P015,4,preventa
2026-06-09,T0024,P016,5,preventa
2026-06-09,T0024,P017,4,preventa
2026-06-09,T0024,P018,0,preventa
2026-06-09,T0024,P019,14,preventa
2026-06-09,T0024,P020,1,preventa
2026-06-09,T0027,P001,3,preventa
2026-06-09,T0027,P002,1,preventa
2026-06-09,T0027,P003,15,preventa
2026-06-09,T0027,P004,8,preventa
2026-06-09,T0027,P005,1,preventa
2026-06-09,T0027,P006,2,preventa
2026-06-09,T0027,P007,5,preventa
2026-06-09,T0027,P008,2,preventa
2026-06-09,T0027,P009,1,preventa
2026-06-09,T0027,P010,4,preventa
2026-06-09,T0027,P011,7,preventa
2026-06-09,T0027,P012,6,preventa
2026-06-09,T0027,P013,4,preventa
2026-06-09,T0027,P014,13,preventa
2026-06-09,T0027,P015,2,preventa
2026-06-09,T0027,P016,13,preventa
2026-06-09,T0027,P017,3,preventa
2026-06-09,T0027,P018,1,preventa
2026-06-09,T0027,P019,2,preventa
2026-06-09,T0027,P020,0,preventa
2026-06-09,T0034,P001,2,preventa
2026-06-09,T0034,P002,8,preventa
2026-06-09,T0034,P003,0,preventa
2026-06-09,T0034,P004,12,preventa
2026-06-09,T0034,P005,6,preventa
2026-06-09,T0034,P006,11,preventa
2026-06-09,T0034,P007,12,preventa
2026-06-09,T0034,P008,3,preventa
2026-06-09,T0034,P009,6,preventa
2026-06-09,T0034,P010,5,preventa
2026-06-09,T0034,P011,7,preventa
2026-06-09,T0034,P012,4,preventa
2026-06-09,T0034,P013,2,preventa
2026-06-09,T0034,P014,12,preventa
2026-06-09,T0034,P015,4,preventa
2026-06-09,T0034,P016,7,preventa
2026-06-09,T0034,P017,0,preventa
2026-06-09,T0034,P018,4,preventa
2026-06-09,T0034,P019,5,preventa
2026-06-09,T0034,P020,1,preventa
2026-06-09,T0040,P001,4,preventa
2026-06-09,T0040,P002,4,preventa
2026-06-09,T0040,P003,0,preventa
2026-06-09,T0040,P004,20,preventa
2026-06-09,T0040,P005,17,preventa
2026-06-09,T0040,P006,8,preventa
2026-06-09,T0040,P007,23,preventa
2026-06-09,T0040,P008,12,preventa
2026-06-09,T0040,P009,2,preventa
2026-06-09,T0040,P010,3,preventa
2026-06-09,T0040,P011,13,preventa
2026-06-09,T0040,P012,1,preventa
2026-06-09,T0040,P013,3,preventa
2026-06-09,T0040,P014,9,preventa
2026-06-09,T0040,P015,8,preventa
2026-06-09,T0040,P016,22,preventa
2026-06-09,T0040,P017,2,preventa
2026-06-09,T0040,P018,4,preventa
2026-06-09,T0040,P019,21,preventa
2026-06-09,T0040,P020,4,preventa
2026-06-10,T0001,P001,4,portal
2026-06-10,T0001,P002,5,portal
2026-06-10,T0001,P003,21,portal
2026-06-10,T0001,P004,2,portal
2026-06-10,T0001,P005,22,portal
2026-06-10,T0001,P006,25,portal
2026-06-10,T0001,P007,0,portal
2026-06-10,T0001,P008,3,portal
2026-06-10,T0001,P009,0,portal
2026-06-10,T0001,P010,7,portal
2026-06-10,T0001,P011,13,portal
2026-06-10,T0001,P012,2,portal
2026-06-10,T0001,P013,2,portal
2026-06-10,T0001,P014,17,portal
2026-06-10,T0001,P015,2,portal
2026-06-10,T0001,P016,25,portal
2026-06-10,T0001,P017,3,portal
2026-06-10,T0001,P018,2,portal
2026-06-10,T0001,P019,21,portal
2026-06-10,T0001,P020,0,portal
2026-06-10,T0002,P001,0,portal
2026-06-10,T0002,P002,19,portal
2026-06-10,T0002,P003,45,portal
2026-06-10,T0002,P004,36,portal
2026-06-10,T0002,P005,5,portal
2026-06-10,T0002,P006,6,portal
2026-06-10,T0002,P007,0,portal
2026-06-10,T0002,P008,5,portal
2026-06-10,T0002,P009,15,portal
2026-06-10,T0002,P010,14,portal
2026-06-10,T0002,P011,26,portal
2026-06-10,T0002,P012,6,portal
2026-06-10,T0002,P013,1,portal
2026-06-10,T0002,P014,13,portal
2026-06-10,T0002,P015,4,portal
2026-06-10,T0002,P016,33,portal
2026-06-10,T0002,P017,0,portal
2026-06-10,T0002,P018,0,portal
2026-06-10,T0002,P019,0,portal
2026-06-10,T0002,P020,8,portal
2026-06-10,T0003,P001,2,portal
2026-06-10,T0003,P002,14,portal
2026-06-10,T0003,P003,0,portal
2026-06-10,T0003,P004,12,portal
2026-06-10,T0003,P005,15,portal
2026-06-10,T0003,P006,4,portal
2026-06-10,T0003,P007,18,portal
2026-06-10,T0003,P008,0,portal
2026-06-10,T0003,P009,3,portal
2026-06-10,T0003,P010,21,portal
2026-06-10,T0003,P011,8,portal
2026-06-10,T0003,P012,7,portal
2026-06-10,T0003,P013,5,portal
2026-06-10,T0003,P014,20,portal
2026-06-10,T0003,P015,0,portal
2026-06-10,T0003,P016,16,portal
2026-06-10,T0003,P017,0,portal
2026-06-10,T0003,P018,5,portal
2026-06-10,T0003,P019,0,portal
2026-06-10,T0003,P020,1,portal
2026-06-10,T0004,P001,2,portal
2026-06-10,T0004,P002,5,portal
2026-06-10,T0004,P003,0,portal
2026-06-10,T0004,P004,0,portal
2026-06-10,T0004,P005,0,portal
2026-06-10,T0004,P006,7,portal
2026-06-10,T0004,P007,21,portal
2026-06-10,T0004,P008,3,portal
2026-06-10,T0004,P009,9,portal
2026-06-10,T0004,P010,23,portal
2026-06-10,T0004,P011,18,portal
2026-06-10,T0004,P012,7,portal
2026-06-10,T0004,P013,5,portal
2026-06-10,T0004,P014,4,portal
2026-06-10,T0004,P015,6,portal
2026-06-10,T0004,P016,5,portal
2026-06-10,T0004,P017,0,portal
2026-06-10,T0004,P018,1,portal
2026-06-10,T0004,P019,1,portal
2026-06-10,T0004,P020,1,portal
2026-06-10,T0005,P001,1,portal
2026-06-10,T0005,P002,13,portal
2026-06-10,T0005,P003,1,portal
2026-06-10,T0005,P004,21,portal
2026-06-10,T0005,P005,19,portal
2026-06-10,T0005,P006,8,portal
2026-06-10,T0005,P007,11,portal
2026-06-10,T0005,P008,18,portal
2026-06-10,T0005,P009,0,portal
2026-06-10,T0005,P010,6,portal
2026-06-10,T0005,P011,1,portal
2026-06-10,T0005,P012,2,portal
2026-06-10,T0005,P013,1,portal
2026-06-10,T0005,P014,20,portal
2026-06-10,T0005,P015,3,portal
2026-06-10,T0005,P016,0,portal
2026-06-10,T0005,P017,1,portal
2026-06-10,T0005,P018,1,portal
2026-06-10,T0005,P019,4,portal
2026-06-10,T0005,P020,5,portal
2026-06-10,T0006,P001,10,portal
2026-06-10,T0006,P002,35,portal
2026-06-10,T0006,P003,65,portal
2026-06-10,T0006,P004,2,portal
2026-06-10,T0006,P005,52,portal
2026-06-10,T0006,P006,7,portal
2026-06-10,T0006,P007,0,portal
2026-06-10,T0006,P008,4,portal
2026-06-10,T0006,P009,1,portal
2026-06-10,T0006,P010,61,portal
2026-06-10,T0006,P011,14,portal
2026-06-10,T0006,P012,3,portal
2026-06-10,T0006,P013,12,portal
2026-06-10,T0006,P014,8,portal
2026-06-10,T0006,P015,21,portal
2026-06-10,T0006,P016,11,portal
2026-06-10,T0006,P017,3,portal
2026-06-10,T0006,P018,0,portal
2026-06-10,T0006,P019,2,portal
2026-06-10,T0006,P020,6,portal
2026-06-10,T0007,P001,2,portal
2026-06-10,T0007,P002,23,portal
2026-06-10,T0007,P003,52,portal
2026-06-10,T0007,P004,2,portal
2026-06-10,T0007,P005,33,portal
2026-06-10,T0007,P006,20,portal
2026-06-10,T0007,P007,0,portal
2026-06-10,T0007,P008,0,portal
2026-06-10,T0007,P009,13,portal
2026-06-10,T0007,P010,26,portal
2026-06-10,T0007,P011,11,portal
2026-06-10,T0007,P012,9,portal
2026-06-10,T0007,P013,4,portal
2026-06-10,T0007,P014,32,portal
2026-06-10,T0007,P015,3,portal
2026-06-10,T0007,P016,44,portal
2026-06-10,T0007,P017,2,portal
2026-06-10,T0007,P018,8,portal
2026-06-10,T0007,P019,36,portal
2026-06-10,T0007,P020,9,portal
2026-06-10,T0008,P001,6,portal
2026-06-10,T0008,P002,9,portal
2026-06-10,T0008,P003,0,portal
2026-06-10,T0008,P004,68,portal
2026-06-10,T0008,P005,53,portal
2026-06-10,T0008,P006,25,portal
2026-06-10,T0008,P007,7,portal
2026-06-10,T0008,P008,8,portal
2026-06-10,T0008,P009,8,portal
2026-06-10,T0008,P010,2,portal
2026-06-10,T0008,P011,0,portal
2026-06-10,T0008,P012,4,portal
2026-06-10,T0008,P013,6,portal
2026-06-10,T0008,P014,9,portal
2026-06-10,T0008,P015,21,portal
2026-06-10,T0008,P016,2,portal
2026-06-10,T0008,P017,21,portal
2026-06-10,T0008,P018,11,portal
2026-06-10,T0008,P019,71,portal
2026-06-10,T0008,P020,0,portal
2026-06-10,T0009,P001,1,portal
2026-06-10,T0009,P002,24,portal
2026-06-10,T0009,P003,12,portal
2026-06-10,T0009,P004,38,portal
2026-06-10,T0009,P005,1,portal
2026-06-10,T0009,P006,38,portal
2026-06-10,T0009,P007,0,portal
2026-06-10,T0009,P008,28,portal
2026-06-10,T0009,P009,15,portal
2026-06-10,T0009,P010,10,portal
2026-06-10,T0009,P011,0,portal
2026-06-10,T0009,P012,0,portal
2026-06-10,T0009,P013,6,portal
2026-06-10,T0009,P014,42,portal
2026-06-10,T0009,P015,15,portal
2026-06-10,T0009,P016,2,portal
2026-06-10,T0009,P017,12,portal
2026-06-10,T0009,P018,12,portal
2026-06-10,T0009,P019,0,portal
2026-06-10,T0009,P020,2,portal
2026-06-10,T0010,P001,1,portal
2026-06-10,T0010,P002,15,portal
2026-06-10,T0010,P003,11,portal
2026-06-10,T0010,P004,5,portal
2026-06-10,T0010,P005,0,portal
2026-06-10,T0010,P006,4,portal
2026-06-10,T0010,P007,0,portal
2026-06-10,T0010,P008,18,portal
2026-06-10,T0010,P009,4,portal
2026-06-10,T0010,P010,2,portal
2026-06-10,T0010,P011,5,portal
2026-06-10,T0010,P012,5,portal
2026-06-10,T0010,P013,4,portal
2026-06-10,T0010,P014,23,portal
2026-06-10,T0010,P015,4,portal
2026-06-10,T0010,P016,0,portal
2026-06-10,T0010,P017,0,portal
2026-06-10,T0010,P018,1,portal
2026-06-10,T0010,P019,1,portal
2026-06-10,T0010,P020,9,portal
2026-06-10,T0011,P001,1,portal
2026-06-10,T0011,P002,9,portal
2026-06-10,T0011,P003,0,portal
2026-06-10,T0011,P004,15,portal
2026-06-10,T0011,P005,11,portal
2026-06-10,T0011,P006,4,portal
2026-06-10,T0011,P007,19,portal
2026-06-10,T0011,P008,0,portal
2026-06-10,T0011,P009,0,portal
2026-06-10,T0011,P010,4,portal
2026-06-10,T0011,P011,13,portal
2026-06-10,T0011,P012,8,portal
2026-06-10,T0011,P013,0,portal
2026-06-10,T0011,P014,15,portal
2026-06-10,T0011,P015,4,portal
2026-06-10,T0011,P016,12,portal
2026-06-10,T0011,P017,0,portal
2026-06-10,T0011,P018,1,portal
2026-06-10,T0011,P019,0,portal
2026-06-10,T0011,P020,0,portal
2026-06-10,T0012,P001,1,portal
2026-06-10,T0012,P002,6,portal
2026-06-10,T0012,P003,0,portal
2026-06-10,T0012,P004,1,portal
2026-06-10,T0012,P005,6,portal
2026-06-10,T0012,P006,13,portal
2026-06-10,T0012,P007,0,portal
2026-06-10,T0012,P008,4,portal
2026-06-10,T0012,P009,4,portal
2026-06-10,T0012,P010,0,portal
2026-06-10,T0012,P011,11,portal
2026-06-10,T0012,P012,4,portal
2026-06-10,T0012,P013,1,portal
2026-06-10,T0012,P014,4,portal
2026-06-10,T0012,P015,0,portal
2026-06-10,T0012,P016,0,portal
2026-06-10,T0012,P017,0,portal
2026-06-10,T0012,P018,2,portal
2026-06-10,T0012,P019,15,portal
2026-06-10,T0012,P020,3,portal
2026-06-10,T0013,P001,4,portal
2026-06-10,T0013,P002,0,portal
2026-06-10,T0013,P003,0,portal
2026-06-10,T0013,P004,28,portal
2026-06-10,T0013,P005,2,portal
2026-06-10,T0013,P006,27,portal
2026-06-10,T0013,P007,26,portal
2026-06-10,T0013,P008,15,portal
2026-06-10,T0013,P009,3,portal
2026-06-10,T0013,P010,2,portal
2026-06-10,T0013,P011,9,portal
2026-06-10,T0013,P012,5,portal
2026-06-10,T0013,P013,3,portal
2026-06-10,T0013,P014,22,portal
2026-06-10,T0013,P015,0,portal
2026-06-10,T0013,P016,6,portal
2026-06-10,T0013,P017,0,portal
2026-06-10,T0013,P018,1,portal
2026-06-10,T0013,P019,11,portal
2026-06-10,T0013,P020,0,portal
2026-06-10,T0014,P001,1,portal
2026-06-10,T0014,P002,3,portal
2026-06-10,T0014,P003,1,portal
2026-06-10,T0014,P004,25,portal
2026-06-10,T0014,P005,4,portal
2026-06-10,T0014,P006,30,portal
2026-06-10,T0014,P007,0,portal
2026-06-10,T0014,P008,15,portal
2026-06-10,T0014,P009,6,portal
2026-06-10,T0014,P010,0,portal
2026-06-10,T0014,P011,2,portal
2026-06-10,T0014,P012,3,portal
2026-06-10,T0014,P013,5,portal
2026-06-10,T0014,P014,5,portal
2026-06-10,T0014,P015,5,portal
2026-06-10,T0014,P016,1,portal
2026-06-10,T0014,P017,8,portal
2026-06-10,T0014,P018,1,portal
2026-06-10,T0014,P019,0,portal
2026-06-10,T0014,P020,0,portal
2026-06-10,T0023,P001,2,preventa
2026-06-10,T0023,P002,2,preventa
2026-06-10,T0023,P003,5,preventa
2026-06-10,T0023,P004,8,preventa
2026-06-10,T0023,P005,1,preventa
2026-06-10,T0023,P006,6,preventa
2026-06-10,T0023,P007,0,preventa
2026-06-10,T0023,P008,5,preventa
2026-06-10,T0023,P009,0,preventa
2026-06-10,T0023,P010,8,preventa
2026-06-10,T0023,P011,7,preventa
2026-06-10,T0023,P012,2,preventa
2026-06-10,T0023,P013,1,preventa
2026-06-10,T0023,P014,6,preventa
2026-06-10,T0023,P015,1,preventa
2026-06-10,T0023,P016,7,preventa
2026-06-10,T0023,P017,0,preventa
2026-06-10,T0023,P018,4,preventa
2026-06-10,T0023,P019,4,preventa
2026-06-10,T0023,P020,4,preventa
2026-06-10,T0026,P001,2,preventa
2026-06-10,T0026,P002,4,preventa
2026-06-10,T0026,P003,0,preventa
2026-06-10,T0026,P004,4,preventa
2026-06-10,T0026,P005,0,preventa
2026-06-10,T0026,P006,0,preventa
2026-06-10,T0026,P007,8,preventa
2026-06-10,T0026,P008,1,preventa
2026-06-10,T0026,P009,1,preventa
2026-06-10,T0026,P010,7,preventa
2026-06-10,T0026,P011,5,preventa
2026-06-10,T0026,P012,2,preventa
2026-06-10,T0026,P013,0,preventa
2026-06-10,T0026,P014,2,preventa
2026-06-10,T0026,P015,1,preventa
2026-06-10,T0026,P016,2,preventa
2026-06-10,T0026,P017,3,preventa
2026-06-10,T0026,P018,1,preventa
2026-06-10,T0026,P019,7,preventa
2026-06-10,T0026,P020,2,preventa
2026-06-10,T0029,P001,1,preventa
2026-06-10,T0029,P002,8,preventa
2026-06-10,T0029,P003,0,preventa
2026-06-10,T0029,P004,8,preventa
2026-06-10,T0029,P005,9,preventa
2026-06-10,T0029,P006,12,preventa
2026-06-10,T0029,P007,8,preventa
2026-06-10,T0029,P008,6,preventa
2026-06-10,T0029,P009,2,preventa
2026-06-10,T0029,P010,13,preventa
2026-06-10,T0029,P011,4,preventa
2026-06-10,T0029,P012,4,preventa
2026-06-10,T0029,P013,3,preventa
2026-06-10,T0029,P014,10,preventa
2026-06-10,T0029,P015,4,preventa
2026-06-10,T0029,P016,9,preventa
2026-06-10,T0029,P017,5,preventa
2026-06-10,T0029,P018,1,preventa
2026-06-10,T0029,P019,4,preventa
2026-06-10,T0029,P020,1,preventa
2026-06-10,T0036,P001,4,preventa
2026-06-10,T0036,P002,3,preventa
2026-06-10,T0036,P003,6,preventa
2026-06-10,T0036,P004,0,preventa
2026-06-10,T0036,P005,2,preventa
2026-06-10,T0036,P006,7,preventa
2026-06-10,T0036,P007,0,preventa
2026-06-10,T0036,P008,1,preventa
2026-06-10,T0036,P009,2,preventa
2026-06-10,T0036,P010,0,preventa
2026-06-10,T0036,P011,5,preventa
2026-06-10,T0036,P012,0,preventa
2026-06-10,T0036,P013,4,preventa
2026-06-10,T0036,P014,7,preventa
2026-06-10,T0036,P015,3,preventa
2026-06-10,T0036,P016,4,preventa
2026-06-10,T0036,P017,0,preventa
2026-06-10,T0036,P018,3,preventa
2026-06-10,T0036,P019,0,preventa
2026-06-10,T0036,P020,2,preventa
2026-06-10,T0038,P001,1,preventa
2026-06-10,T0038,P002,4,preventa
2026-06-10,T0038,P003,4,preventa
2026-06-10,T0038,P004,3,preventa
2026-06-10,T0038,P005,7,preventa
2026-06-10,T0038,P006,8,preventa
2026-06-10,T0038,P007,0,preventa
2026-06-10,T0038,P008,10,preventa
2026-06-10,T0038,P009,5,preventa
2026-06-10,T0038,P010,13,preventa
2026-06-10,T0038,P011,3,preventa
2026-06-10,T0038,P012,1,preventa
2026-06-10,T0038,P013,3,preventa
2026-06-10,T0038,P014,12,preventa
2026-06-10,T0038,P015,4,preventa
2026-06-10,T0038,P016,11,preventa
2026-06-10,T0038,P017,4,preventa
2026-06-10,T0038,P018,1,preventa
2026-06-10,T0038,P019,12,preventa
2026-06-10,T0038,P020,4,preventa
2026-06-10,T0039,P001,4,preventa
2026-06-10,T0039,P002,9,preventa
2026-06-10,T0039,P003,2,preventa
2026-06-10,T0039,P004,2,preventa
2026-06-10,T0039,P005,4,preventa
2026-06-10,T0039,P006,18,preventa
2026-06-10,T0039,P007,22,preventa
2026-06-10,T0039,P008,0,preventa
2026-06-10,T0039,P009,9,preventa
2026-06-10,T0039,P010,0,preventa
2026-06-10,T0039,P011,18,preventa
2026-06-10,T0039,P012,0,preventa
2026-06-10,T0039,P013,2,preventa
2026-06-10,T0039,P014,4,preventa
2026-06-10,T0039,P015,0,preventa
2026-06-10,T0039,P016,4,preventa
2026-06-10,T0039,P017,7,preventa
2026-06-10,T0039,P018,2,preventa
2026-06-10,T0039,P019,18,preventa
2026-06-10,T0039,P020,4,preventa
2026-06-11,T0001,P001,4,portal
2026-06-11,T0001,P002,0,portal
2026-06-11,T0001,P003,20,portal
2026-06-11,T0001,P004,0,portal
2026-06-11,T0001,P005,18,portal
2026-06-11,T0001,P006,21,portal
2026-06-11,T0001,P007,0,portal
2026-06-11,T0001,P008,3,portal
2026-06-11,T0001,P009,0,portal
2026-06-11,T0001,P010,4,portal
2026-06-11,T0001,P011,13,portal
2026-06-11,T0001,P012,0,portal
2026-06-11,T0001,P013,1,portal
2026-06-11,T0001,P014,15,portal
2026-06-11,T0001,P015,2,portal
2026-06-11,T0001,P016,23,portal
2026-06-11,T0001,P017,3,portal
2026-06-11,T0001,P018,2,portal
2026-06-11,T0001,P019,16,portal
2026-06-11,T0001,P020,0,portal
2026-06-11,T0002,P001,0,portal
2026-06-11,T0002,P002,19,portal
2026-06-11,T0002,P003,41,portal
2026-06-11,T0002,P004,29,portal
2026-06-11,T0002,P005,2,portal
2026-06-11,T0002,P006,0,portal
2026-06-11,T0002,P007,0,portal
2026-06-11,T0002,P008,3,portal
2026-06-11,T0002,P009,13,portal
2026-06-11,T0002,P010,10,portal
2026-06-11,T0002,P011,24,portal
2026-06-11,T0002,P012,3,portal
2026-06-11,T0002,P013,0,portal
2026-06-11,T0002,P014,9,portal
2026-06-11,T0002,P015,2,portal
2026-06-11,T0002,P016,29,portal
2026-06-11,T0002,P017,0,portal
2026-06-11,T0002,P018,0,portal
2026-06-11,T0002,P019,0,portal
2026-06-11,T0002,P020,6,portal
2026-06-11,T0003,P001,0,portal
2026-06-11,T0003,P002,10,portal
2026-06-11,T0003,P003,0,portal
2026-06-11,T0003,P004,7,portal
2026-06-11,T0003,P005,15,portal
2026-06-11,T0003,P006,4,portal
2026-06-11,T0003,P007,16,portal
2026-06-11,T0003,P008,0,portal
2026-06-11,T0003,P009,3,portal
2026-06-11,T0003,P010,20,portal
2026-06-11,T0003,P011,4,portal
2026-06-11,T0003,P012,7,portal
2026-06-11,T0003,P013,5,portal
2026-06-11,T0003,P014,18,portal
2026-06-11,T0003,P015,0,portal
2026-06-11,T0003,P016,14,portal
2026-06-11,T0003,P017,0,portal
2026-06-11,T0003,P018,5,portal
2026-06-11,T0003,P019,0,portal
2026-06-11,T0003,P020,0,portal
2026-06-11,T0004,P001,2,portal
2026-06-11,T0004,P002,3,portal
2026-06-11,T0004,P003,0,portal
2026-06-11,T0004,P004,0,portal
2026-06-11,T0004,P005,0,portal
2026-06-11,T0004,P006,4,portal
2026-06-11,T0004,P007,16,portal
2026-06-11,T0004,P008,1,portal
2026-06-11,T0004,P009,9,portal
2026-06-11,T0004,P010,20,portal
2026-06-11,T0004,P011,16,portal
2026-06-11,T0004,P012,4,portal
2026-06-11,T0004,P013,5,portal
2026-06-11,T0004,P014,2,portal
2026-06-11,T0004,P015,5,portal
2026-06-11,T0004,P016,1,portal
2026-06-11,T0004,P017,0,portal
2026-06-11,T0004,P018,1,portal
2026-06-11,T0004,P019,0,portal
2026-06-11,T0004,P020,0,portal
2026-06-11,T0005,P001,0,portal
2026-06-11,T0005,P002,12,portal
2026-06-11,T0005,P003,0,portal
2026-06-11,T0005,P004,19,portal
2026-06-11,T0005,P005,17,portal
2026-06-11,T0005,P006,7,portal
2026-06-11,T0005,P007,10,portal
2026-06-11,T0005,P008,18,portal
2026-06-11,T0005,P009,0,portal
2026-06-11,T0005,P010,6,portal
2026-06-11,T0005,P011,0,portal
2026-06-11,T0005,P012,0,portal
2026-06-11,T0005,P013,0,portal
2026-06-11,T0005,P014,18,portal
2026-06-11,T0005,P015,3,portal
2026-06-11,T0005,P016,0,portal
2026-06-11,T0005,P017,0,portal
2026-06-11,T0005,P018,1,portal
2026-06-11,T0005,P019,0,portal
2026-06-11,T0005,P020,5,portal
2026-06-11,T0006,P001,9,portal
2026-06-11,T0006,P002,27,portal
2026-06-11,T0006,P003,58,portal
2026-06-11,T0006,P004,0,portal
2026-06-11,T0006,P005,44,portal
2026-06-11,T0006,P006,0,portal
2026-06-11,T0006,P007,0,portal
2026-06-11,T0006,P008,0,portal
2026-06-11,T0006,P009,0,portal
2026-06-11,T0006,P010,55,portal
2026-06-11,T0006,P011,7,portal
2026-06-11,T0006,P012,3,portal
2026-06-11,T0006,P013,11,portal
2026-06-11,T0006,P014,4,portal
2026-06-11,T0006,P015,16,portal
2026-06-11,T0006,P016,2,portal
2026-06-11,T0006,P017,3,portal
2026-06-11,T0006,P018,0,portal
2026-06-11,T0006,P019,0,portal
2026-06-11,T0006,P020,6,portal
2026-06-11,T0007,P001,1,portal
2026-06-11,T0007,P002,23,portal
2026-06-11,T0007,P003,44,portal
2026-06-11,T0007,P004,0,portal
2026-06-11,T0007,P005,30,portal
2026-06-11,T0007,P006,16,portal
2026-06-11,T0007,P007,0,portal
2026-06-11,T0007,P008,0,portal
2026-06-11,T0007,P009,12,portal
2026-06-11,T0007,P010,23,portal
2026-06-11,T0007,P011,5,portal
2026-06-11,T0007,P012,5,portal
2026-06-11,T0007,P013,4,portal
2026-06-11,T0007,P014,27,portal
2026-06-11,T0007,P015,1,portal
2026-06-11,T0007,P016,39,portal
2026-06-11,T0007,P017,0,portal
2026-06-11,T0007,P018,8,portal
2026-06-11,T0007,P019,35,portal
2026-06-11,T0007,P020,8,portal
2026-06-11,T0008,P001,5,portal
2026-06-11,T0008,P002,5,portal
2026-06-11,T0008,P003,0,portal
2026-06-11,T0008,P004,56,portal
2026-06-11,T0008,P005,47,portal
2026-06-11,T0008,P006,22,portal
2026-06-11,T0008,P007,0,portal
2026-06-11,T0008,P008,4,portal
2026-06-11,T0008,P009,6,portal
2026-06-11,T0008,P010,0,portal
2026-06-11,T0008,P011,0,portal
2026-06-11,T0008,P012,2,portal
2026-06-11,T0008,P013,4,portal
2026-06-11,T0008,P014,3,portal
2026-06-11,T0008,P015,17,portal
2026-06-11,T0008,P016,0,portal
2026-06-11,T0008,P017,21,portal
2026-06-11,T0008,P018,10,portal
2026-06-11,T0008,P019,60,portal
2026-06-11,T0008,P020,0,portal
2026-06-11,T0009,P001,0,portal
2026-06-11,T0009,P002,19,portal
2026-06-11,T0009,P003,5,portal
2026-06-11,T0009,P004,32,portal
2026-06-11,T0009,P005,0,portal
2026-06-11,T0009,P006,33,portal
2026-06-11,T0009,P007,0,portal
2026-06-11,T0009,P008,24,portal
2026-06-11,T0009,P009,14,portal
2026-06-11,T0009,P010,7,portal
2026-06-11,T0009,P011,0,portal
2026-06-11,T0009,P012,0,portal
2026-06-11,T0009,P013,6,portal
2026-06-11,T0009,P014,34,portal
2026-06-11,T0009,P015,11,portal
2026-06-11,T0009,P016,0,portal
2026-06-11,T0009,P017,12,portal
2026-06-11,T0009,P018,11,portal
2026-06-11,T0009,P019,0,portal
2026-06-11,T0009,P020,0,portal
2026-06-11,T0010,P001,1,portal
2026-06-11,T0010,P002,15,portal
2026-06-11,T0010,P003,8,portal
2026-06-11,T0010,P004,0,portal
2026-06-11,T0010,P005,0,portal
2026-06-11,T0010,P006,2,portal
2026-06-11,T0010,P007,0,portal
2026-06-11,T0010,P008,16,portal
2026-06-11,T0010,P009,4,portal
2026-06-11,T0010,P010,0,portal
2026-06-11,T0010,P011,0,portal
2026-06-11,T0010,P012,2,portal
2026-06-11,T0010,P013,4,portal
2026-06-11,T0010,P014,21,portal
2026-06-11,T0010,P015,3,portal
2026-06-11,T0010,P016,0,portal
2026-06-11,T0010,P017,0,portal
2026-06-11,T0010,P018,0,portal
2026-06-11,T0010,P019,0,portal
2026-06-11,T0010,P020,8,portal
2026-06-11,T0011,P001,0,portal
2026-06-11,T0011,P002,9,portal
2026-06-11,T0011,P003,0,portal
2026-06-11,T0011,P004,13,portal
2026-06-11,T0011,P005,10,portal
2026-06-11,T0011,P006,2,portal
2026-06-11,T0011,P007,17,portal
2026-06-11,T0011,P008,0,portal
2026-06-11,T0011,P009,0,portal
2026-06-11,T0011,P010,3,portal
2026-06-11,T0011,P011,11,portal
2026-06-11,T0011,P012,6,portal
2026-06-11,T0011,P013,0,portal
2026-06-11,T0011,P014,13,portal
2026-06-11,T0011,P015,4,portal
2026-06-11,T0011,P016,11,portal
2026-06-11,T0011,P017,0,portal
2026-06-11,T0011,P018,0,portal
2026-06-11,T0011,P019,0,portal
2026-06-11,T0011,P020,0,portal
2026-06-11,T0012,P001,1,portal
2026-06-11,T0012,P002,4,portal
2026-06-11,T0012,P003,0,portal
2026-06-11,T0012,P004,1,portal
2026-06-11,T0012,P005,4,portal
2026-06-11,T0012,P006,10,portal
2026-06-11,T0012,P007,0,portal
2026-06-11,T0012,P008,2,portal
2026-06-11,T0012,P009,4,portal
2026-06-11,T0012,P010,0,portal
2026-06-11,T0012,P011,10,portal
2026-06-11,T0012,P012,3,portal
2026-06-11,T0012,P013,0,portal
2026-06-11,T0012,P014,1,portal
2026-06-11,T0012,P015,0,portal
2026-06-11,T0012,P016,0,portal
2026-06-11,T0012,P017,0,portal
2026-06-11,T0012,P018,2,portal
2026-06-11,T0012,P019,15,portal
2026-06-11,T0012,P020,3,portal
2026-06-11,T0013,P001,3,portal
2026-06-11,T0013,P002,0,portal
2026-06-11,T0013,P003,0,portal
2026-06-11,T0013,P004,26,portal
2026-06-11,T0013,P005,0,portal
2026-06-11,T0013,P006,21,portal
2026-06-11,T0013,P007,22,portal
2026-06-11,T0013,P008,12,portal
2026-06-11,T0013,P009,3,portal
2026-06-11,T0013,P010,0,portal
2026-06-11,T0013,P011,4,portal
2026-06-11,T0013,P012,5,portal
2026-06-11,T0013,P013,2,portal
2026-06-11,T0013,P014,19,portal
2026-06-11,T0013,P015,0,portal
2026-06-11,T0013,P016,2,portal
2026-06-11,T0013,P017,0,portal
2026-06-11,T0013,P018,0,portal
2026-06-11,T0013,P019,9,portal
2026-06-11,T0013,P020,0,portal
2026-06-11,T0014,P001,1,portal
2026-06-11,T0014,P002,0,portal
2026-06-11,T0014,P003,0,portal
2026-06-11,T0014,P004,23,portal
2026-06-11,T0014,P005,0,portal
2026-06-11,T0014,P006,27,portal
2026-06-11,T0014,P007,0,portal
2026-06-11,T0014,P008,12,portal
2026-06-11,T0014,P009,4,portal
2026-06-11,T0014,P010,0,portal
2026-06-11,T0014,P011,0,portal
2026-06-11,T0014,P012,2,portal
2026-06-11,T0014,P013,4,portal
2026-06-11,T0014,P014,4,portal
2026-06-11,T0014,P015,2,portal
2026-06-11,T0014,P016,0,portal
2026-06-11,T0014,P017,8,portal
2026-06-11,T0014,P018,0,portal
2026-06-11,T0014,P019,0,portal
2026-06-11,T0014,P020,0,portal
2026-06-11,T0018,P001,4,preventa
2026-06-11,T0018,P002,3,preventa
2026-06-11,T0018,P003,4,preventa
2026-06-11,T0018,P004,0,preventa
2026-06-11,T0018,P005,0,preventa
2026-06-11,T0018,P006,6,preventa
2026-06-11,T0018,P007,0,preventa
2026-06-11,T0018,P008,7,preventa
2026-06-11,T0018,P009,3,preventa
2026-06-11,T0018,P010,0,preventa
2026-06-11,T0018,P011,10,preventa
2026-06-11,T0018,P012,6,preventa
2026-06-11,T0018,P013,2,preventa
2026-06-11,T0018,P014,0,preventa
2026-06-11,T0018,P015,1,preventa
2026-06-11,T0018,P016,9,preventa
2026-06-11,T0018,P017,4,preventa
2026-06-11,T0018,P018,3,preventa
2026-06-11,T0018,P019,15,preventa
2026-06-11,T0018,P020,0,preventa
2026-06-11,T0019,P001,1,preventa
2026-06-11,T0019,P002,6,preventa
2026-06-11,T0019,P003,17,preventa
2026-06-11,T0019,P004,15,preventa
2026-06-11,T0019,P005,1,preventa
2026-06-11,T0019,P006,0,preventa
2026-06-11,T0019,P007,0,preventa
2026-06-11,T0019,P008,4,preventa
2026-06-11,T0019,P009,7,preventa
2026-06-11,T0019,P010,21,preventa
2026-06-11,T0019,P011,12,preventa
2026-06-11,T0019,P012,0,preventa
2026-06-11,T0019,P013,0,preventa
2026-06-11,T0019,P014,11,preventa
2026-06-11,T0019,P015,1,preventa
2026-06-11,T0019,P016,0,preventa
2026-06-11,T0019,P017,3,preventa
2026-06-11,T0019,P018,1,preventa
2026-06-11,T0019,P019,8,preventa
2026-06-11,T0019,P020,3,preventa
2026-06-11,T0031,P001,1,preventa
2026-06-11,T0031,P002,2,preventa
2026-06-11,T0031,P003,3,preventa
2026-06-11,T0031,P004,21,preventa
2026-06-11,T0031,P005,16,preventa
2026-06-11,T0031,P006,0,preventa
2026-06-11,T0031,P007,2,preventa
2026-06-11,T0031,P008,0,preventa
2026-06-11,T0031,P009,3,preventa
2026-06-11,T0031,P010,17,preventa
2026-06-11,T0031,P011,0,preventa
2026-06-11,T0031,P012,9,preventa
2026-06-11,T0031,P013,1,preventa
2026-06-11,T0031,P014,0,preventa
2026-06-11,T0031,P015,2,preventa
2026-06-11,T0031,P016,4,preventa
2026-06-11,T0031,P017,4,preventa
2026-06-11,T0031,P018,0,preventa
2026-06-11,T0031,P019,5,preventa
2026-06-11,T0031,P020,0,preventa
2026-06-11,T0032,P001,0,preventa
2026-06-11,T0032,P002,0,preventa
2026-06-11,T0032,P003,21,preventa
2026-06-11,T0032,P004,9,preventa
2026-06-11,T0032,P005,2,preventa
2026-06-11,T0032,P006,4,preventa
2026-06-11,T0032,P007,0,preventa
2026-06-11,T0032,P008,1,preventa
2026-06-11,T0032,P009,0,preventa
2026-06-11,T0032,P010,11,preventa
2026-06-11,T0032,P011,3,preventa
2026-06-11,T0032,P012,4,preventa
2026-06-11,T0032,P013,3,preventa
2026-06-11,T0032,P014,4,preventa
2026-06-11,T0032,P015,7,preventa
2026-06-11,T0032,P016,23,preventa
2026-06-11,T0032,P017,5,preventa
2026-06-11,T0032,P018,5,preventa
2026-06-11,T0032,P019,0,preventa
2026-06-11,T0032,P020,0,preventa
2026-06-11,T0033,P001,3,preventa
2026-06-11,T0033,P002,0,preventa
2026-06-11,T0033,P003,1,preventa
2026-06-11,T0033,P004,1,preventa
2026-06-11,T0033,P005,0,preventa
2026-06-11,T0033,P006,7,preventa
2026-06-11,T0033,P007,0,preventa
2026-06-11,T0033,P008,2,preventa
2026-06-11,T0033,P009,1,preventa
2026-06-11,T0033,P010,0,preventa
2026-06-11,T0033,P011,5,preventa
2026-06-11,T0033,P012,4,preventa
2026-06-11,T0033,P013,2,preventa
2026-06-11,T0033,P014,3,preventa
2026-06-11,T0033,P015,3,preventa
2026-06-11,T0033,P016,2,preventa
2026-06-11,T0033,P017,3,preventa
2026-06-11,T0033,P018,0,preventa
2026-06-11,T0033,P019,0,preventa
2026-06-11,T0033,P020,2,preventa
2026-06-11,T0037,P001,2,preventa
2026-06-11,T0037,P002,5,preventa
2026-06-11,T0037,P003,4,preventa
2026-06-11,T0037,P004,3,preventa
2026-06-11,T0037,P005,1,preventa
2026-06-11,T0037,P006,0,preventa
2026-06-11,T0037,P007,0,preventa
2026-06-11,T0037,P008,2,preventa
2026-06-11,T0037,P009,2,preventa
2026-06-11,T0037,P010,13,preventa
2026-06-11,T0037,P011,8,preventa
2026-06-11,T0037,P012,3,preventa
2026-06-11,T0037,P013,1,preventa
2026-06-11,T0037,P014,0,preventa
2026-06-11,T0037,P015,0,preventa
2026-06-11,T0037,P016,8,preventa
2026-06-11,T0037,P017,2,preventa
2026-06-11,T0037,P018,2,preventa
2026-06-11,T0037,P019,4,preventa
2026-06-11,T0037,P020,1,preventa
2026-06-12,T0001,P001,4,portal
2026-06-12,T0001,P002,0,portal
2026-06-12,T0001,P003,15,portal
2026-06-12,T0001,P004,0,portal
2026-06-12,T0001,P005,15,portal
2026-06-12,T0001,P006,20,portal
2026-06-12,T0001,P007,0,portal
2026-06-12,T0001,P008,2,portal
2026-06-12,T0001,P009,0,portal
2026-06-12,T0001,P010,0,portal
2026-06-12,T0001,P011,9,portal
2026-06-12,T0001,P012,0,portal
2026-06-12,T0001,P013,0,portal
2026-06-12,T0001,P014,13,portal
2026-06-12,T0001,P015,0,portal
2026-06-12,T0001,P016,21,portal
2026-06-12,T0001,P017,1,portal
2026-06-12,T0001,P018,1,portal
2026-06-12,T0001,P019,12,portal
2026-06-12,T0001,P020,0,portal
2026-06-12,T0002,P001,0,portal
2026-06-12,T0002,P002,17,portal
2026-06-12,T0002,P003,34,portal
2026-06-12,T0002,P004,18,portal
2026-06-12,T0002,P005,0,portal
2026-06-12,T0002,P006,0,portal
2026-06-12,T0002,P007,0,portal
2026-06-12,T0002,P008,3,portal
2026-06-12,T0002,P009,8,portal
2026-06-12,T0002,P010,6,portal
2026-06-12,T0002,P011,20,portal
2026-06-12,T0002,P012,0,portal
2026-06-12,T0002,P013,0,portal
2026-06-12,T0002,P014,7,portal
2026-06-12,T0002,P015,1,portal
2026-06-12,T0002,P016,23,portal
2026-06-12,T0002,P017,0,portal
2026-06-12,T0002,P018,0,portal
2026-06-12,T0002,P019,0,portal
2026-06-12,T0002,P020,4,portal
2026-06-12,T0003,P001,0,portal
2026-06-12,T0003,P002,9,portal
2026-06-12,T0003,P003,0,portal
2026-06-12,T0003,P004,2,portal
2026-06-12,T0003,P005,11,portal
2026-06-12,T0003,P006,2,portal
2026-06-12,T0003,P007,11,portal
2026-06-12,T0003,P008,0,portal
2026-06-12,T0003,P009,3,portal
2026-06-12,T0003,P010,15,portal
2026-06-12,T0003,P011,3,portal
2026-06-12,T0003,P012,7,portal
2026-06-12,T0003,P013,5,portal
2026-06-12,T0003,P014,17,portal
2026-06-12,T0003,P015,0,portal
2026-06-12,T0003,P016,11,portal
2026-06-12,T0003,P017,0,portal
2026-06-12,T0003,P018,4,portal
2026-06-12,T0003,P019,0,portal
2026-06-12,T0003,P020,0,portal
2026-06-12,T0004,P001,2,portal
2026-06-12,T0004,P002,1,portal
2026-06-12,T0004,P003,0,portal
2026-06-12,T0004,P004,0,portal
2026-06-12,T0004,P005,0,portal
2026-06-12,T0004,P006,0,portal
2026-06-12,T0004,P007,13,portal
2026-06-12,T0004,P008,0,portal
2026-06-12,T0004,P009,5,portal
2026-06-12,T0004,P010,14,portal
2026-06-12,T0004,P011,11,portal
2026-06-12,T0004,P012,3,portal
2026-06-12,T0004,P013,4,portal
2026-06-12,T0004,P014,1,portal
2026-06-12,T0004,P015,3,portal
2026-06-12,T0004,P016,0,portal
2026-06-12,T0004,P017,0,portal
2026-06-12,T0004,P018,1,portal
2026-06-12,T0004,P019,0,portal
2026-06-12,T0004,P020,0,portal
2026-06-12,T0005,P001,0,portal
2026-06-12,T0005,P002,11,portal
2026-06-12,T0005,P003,0,portal
2026-06-12,T0005,P004,18,portal
2026-06-12,T0005,P005,14,portal
2026-06-12,T0005,P006,3,portal
2026-06-12,T0005,P007,2,portal
2026-06-12,T0005,P008,18,portal
2026-06-12,T0005,P009,0,portal
2026-06-12,T0005,P010,2,portal
2026-06-12,T0005,P011,0,portal
2026-06-12,T0005,P012,0,portal
2026-06-12,T0005,P013,0,portal
2026-06-12,T0005,P014,15,portal
2026-06-12,T0005,P015,2,portal
2026-06-12,T0005,P016,0,portal
2026-06-12,T0005,P017,0,portal
2026-06-12,T0005,P018,1,portal
2026-06-12,T0005,P019,0,portal
2026-06-12,T0005,P020,4,portal
2026-06-12,T0006,P001,7,portal
2026-06-12,T0006,P002,21,portal
2026-06-12,T0006,P003,47,portal
2026-06-12,T0006,P004,0,portal
2026-06-12,T0006,P005,32,portal
2026-06-12,T0006,P006,0,portal
2026-06-12,T0006,P007,0,portal
2026-06-12,T0006,P008,0,portal
2026-06-12,T0006,P009,0,portal
2026-06-12,T0006,P010,48,portal
2026-06-12,T0006,P011,0,portal
2026-06-12,T0006,P012,0,portal
2026-06-12,T0006,P013,11,portal
2026-06-12,T0006,P014,0,portal
2026-06-12,T0006,P015,11,portal
2026-06-12,T0006,P016,0,portal
2026-06-12,T0006,P017,1,portal
2026-06-12,T0006,P018,0,portal
2026-06-12,T0006,P019,0,portal
2026-06-12,T0006,P020,5,portal
2026-06-12,T0007,P001,0,portal
2026-06-12,T0007,P002,21,portal
2026-06-12,T0007,P003,29,portal
2026-06-12,T0007,P004,0,portal
2026-06-12,T0007,P005,28,portal
2026-06-12,T0007,P006,10,portal
2026-06-12,T0007,P007,0,portal
2026-06-12,T0007,P008,0,portal
2026-06-12,T0007,P009,10,portal
2026-06-12,T0007,P010,18,portal
2026-06-12,T0007,P011,1,portal
2026-06-12,T0007,P012,1,portal
2026-06-12,T0007,P013,4,portal
2026-06-12,T0007,P014,22,portal
2026-06-12,T0007,P015,0,portal
2026-06-12,T0007,P016,31,portal
2026-06-12,T0007,P017,0,portal
2026-06-12,T0007,P018,8,portal
2026-06-12,T0007,P019,26,portal
2026-06-12,T0007,P020,6,portal
2026-06-12,T0008,P001,4,portal
2026-06-12,T0008,P002,2,portal
2026-06-12,T0008,P003,0,portal
2026-06-12,T0008,P004,45,portal
2026-06-12,T0008,P005,38,portal
2026-06-12,T0008,P006,12,portal
2026-06-12,T0008,P007,0,portal
2026-06-12,T0008,P008,0,portal
2026-06-12,T0008,P009,1,portal
2026-06-12,T0008,P010,0,portal
2026-06-12,T0008,P011,0,portal
2026-06-12,T0008,P012,0,portal
2026-06-12,T0008,P013,2,portal
2026-06-12,T0008,P014,0,portal
2026-06-12,T0008,P015,11,portal
2026-06-12,T0008,P016,0,portal
2026-06-12,T0008,P017,14,portal
2026-06-12,T0008,P018,7,portal
2026-06-12,T0008,P019,47,portal
2026-06-12,T0008,P020,0,portal
2026-06-12,T0009,P001,0,portal
2026-06-12,T0009,P002,13,portal
2026-06-12,T0009,P003,0,portal
2026-06-12,T0009,P004,27,portal
2026-06-12,T0009,P005,0,portal
2026-06-12,T0009,P006,24,portal
2026-06-12,T0009,P007,0,portal
2026-06-12,T0009,P008,15,portal
2026-06-12,T0009,P009,9,portal
2026-06-12,T0009,P010,2,portal
2026-06-12,T0009,P011,0,portal
2026-06-12,T0009,P012,0,portal
2026-06-12,T0009,P013,4,portal
2026-06-12,T0009,P014,28,portal
2026-06-12,T0009,P015,11,portal
2026-06-12,T0009,P016,0,portal
2026-06-12,T0009,P017,2,portal
2026-06-12,T0009,P018,9,portal
2026-06-12,T0009,P019,0,portal
2026-06-12,T0009,P020,0,portal
2026-06-12,T0010,P001,0,portal
2026-06-12,T0010,P002,14,portal
2026-06-12,T0010,P003,4,portal
2026-06-12,T0010,P004,0,portal
2026-06-12,T0010,P005,0,portal
2026-06-12,T0010,P006,0,portal
2026-06-12,T0010,P007,0,portal
2026-06-12,T0010,P008,11,portal
2026-06-12,T0010,P009,4,portal
2026-06-12,T0010,P010,0,portal
2026-06-12,T0010,P011,0,portal
2026-06-12,T0010,P012,0,portal
2026-06-12,T0010,P013,3,portal
2026-06-12,T0010,P014,16,portal
2026-06-12,T0010,P015,1,portal
2026-06-12,T0010,P016,0,portal
2026-06-12,T0010,P017,0,portal
2026-06-12,T0010,P018,0,portal
2026-06-12,T0010,P019,0,portal
2026-06-12,T0010,P020,8,portal
2026-06-12,T0011,P001,0,portal
2026-06-12,T0011,P002,9,portal
2026-06-12,T0011,P003,0,portal
2026-06-12,T0011,P004,6,portal
2026-06-12,T0011,P005,5,portal
2026-06-12,T0011,P006,0,portal
2026-06-12,T0011,P007,17,portal
2026-06-12,T0011,P008,0,portal
2026-06-12,T0011,P009,0,portal
2026-06-12,T0011,P010,0,portal
2026-06-12,T0011,P011,10,portal
2026-06-12,T0011,P012,6,portal
2026-06-12,T0011,P013,0,portal
2026-06-12,T0011,P014,11,portal
2026-06-12,T0011,P015,3,portal
2026-06-12,T0011,P016,10,portal
2026-06-12,T0011,P017,0,portal
2026-06-12,T0011,P018,0,portal
2026-06-12,T0011,P019,0,portal
2026-06-12,T0011,P020,0,portal
2026-06-12,T0012,P001,1,portal
2026-06-12,T0012,P002,1,portal
2026-06-12,T0012,P003,0,portal
2026-06-12,T0012,P004,0,portal
2026-06-12,T0012,P005,3,portal
2026-06-12,T0012,P006,7,portal
2026-06-12,T0012,P007,0,portal
2026-06-12,T0012,P008,0,portal
2026-06-12,T0012,P009,4,portal
2026-06-12,T0012,P010,0,portal
2026-06-12,T0012,P011,9,portal
2026-06-12,T0012,P012,2,portal
2026-06-12,T0012,P013,0,portal
2026-06-12,T0012,P014,0,portal
2026-06-12,T0012,P015,0,portal
2026-06-12,T0012,P016,0,portal
2026-06-12,T0012,P017,0,portal
2026-06-12,T0012,P018,2,portal
2026-06-12,T0012,P019,13,portal
2026-06-12,T0012,P020,3,portal
2026-06-12,T0013,P001,1,portal
2026-06-12,T0013,P002,0,portal
2026-06-12,T0013,P003,0,portal
2026-06-12,T0013,P004,22,portal
2026-06-12,T0013,P005,0,portal
2026-06-12,T0013,P006,12,portal
2026-06-12,T0013,P007,17,portal
2026-06-12,T0013,P008,10,portal
2026-06-12,T0013,P009,1,portal
2026-06-12,T0013,P010,0,portal
2026-06-12,T0013,P011,1,portal
2026-06-12,T0013,P012,3,portal
2026-06-12,T0013,P013,1,portal
2026-06-12,T0013,P014,12,portal
2026-06-12,T0013,P015,0,portal
2026-06-12,T0013,P016,0,portal
2026-06-12,T0013,P017,0,portal
2026-06-12,T0013,P018,0,portal
2026-06-12,T0013,P019,2,portal
2026-06-12,T0013,P020,0,portal
2026-06-12,T0014,P001,1,portal
2026-06-12,T0014,P002,0,portal
2026-06-12,T0014,P003,0,portal
2026-06-12,T0014,P004,19,portal
2026-06-12,T0014,P005,0,portal
2026-06-12,T0014,P006,27,portal
2026-06-12,T0014,P007,0,portal
2026-06-12,T0014,P008,10,portal
2026-06-12,T0014,P009,2,portal
2026-06-12,T0014,P010,0,portal
2026-06-12,T0014,P011,0,portal
2026-06-12,T0014,P012,1,portal
2026-06-12,T0014,P013,4,portal
2026-06-12,T0014,P014,0,portal
2026-06-12,T0014,P015,0,portal
2026-06-12,T0014,P016,0,portal
2026-06-12,T0014,P017,8,portal
2026-06-12,T0014,P018,0,portal
2026-06-12,T0014,P019,0,portal
2026-06-12,T0014,P020,0,portal
2026-06-12,T0017,P001,0,preventa
2026-06-12,T0017,P002,0,preventa
2026-06-12,T0017,P003,0,preventa
2026-06-12,T0017,P004,1,preventa
2026-06-12,T0017,P005,3,preventa
2026-06-12,T0017,P006,3,preventa
2026-06-12,T0017,P007,0,preventa
2026-06-12,T0017,P008,1,preventa
2026-06-12,T0017,P009,0,preventa
2026-06-12,T0017,P010,18,preventa
2026-06-12,T0017,P011,0,preventa
2026-06-12,T0017,P012,0,preventa
2026-06-12,T0017,P013,1,preventa
2026-06-12,T0017,P014,0,preventa
2026-06-12,T0017,P015,1,preventa
2026-06-12,T0017,P016,13,preventa
2026-06-12,T0017,P017,0,preventa
2026-06-12,T0017,P018,0,preventa
2026-06-12,T0017,P019,1,preventa
2026-06-12,T0017,P020,1,preventa
2026-06-12,T0028,P001,2,preventa
2026-06-12,T0028,P002,2,preventa
2026-06-12,T0028,P003,13,preventa
2026-06-12,T0028,P004,2,preventa
2026-06-12,T0028,P005,10,preventa
2026-06-12,T0028,P006,12,preventa
2026-06-12,T0028,P007,0,preventa
2026-06-12,T0028,P008,0,preventa
2026-06-12,T0028,P009,3,preventa
2026-06-12,T0028,P010,0,preventa
2026-06-12,T0028,P011,0,preventa
2026-06-12,T0028,P012,0,preventa
2026-06-12,T0028,P013,4,preventa
2026-06-12,T0028,P014,0,preventa
2026-06-12,T0028,P015,0,preventa
2026-06-12,T0028,P016,7,preventa
2026-06-12,T0028,P017,0,preventa
2026-06-12,T0028,P018,1,preventa
2026-06-12,T0028,P019,4,preventa
2026-06-12,T0028,P020,4,preventa
2026-06-12,T0035,P001,2,preventa
2026-06-12,T0035,P002,0,preventa
2026-06-12,T0035,P003,1,preventa
2026-06-12,T0035,P004,0,preventa
2026-06-12,T0035,P005,0,preventa
2026-06-12,T0035,P006,4,preventa
2026-06-12,T0035,P007,0,preventa
2026-06-12,T0035,P008,0,preventa
2026-06-12,T0035,P009,2,preventa
2026-06-12,T0035,P010,0,preventa
2026-06-12,T0035,P011,3,preventa
2026-06-12,T0035,P012,2,preventa
2026-06-12,T0035,P013,3,preventa
2026-06-12,T0035,P014,0,preventa
2026-06-12,T0035,P015,0,preventa
2026-06-12,T0035,P016,4,preventa
2026-06-12,T0035,P017,1,preventa
2026-06-12,T0035,P018,3,preventa
2026-06-12,T0035,P019,1,preventa
2026-06-12,T0035,P020,2,preventa
2026-06-13,T0001,P001,1,portal
2026-06-13,T0001,P002,0,portal
2026-06-13,T0001,P003,12,portal
2026-06-13,T0001,P004,0,portal
2026-06-13,T0001,P005,15,portal
2026-06-13,T0001,P006,14,portal
2026-06-13,T0001,P007,0,portal
2026-06-13,T0001,P008,0,portal
2026-06-13,T0001,P009,0,portal
2026-06-13,T0001,P010,0,portal
2026-06-13,T0001,P011,8,portal
2026-06-13,T0001,P012,0,portal
2026-06-13,T0001,P013,0,portal
2026-06-13,T0001,P014,11,portal
2026-06-13,T0001,P015,0,portal
2026-06-13,T0001,P016,15,portal
2026-06-13,T0001,P017,1,portal
2026-06-13,T0001,P018,1,portal
2026-06-13,T0001,P019,7,portal
2026-06-13,T0001,P020,0,portal
2026-06-13,T0002,P001,0,portal
2026-06-13,T0002,P002,16,portal
2026-06-13,T0002,P003,30,portal
2026-06-13,T0002,P004,13,portal
2026-06-13,T0002,P005,0,portal
2026-06-13,T0002,P006,0,portal
2026-06-13,T0002,P007,0,portal
2026-06-13,T0002,P008,0,portal
2026-06-13,T0002,P009,6,portal
2026-06-13,T0002,P010,0,portal
2026-06-13,T0002,P011,19,portal
2026-06-13,T0002,P012,0,portal
2026-06-13,T0002,P013,0,portal
2026-06-13,T0002,P014,3,portal
2026-06-13,T0002,P015,0,portal
2026-06-13,T0002,P016,16,portal
2026-06-13,T0002,P017,0,portal
2026-06-13,T0002,P018,0,portal
2026-06-13,T0002,P019,0,portal
2026-06-13,T0002,P020,3,portal
2026-06-13,T0003,P001,0,portal
2026-06-13,T0003,P002,7,portal
2026-06-13,T0003,P003,0,portal
2026-06-13,T0003,P004,0,portal
2026-06-13,T0003,P005,9,portal
2026-06-13,T0003,P006,0,portal
2026-06-13,T0003,P007,9,portal
2026-06-13,T0003,P008,0,portal
2026-06-13,T0003,P009,0,portal
2026-06-13,T0003,P010,14,portal
2026-06-13,T0003,P011,0,portal
2026-06-13,T0003,P012,6,portal
2026-06-13,T0003,P013,4,portal
2026-06-13,T0003,P014,15,portal
2026-06-13,T0003,P015,0,portal
2026-06-13,T0003,P016,8,portal
2026-06-13,T0003,P017,0,portal
2026-06-13,T0003,P018,4,portal
2026-06-13,T0003,P019,0,portal
2026-06-13,T0003,P020,0,portal
2026-06-13,T0004,P001,1,portal
2026-06-13,T0004,P002,1,portal
2026-06-13,T0004,P003,0,portal
2026-06-13,T0004,P004,0,portal
2026-06-13,T0004,P005,0,portal
2026-06-13,T0004,P006,0,portal
2026-06-13,T0004,P007,12,portal
2026-06-13,T0004,P008,0,portal
2026-06-13,T0004,P009,4,portal
2026-06-13,T0004,P010,10,portal
2026-06-13,T0004,P011,6,portal
2026-06-13,T0004,P012,1,portal
2026-06-13,T0004,P013,4,portal
2026-06-13,T0004,P014,0,portal
2026-06-13,T0004,P015,2,portal
2026-06-13,T0004,P016,0,portal
2026-06-13,T0004,P017,0,portal
2026-06-13,T0004,P018,0,portal
2026-06-13,T0004,P019,0,portal
2026-06-13,T0004,P020,0,portal
2026-06-13,T0005,P001,0,portal
2026-06-13,T0005,P002,11,portal
2026-06-13,T0005,P003,0,portal
2026-06-13,T0005,P004,17,portal
2026-06-13,T0005,P005,12,portal
2026-06-13,T0005,P006,0,portal
2026-06-13,T0005,P007,0,portal
2026-06-13,T0005,P008,17,portal
2026-06-13,T0005,P009,0,portal
2026-06-13,T0005,P010,0,portal
2026-06-13,T0005,P011,0,portal
2026-06-13,T0005,P012,0,portal
2026-06-13,T0005,P013,0,portal
2026-06-13,T0005,P014,13,portal
2026-06-13,T0005,P015,2,portal
2026-06-13,T0005,P016,0,portal
2026-06-13,T0005,P017,0,portal
2026-06-13,T0005,P018,0,portal
2026-06-13,T0005,P019,0,portal
2026-06-13,T0005,P020,0,portal
2026-06-13,T0006,P001,4,portal
2026-06-13,T0006,P002,15,portal
2026-06-13,T0006,P003,31,portal
2026-06-13,T0006,P004,0,portal
2026-06-13,T0006,P005,23,portal
2026-06-13,T0006,P006,0,portal
2026-06-13,T0006,P007,0,portal
2026-06-13,T0006,P008,0,portal
2026-06-13,T0006,P009,0,portal
2026-06-13,T0006,P010,38,portal
2026-06-13,T0006,P011,0,portal
2026-06-13,T0006,P012,0,portal
2026-06-13,T0006,P013,8,portal
2026-06-13,T0006,P014,0,portal
2026-06-13,T0006,P015,4,portal
2026-06-13,T0006,P016,0,portal
2026-06-13,T0006,P017,0,portal
2026-06-13,T0006,P018,0,portal
2026-06-13,T0006,P019,0,portal
2026-06-13,T0006,P020,5,portal
2026-06-13,T0007,P001,0,portal
2026-06-13,T0007,P002,15,portal
2026-06-13,T0007,P003,26,portal
2026-06-13,T0007,P004,0,portal
2026-06-13,T0007,P005,20,portal
2026-06-13,T0007,P006,0,portal
2026-06-13,T0007,P007,0,portal
2026-06-13,T0007,P008,0,portal
2026-06-13,T0007,P009,9,portal
2026-06-13,T0007,P010,14,portal
2026-06-13,T0007,P011,0,portal
2026-06-13,T0007,P012,0,portal
2026-06-13,T0007,P013,3,portal
2026-06-13,T0007,P014,11,portal
2026-06-13,T0007,P015,0,portal
2026-06-13,T0007,P016,24,portal
2026-06-13,T0007,P017,0,portal
2026-06-13,T0007,P018,8,portal
2026-06-13,T0007,P019,16,portal
2026-06-13,T0007,P020,5,portal
2026-06-13,T0008,P001,2,portal
2026-06-13,T0008,P002,0,portal
2026-06-13,T0008,P003,0,portal
2026-06-13,T0008,P004,36,portal
2026-06-13,T0008,P005,29,portal
2026-06-13,T0008,P006,2,portal
2026-06-13,T0008,P007,0,portal
2026-06-13,T0008,P008,0,portal
2026-06-13,T0008,P009,0,portal
2026-06-13,T0008,P010,0,portal
2026-06-13,T0008,P011,0,portal
2026-06-13,T0008,P012,0,portal
2026-06-13,T0008,P013,0,portal
2026-06-13,T0008,P014,0,portal
2026-06-13,T0008,P015,8,portal
2026-06-13,T0008,P016,0,portal
2026-06-13,T0008,P017,10,portal
2026-06-13,T0008,P018,6,portal
2026-06-13,T0008,P019,40,portal
2026-06-13,T0008,P020,0,portal
2026-06-13,T0009,P001,0,portal
2026-06-13,T0009,P002,4,portal
2026-06-13,T0009,P003,0,portal
2026-06-13,T0009,P004,20,portal
2026-06-13,T0009,P005,0,portal
2026-06-13,T0009,P006,17,portal
2026-06-13,T0009,P007,0,portal
2026-06-13,T0009,P008,12,portal
2026-06-13,T0009,P009,6,portal
2026-06-13,T0009,P010,0,portal
2026-06-13,T0009,P011,0,portal
2026-06-13,T0009,P012,0,portal
2026-06-13,T0009,P013,1,portal
2026-06-13,T0009,P014,22,portal
2026-06-13,T0009,P015,10,portal
2026-06-13,T0009,P016,0,portal
2026-06-13,T0009,P017,0,portal
2026-06-13,T0009,P018,8,portal
2026-06-13,T0009,P019,0,portal
2026-06-13,T0009,P020,0,portal
2026-06-13,T0010,P001,0,portal
2026-06-13,T0010,P002,13,portal
2026-06-13,T0010,P003,1,portal
2026-06-13,T0010,P004,0,portal
2026-06-13,T0010,P005,0,portal
2026-06-13,T0010,P006,0,portal
2026-06-13,T0010,P007,0,portal
2026-06-13,T0010,P008,7,portal
2026-06-13,T0010,P009,1,portal
2026-06-13,T0010,P010,0,portal
2026-06-13,T0010,P011,0,portal
2026-06-13,T0010,P012,0,portal
2026-06-13,T0010,P013,1,portal
2026-06-13,T0010,P014,15,portal
2026-06-13,T0010,P015,0,portal
2026-06-13,T0010,P016,0,portal
2026-06-13,T0010,P017,0,portal
2026-06-13,T0010,P018,0,portal
2026-06-13,T0010,P019,0,portal
2026-06-13,T0010,P020,7,portal
2026-06-13,T0011,P001,0,portal
2026-06-13,T0011,P002,8,portal
2026-06-13,T0011,P003,0,portal
2026-06-13,T0011,P004,1,portal
2026-06-13,T0011,P005,3,portal
2026-06-13,T0011,P006,0,portal
2026-06-13,T0011,P007,12,portal
2026-06-13,T0011,P008,0,portal
2026-06-13,T0011,P009,0,portal
2026-06-13,T0011,P010,0,portal
2026-06-13,T0011,P011,9,portal
2026-06-13,T0011,P012,2,portal
2026-06-13,T0011,P013,0,portal
2026-06-13,T0011,P014,9,portal
2026-06-13,T0011,P015,3,portal
2026-06-13,T0011,P016,9,portal
2026-06-13,T0011,P017,0,portal
2026-06-13,T0011,P018,0,portal
2026-06-13,T0011,P019,0,portal
2026-06-13,T0011,P020,0,portal
2026-06-13,T0012,P001,1,portal
2026-06-13,T0012,P002,1,portal
2026-06-13,T0012,P003,0,portal
2026-06-13,T0012,P004,0,portal
2026-06-13,T0012,P005,0,portal
2026-06-13,T0012,P006,1,portal
2026-06-13,T0012,P007,0,portal
2026-06-13,T0012,P008,0,portal
2026-06-13,T0012,P009,2,portal
2026-06-13,T0012,P010,0,portal
2026-06-13,T0012,P011,8,portal
2026-06-13,T0012,P012,1,portal
2026-06-13,T0012,P013,0,portal
2026-06-13,T0012,P014,0,portal
2026-06-13,T0012,P015,0,portal
2026-06-13,T0012,P016,0,portal
2026-06-13,T0012,P017,0,portal
2026-06-13,T0012,P018,1,portal
2026-06-13,T0012,P019,12,portal
2026-06-13,T0012,P020,2,portal
2026-06-13,T0013,P001,0,portal
2026-06-13,T0013,P002,0,portal
2026-06-13,T0013,P003,0,portal
2026-06-13,T0013,P004,17,portal
2026-06-13,T0013,P005,0,portal
2026-06-13,T0013,P006,11,portal
2026-06-13,T0013,P007,11,portal
2026-06-13,T0013,P008,2,portal
2026-06-13,T0013,P009,1,portal
2026-06-13,T0013,P010,0,portal
2026-06-13,T0013,P011,1,portal
2026-06-13,T0013,P012,2,portal
2026-06-13,T0013,P013,0,portal
2026-06-13,T0013,P014,12,portal
2026-06-13,T0013,P015,0,portal
2026-06-13,T0013,P016,0,portal
2026-06-13,T0013,P017,0,portal
2026-06-13,T0013,P018,0,portal
2026-06-13,T0013,P019,0,portal
2026-06-13,T0013,P020,0,portal
2026-06-13,T0014,P001,1,portal
2026-06-13,T0014,P002,0,portal
2026-06-13,T0014,P003,0,portal
2026-06-13,T0014,P004,12,portal
2026-06-13,T0014,P005,0,portal
2026-06-13,T0014,P006,20,portal
2026-06-13,T0014,P007,0,portal
2026-06-13,T0014,P008,6,portal
2026-06-13,T0014,P009,0,portal
2026-06-13,T0014,P010,0,portal
2026-06-13,T0014,P011,0,portal
2026-06-13,T0014,P012,0,portal
2026-06-13,T0014,P013,4,portal
2026-06-13,T0014,P014,0,portal
2026-06-13,T0014,P015,0,portal
2026-06-13,T0014,P016,0,portal
2026-06-13,T0014,P017,8,portal
2026-06-13,T0014,P018,0,portal
2026-06-13,T0014,P019,0,portal
2026-06-13,T0014,P020,0,portal
2026-06-14,T0001,P001,0,portal
2026-06-14,T0001,P002,0,portal
2026-06-14,T0001,P003,9,portal
2026-06-14,T0001,P004,0,portal
2026-06-14,T0001,P005,13,portal
2026-06-14,T0001,P006,11,portal
2026-06-14,T0001,P007,0,portal
2026-06-14,T0001,P008,0,portal
2026-06-14,T0001,P009,0,portal
2026-06-14,T0001,P010,0,portal
2026-06-14,T0001,P011,5,portal
2026-06-14,T0001,P012,0,portal
2026-06-14,T0001,P013,0,portal
2026-06-14,T0001,P014,9,portal
2026-06-14,T0001,P015,0,portal
2026-06-14,T0001,P016,14,portal
2026-06-14,T0001,P017,1,portal
2026-06-14,T0001,P018,1,portal
2026-06-14,T0001,P019,5,portal
2026-06-14,T0001,P020,0,portal
2026-06-14,T0002,P001,0,portal
2026-06-14,T0002,P002,14,portal
2026-06-14,T0002,P003,27,portal
2026-06-14,T0002,P004,10,portal
2026-06-14,T0002,P005,0,portal
2026-06-14,T0002,P006,0,portal
2026-06-14,T0002,P007,0,portal
2026-06-14,T0002,P008,0,portal
2026-06-14,T0002,P009,6,portal
2026-06-14,T0002,P010,0,portal
2026-06-14,T0002,P011,11,portal
2026-06-14,T0002,P012,0,portal
2026-06-14,T0002,P013,0,portal
2026-06-14,T0002,P014,0,portal
2026-06-14,T0002,P015,0,portal
2026-06-14,T0002,P016,14,portal
2026-06-14,T0002,P017,0,portal
2026-06-14,T0002,P018,0,portal
2026-06-14,T0002,P019,0,portal
2026-06-14,T0002,P020,2,portal
2026-06-14,T0003,P001,0,portal
2026-06-14,T0003,P002,6,portal
2026-06-14,T0003,P003,0,portal
2026-06-14,T0003,P004,0,portal
2026-06-14,T0003,P005,5,portal
2026-06-14,T0003,P006,0,portal
2026-06-14,T0003,P007,9,portal
2026-06-14,T0003,P008,0,portal
2026-06-14,T0003,P009,0,portal
2026-06-14,T0003,P010,12,portal
2026-06-14,T0003,P011,0,portal
2026-06-14,T0003,P012,6,portal
2026-06-14,T0003,P013,4,portal
2026-06-14,T0003,P014,13,portal
2026-06-14,T0003,P015,0,portal
2026-06-14,T0003,P016,7,portal
2026-06-14,T0003,P017,0,portal
2026-06-14,T0003,P018,4,portal
2026-06-14,T0003,P019,0,portal
2026-06-14,T0003,P020,0,portal
2026-06-14,T0004,P001,0,portal
2026-06-14,T0004,P002,0,portal
2026-06-14,T0004,P003,0,portal
2026-06-14,T0004,P004,0,portal
2026-06-14,T0004,P005,0,portal
2026-06-14,T0004,P006,0,portal
2026-06-14,T0004,P007,8,portal
2026-06-14,T0004,P008,0,portal
2026-06-14,T0004,P009,2,portal
2026-06-14,T0004,P010,5,portal
2026-06-14,T0004,P011,2,portal
2026-06-14,T0004,P012,0,portal
2026-06-14,T0004,P013,4,portal
2026-06-14,T0004,P014,0,portal
2026-06-14,T0004,P015,1,portal
2026-06-14,T0004,P016,0,portal
2026-06-14,T0004,P017,0,portal
2026-06-14,T0004,P018,0,portal
2026-06-14,T0004,P019,0,portal
2026-06-14,T0004,P020,0,portal
2026-06-14,T0005,P001,0,portal
2026-06-14,T0005,P002,9,portal
2026-06-14,T0005,P003,0,portal
2026-06-14,T0005,P004,14,portal
2026-06-14,T0005,P005,10,portal
2026-06-14,T0005,P006,0,portal
2026-06-14,T0005,P007,0,portal
2026-06-14,T0005,P008,17,portal
2026-06-14,T0005,P009,0,portal
2026-06-14,T0005,P010,0,portal
2026-06-14,T0005,P011,0,portal
2026-06-14,T0005,P012,0,portal
2026-06-14,T0005,P013,0,portal
2026-06-14,T0005,P014,10,portal
2026-06-14,T0005,P015,1,portal
2026-06-14,T0005,P016,0,portal
2026-06-14,T0005,P017,0,portal
2026-06-14,T0005,P018,0,portal
2026-06-14,T0005,P019,0,portal
2026-06-14,T0005,P020,0,portal
2026-06-14,T0006,P001,2,portal
2026-06-14,T0006,P002,9,portal
2026-06-14,T0006,P003,25,portal
2026-06-14,T0006,P004,0,portal
2026-06-14,T0006,P005,11,portal
2026-06-14,T0006,P006,0,portal
2026-06-14,T0006,P007,0,portal
2026-06-14,T0006,P008,0,portal
2026-06-14,T0006,P009,0,portal
2026-06-14,T0006,P010,32,portal
2026-06-14,T0006,P011,0,portal
2026-06-14,T0006,P012,0,portal
2026-06-14,T0006,P013,7,portal
2026-06-14,T0006,P014,0,portal
2026-06-14,T0006,P015,0,portal
2026-06-14,T0006,P016,0,portal
2026-06-14,T0006,P017,0,portal
2026-06-14,T0006,P018,0,portal
2026-06-14,T0006,P019,0,portal
2026-06-14,T0006,P020,2,portal
2026-06-14,T0007,P001,0,portal
2026-06-14,T0007,P002,11,portal
2026-06-14,T0007,P003,21,portal
2026-06-14,T0007,P004,0,portal
2026-06-14,T0007,P005,17,portal
2026-06-14,T0007,P006,0,portal
2026-06-14,T0007,P007,0,portal
2026-06-14,T0007,P008,0,portal
2026-06-14,T0007,P009,8,portal
2026-06-14,T0007,P010,6,portal
2026-06-14,T0007,P011,0,portal
2026-06-14,T0007,P012,0,portal
2026-06-14,T0007,P013,1,portal
2026-06-14,T0007,P014,5,portal
2026-06-14,T0007,P015,0,portal
2026-06-14,T0007,P016,20,portal
2026-06-14,T0007,P017,0,portal
2026-06-14,T0007,P018,6,portal
2026-06-14,T0007,P019,12,portal
2026-06-14,T0007,P020,3,portal
2026-06-14,T0008,P001,2,portal
2026-06-14,T0008,P002,0,portal
2026-06-14,T0008,P003,0,portal
2026-06-14,T0008,P004,26,portal
2026-06-14,T0008,P005,22,portal
2026-06-14,T0008,P006,0,portal
2026-06-14,T0008,P007,0,portal
2026-06-14,T0008,P008,0,portal
2026-06-14,T0008,P009,0,portal
2026-06-14,T0008,P010,0,portal
2026-06-14,T0008,P011,0,portal
2026-06-14,T0008,P012,0,portal
2026-06-14,T0008,P013,0,portal
2026-06-14,T0008,P014,0,portal
2026-06-14,T0008,P015,6,portal
2026-06-14,T0008,P016,0,portal
2026-06-14,T0008,P017,5,portal
2026-06-14,T0008,P018,3,portal
2026-06-14,T0008,P019,32,portal
2026-06-14,T0008,P020,0,portal
2026-06-14,T0009,P001,0,portal
2026-06-14,T0009,P002,1,portal
2026-06-14,T0009,P003,0,portal
2026-06-14,T0009,P004,12,portal
2026-06-14,T0009,P005,0,portal
2026-06-14,T0009,P006,13,portal
2026-06-14,T0009,P007,0,portal
2026-06-14,T0009,P008,9,portal
2026-06-14,T0009,P009,3,portal
2026-06-14,T0009,P010,0,portal
2026-06-14,T0009,P011,0,portal
2026-06-14,T0009,P012,0,portal
2026-06-14,T0009,P013,1,portal
2026-06-14,T0009,P014,16,portal
2026-06-14,T0009,P015,9,portal
2026-06-14,T0009,P016,0,portal
2026-06-14,T0009,P017,0,portal
2026-06-14,T0009,P018,8,portal
2026-06-14,T0009,P019,0,portal
2026-06-14,T0009,P020,0,portal
2026-06-14,T0010,P001,0,portal
2026-06-14,T0010,P002,12,portal
2026-06-14,T0010,P003,0,portal
2026-06-14,T0010,P004,0,portal
2026-06-14,T0010,P005,0,portal
2026-06-14,T0010,P006,0,portal
2026-06-14,T0010,P007,0,portal
2026-06-14,T0010,P008,6,portal
2026-06-14,T0010,P009,0,portal
2026-06-14,T0010,P010,0,portal
2026-06-14,T0010,P011,0,portal
2026-06-14,T0010,P012,0,portal
2026-06-14,T0010,P013,0,portal
2026-06-14,T0010,P014,10,portal
2026-06-14,T0010,P015,0,portal
2026-06-14,T0010,P016,0,portal
2026-06-14,T0010,P017,0,portal
2026-06-14,T0010,P018,0,portal
2026-06-14,T0010,P019,0,portal
2026-06-14,T0010,P020,6,portal
2026-06-14,T0011,P001,0,portal
2026-06-14,T0011,P002,7,portal
2026-06-14,T0011,P003,0,portal
2026-06-14,T0011,P004,0,portal
2026-06-14,T0011,P005,1,portal
2026-06-14,T0011,P006,0,portal
2026-06-14,T0011,P007,12,portal
2026-06-14,T0011,P008,0,portal
2026-06-14,T0011,P009,0,portal
2026-06-14,T0011,P010,0,portal
2026-06-14,T0011,P011,8,portal
2026-06-14,T0011,P012,1,portal
2026-06-14,T0011,P013,0,portal
2026-06-14,T0011,P014,5,portal
2026-06-14,T0011,P015,3,portal
2026-06-14,T0011,P016,5,portal
2026-06-14,T0011,P017,0,portal
2026-06-14,T0011,P018,0,portal
2026-06-14,T0011,P019,0,portal
2026-06-14,T0011,P020,0,portal
2026-06-14,T0012,P001,1,portal
2026-06-14,T0012,P002,0,portal
2026-06-14,T0012,P003,0,portal
2026-06-14,T0012,P004,0,portal
2026-06-14,T0012,P005,0,portal
2026-06-14,T0012,P006,0,portal
2026-06-14,T0012,P007,0,portal
2026-06-14,T0012,P008,0,portal
2026-06-14,T0012,P009,1,portal
2026-06-14,T0012,P010,0,portal
2026-06-14,T0012,P011,6,portal
2026-06-14,T0012,P012,1,portal
2026-06-14,T0012,P013,0,portal
2026-06-14,T0012,P014,0,portal
2026-06-14,T0012,P015,0,portal
2026-06-14,T0012,P016,0,portal
2026-06-14,T0012,P017,0,portal
2026-06-14,T0012,P018,0,portal
2026-06-14,T0012,P019,7,portal
2026-06-14,T0012,P020,2,portal
2026-06-14,T0013,P001,0,portal
2026-06-14,T0013,P002,0,portal
2026-06-14,T0013,P003,0,portal
2026-06-14,T0013,P004,15,portal
2026-06-14,T0013,P005,0,portal
2026-06-14,T0013,P006,8,portal
2026-06-14,T0013,P007,8,portal
2026-06-14,T0013,P008,2,portal
2026-06-14,T0013,P009,1,portal
2026-06-14,T0013,P010,0,portal
2026-06-14,T0013,P011,0,portal
2026-06-14,T0013,P012,0,portal
2026-06-14,T0013,P013,0,portal
2026-06-14,T0013,P014,4,portal
2026-06-14,T0013,P015,0,portal
2026-06-14,T0013,P016,0,portal
2026-06-14,T0013,P017,0,portal
2026-06-14,T0013,P018,0,portal
2026-06-14,T0013,P019,0,portal
2026-06-14,T0013,P020,0,portal
2026-06-14,T0014,P001,1,portal
2026-06-14,T0014,P002,0,portal
2026-06-14,T0014,P003,0,portal
2026-06-14,T0014,P004,8,portal
2026-06-14,T0014,P005,0,portal
2026-06-14,T0014,P006,16,portal
2026-06-14,T0014,P007,0,portal
2026-06-14,T0014,P008,5,portal
2026-06-14,T0014,P009,0,portal
2026-06-14,T0014,P010,0,portal
2026-06-14,T0014,P011,0,portal
2026-06-14,T0014,P012,0,portal
2026-06-14,T0014,P013,4,portal
2026-06-14,T0014,P014,0,portal
2026-06-14,T0014,P015,0,portal
2026-06-14,T0014,P016,0,portal
2026-06-14,T0014,P017,5,portal
2026-06-14,T0014,P018,0,portal
2026-06-14,T0014,P019,0,portal
2026-06-14,T0014,P020,0,portal
2026-06-15,T0001,P001,4,portal
2026-06-15,T0001,P002,15,portal
2026-06-15,T0001,P003,5,portal
2026-06-15,T0001,P004,24,portal
2026-06-15,T0001,P005,11,portal
2026-06-15,T0001,P006,8,portal
2026-06-15,T0001,P007,29,portal
2026-06-15,T0001,P008,17,portal
2026-06-15,T0001,P009,11,portal
2026-06-15,T0001,P010,25,portal
2026-06-15,T0001,P011,23,portal
2026-06-15,T0001,P012,12,portal
2026-06-15,T0001,P013,5,portal
2026-06-15,T0001,P014,8,portal
2026-06-15,T0001,P015,10,portal
2026-06-15,T0001,P016,14,portal
2026-06-15,T0001,P017,9,portal
2026-06-15,T0001,P018,0,portal
2026-06-15,T0001,P019,25,portal
2026-06-15,T0001,P020,7,portal
2026-06-15,T0002,P001,6,portal
2026-06-15,T0002,P002,13,portal
2026-06-15,T0002,P003,21,portal
2026-06-15,T0002,P004,43,portal
2026-06-15,T0002,P005,40,portal
2026-06-15,T0002,P006,51,portal
2026-06-15,T0002,P007,50,portal
2026-06-15,T0002,P008,30,portal
2026-06-15,T0002,P009,4,portal
2026-06-15,T0002,P010,42,portal
2026-06-15,T0002,P011,36,portal
2026-06-15,T0002,P012,21,portal
2026-06-15,T0002,P013,7,portal
2026-06-15,T0002,P014,42,portal
2026-06-15,T0002,P015,16,portal
2026-06-15,T0002,P016,53,portal
2026-06-15,T0002,P017,15,portal
2026-06-15,T0002,P018,11,portal
2026-06-15,T0002,P019,47,portal
2026-06-15,T0002,P020,10,portal
2026-06-15,T0003,P001,4,portal
2026-06-15,T0003,P002,4,portal
2026-06-15,T0003,P003,0,portal
2026-06-15,T0003,P004,28,portal
2026-06-15,T0003,P005,22,portal
2026-06-15,T0003,P006,30,portal
2026-06-15,T0003,P007,5,portal
2026-06-15,T0003,P008,15,portal
2026-06-15,T0003,P009,12,portal
2026-06-15,T0003,P010,7,portal
2026-06-15,T0003,P011,23,portal
2026-06-15,T0003,P012,3,portal
2026-06-15,T0003,P013,4,portal
2026-06-15,T0003,P014,10,portal
2026-06-15,T0003,P015,10,portal
2026-06-15,T0003,P016,30,portal
2026-06-15,T0003,P017,8,portal
2026-06-15,T0003,P018,3,portal
2026-06-15,T0003,P019,27,portal
2026-06-15,T0003,P020,7,portal
2026-06-15,T0004,P001,4,portal
2026-06-15,T0004,P002,14,portal
2026-06-15,T0004,P003,32,portal
2026-06-15,T0004,P004,30,portal
2026-06-15,T0004,P005,24,portal
2026-06-15,T0004,P006,28,portal
2026-06-15,T0004,P007,28,portal
2026-06-15,T0004,P008,17,portal
2026-06-15,T0004,P009,12,portal
2026-06-15,T0004,P010,24,portal
2026-06-15,T0004,P011,23,portal
2026-06-15,T0004,P012,11,portal
2026-06-15,T0004,P013,3,portal
2026-06-15,T0004,P014,22,portal
2026-06-15,T0004,P015,10,portal
2026-06-15,T0004,P016,27,portal
2026-06-15,T0004,P017,8,portal
2026-06-15,T0004,P018,5,portal
2026-06-15,T0004,P019,20,portal
2026-06-15,T0004,P020,5,portal
2026-06-15,T0005,P001,4,portal
2026-06-15,T0005,P002,6,portal
2026-06-15,T0005,P003,27,portal
2026-06-15,T0005,P004,10,portal
2026-06-15,T0005,P005,8,portal
2026-06-15,T0005,P006,27,portal
2026-06-15,T0005,P007,29,portal
2026-06-15,T0005,P008,13,portal
2026-06-15,T0005,P009,9,portal
2026-06-15,T0005,P010,22,portal
2026-06-15,T0005,P011,20,portal
2026-06-15,T0005,P012,14,portal
2026-06-15,T0005,P013,4,portal
2026-06-15,T0005,P014,6,portal
2026-06-15,T0005,P015,7,portal
2026-06-15,T0005,P016,30,portal
2026-06-15,T0005,P017,8,portal
2026-06-15,T0005,P018,4,portal
2026-06-15,T0005,P019,26,portal
2026-06-15,T0005,P020,7,portal
2026-06-15,T0006,P001,8,portal
2026-06-15,T0006,P002,41,portal
2026-06-15,T0006,P003,91,portal
2026-06-15,T0006,P004,79,portal
2026-06-15,T0006,P005,63,portal
2026-06-15,T0006,P006,76,portal
2026-06-15,T0006,P007,79,portal
2026-06-15,T0006,P008,50,portal
2026-06-15,T0006,P009,32,portal
2026-06-15,T0006,P010,21,portal
2026-06-15,T0006,P011,61,portal
2026-06-15,T0006,P012,33,portal
2026-06-15,T0006,P013,6,portal
2026-06-15,T0006,P014,66,portal
2026-06-15,T0006,P015,24,portal
2026-06-15,T0006,P016,84,portal
2026-06-15,T0006,P017,27,portal
2026-06-15,T0006,P018,15,portal
2026-06-15,T0006,P019,73,portal
2026-06-15,T0006,P020,18,portal
2026-06-15,T0007,P001,5,portal
2026-06-15,T0007,P002,4,portal
2026-06-15,T0007,P003,11,portal
2026-06-15,T0007,P004,49,portal
2026-06-15,T0007,P005,14,portal
2026-06-15,T0007,P006,50,portal
2026-06-15,T0007,P007,51,portal
2026-06-15,T0007,P008,33,portal
2026-06-15,T0007,P009,7,portal
2026-06-15,T0007,P010,46,portal
2026-06-15,T0007,P011,37,portal
2026-06-15,T0007,P012,22,portal
2026-06-15,T0007,P013,6,portal
2026-06-15,T0007,P014,43,portal
2026-06-15,T0007,P015,17,portal
2026-06-15,T0007,P016,11,portal
2026-06-15,T0007,P017,13,portal
2026-06-15,T0007,P018,5,portal
2026-06-15,T0007,P019,44,portal
2026-06-15,T0007,P020,0,portal
2026-06-15,T0008,P001,8,portal
2026-06-15,T0008,P002,43,portal
2026-06-15,T0008,P003,0,portal
2026-06-15,T0008,P004,14,portal
2026-06-15,T0008,P005,14,portal
2026-06-15,T0008,P006,79,portal
2026-06-15,T0008,P007,79,portal
2026-06-15,T0008,P008,51,portal
2026-06-15,T0008,P009,30,portal
2026-06-15,T0008,P010,68,portal
2026-06-15,T0008,P011,63,portal
2026-06-15,T0008,P012,38,portal
2026-06-15,T0008,P013,13,portal
2026-06-15,T0008,P014,64,portal
2026-06-15,T0008,P015,23,portal
2026-06-15,T0008,P016,83,portal
2026-06-15,T0008,P017,25,portal
2026-06-15,T0008,P018,13,portal
2026-06-15,T0008,P019,21,portal
2026-06-15,T0008,P020,17,portal
2026-06-15,T0009,P001,5,portal
2026-06-15,T0009,P002,26,portal
2026-06-15,T0009,P003,61,portal
2026-06-15,T0009,P004,50,portal
2026-06-15,T0009,P005,45,portal
2026-06-15,T0009,P006,53,portal
2026-06-15,T0009,P007,53,portal
2026-06-15,T0009,P008,36,portal
2026-06-15,T0009,P009,21,portal
2026-06-15,T0009,P010,53,portal
2026-06-15,T0009,P011,44,portal
2026-06-15,T0009,P012,23,portal
2026-06-15,T0009,P013,8,portal
2026-06-15,T0009,P014,12,portal
2026-06-15,T0009,P015,5,portal
2026-06-15,T0009,P016,55,portal
2026-06-15,T0009,P017,17,portal
2026-06-15,T0009,P018,6,portal
2026-06-15,T0009,P019,52,portal
2026-06-15,T0009,P020,10,portal
2026-06-15,T0010,P001,2,portal
2026-06-15,T0010,P002,11,portal
2026-06-15,T0010,P003,40,portal
2026-06-15,T0010,P004,34,portal
2026-06-15,T0010,P005,28,portal
2026-06-15,T0010,P006,33,portal
2026-06-15,T0010,P007,32,portal
2026-06-15,T0010,P008,3,portal
2026-06-15,T0010,P009,14,portal
2026-06-15,T0010,P010,30,portal
2026-06-15,T0010,P011,27,portal
2026-06-15,T0010,P012,14,portal
2026-06-15,T0010,P013,6,portal
2026-06-15,T0010,P014,9,portal
2026-06-15,T0010,P015,13,portal
2026-06-15,T0010,P016,37,portal
2026-06-15,T0010,P017,12,portal
2026-06-15,T0010,P018,7,portal
2026-06-15,T0010,P019,34,portal
2026-06-15,T0010,P020,6,portal
2026-06-15,T0011,P001,4,portal
2026-06-15,T0011,P002,5,portal
2026-06-15,T0011,P003,0,portal
2026-06-15,T0011,P004,20,portal
2026-06-15,T0011,P005,16,portal
2026-06-15,T0011,P006,20,portal
2026-06-15,T0011,P007,9,portal
2026-06-15,T0011,P008,12,portal
2026-06-15,T0011,P009,6,portal
2026-06-15,T0011,P010,17,portal
2026-06-15,T0011,P011,6,portal
2026-06-15,T0011,P012,7,portal
2026-06-15,T0011,P013,4,portal
2026-06-15,T0011,P014,4,portal
2026-06-15,T0011,P015,1,portal
2026-06-15,T0011,P016,19,portal
2026-06-15,T0011,P017,5,portal
2026-06-15,T0011,P018,3,portal
2026-06-15,T0011,P019,19,portal
2026-06-15,T0011,P020,3,portal
2026-06-15,T0012,P001,1,portal
2026-06-15,T0012,P002,9,portal
2026-06-15,T0012,P003,20,portal
2026-06-15,T0012,P004,19,portal
2026-06-15,T0012,P005,15,portal
2026-06-15,T0012,P006,19,portal
2026-06-15,T0012,P007,18,portal
2026-06-15,T0012,P008,11,portal
2026-06-15,T0012,P009,8,portal
2026-06-15,T0012,P010,17,portal
2026-06-15,T0012,P011,6,portal
2026-06-15,T0012,P012,8,portal
2026-06-15,T0012,P013,3,portal
2026-06-15,T0012,P014,17,portal
2026-06-15,T0012,P015,6,portal
2026-06-15,T0012,P016,18,portal
2026-06-15,T0012,P017,6,portal
2026-06-15,T0012,P018,3,portal
2026-06-15,T0012,P019,2,portal
2026-06-15,T0012,P020,2,portal
2026-06-15,T0013,P001,4,portal
2026-06-15,T0013,P002,19,portal
2026-06-15,T0013,P003,0,portal
2026-06-15,T0013,P004,11,portal
2026-06-15,T0013,P005,27,portal
2026-06-15,T0013,P006,36,portal
2026-06-15,T0013,P007,36,portal
2026-06-15,T0013,P008,17,portal
2026-06-15,T0013,P009,14,portal
2026-06-15,T0013,P010,30,portal
2026-06-15,T0013,P011,26,portal
2026-06-15,T0013,P012,12,portal
2026-06-15,T0013,P013,5,portal
2026-06-15,T0013,P014,28,portal
2026-06-15,T0013,P015,9,portal
2026-06-15,T0013,P016,38,portal
2026-06-15,T0013,P017,10,portal
2026-06-15,T0013,P018,7,portal
2026-06-15,T0013,P019,30,portal
2026-06-15,T0013,P020,9,portal
2026-06-15,T0014,P001,1,portal
2026-06-15,T0014,P002,19,portal
2026-06-15,T0014,P003,39,portal
2026-06-15,T0014,P004,29,portal
2026-06-15,T0014,P005,29,portal
2026-06-15,T0014,P006,10,portal
2026-06-15,T0014,P007,35,portal
2026-06-15,T0014,P008,18,portal
2026-06-15,T0014,P009,13,portal
2026-06-15,T0014,P010,31,portal
2026-06-15,T0014,P011,24,portal
2026-06-15,T0014,P012,16,portal
2026-06-15,T0014,P013,3,portal
2026-06-15,T0014,P014,26,portal
2026-06-15,T0014,P015,11,portal
2026-06-15,T0014,P016,37,portal
2026-06-15,T0014,P017,4,portal
2026-06-15,T0014,P018,7,portal
2026-06-15,T0014,P019,33,portal
2026-06-15,T0014,P020,9,portal
2026-06-15,T0020,P001,4,preventa
2026-06-15,T0020,P002,9,preventa
2026-06-15,T0020,P003,5,preventa
2026-06-15,T0020,P004,15,preventa
2026-06-15,T0020,P005,12,preventa
2026-06-15,T0020,P006,17,preventa
2026-06-15,T0020,P007,16,preventa
2026-06-15,T0020,P008,10,preventa
2026-06-15,T0020,P009,5,preventa
2026-06-15,T0020,P010,3,preventa
2026-06-15,T0020,P011,12,preventa
2026-06-15,T0020,P012,7,preventa
2026-06-15,T0020,P013,4,preventa
2026-06-15,T0020,P014,13,preventa
2026-06-15,T0020,P015,2,preventa
2026-06-15,T0020,P016,16,preventa
2026-06-15,T0020,P017,5,preventa
2026-06-15,T0020,P018,2,preventa
2026-06-15,T0020,P019,15,preventa
2026-06-15,T0020,P020,4,preventa
2026-06-15,T0022,P001,4,preventa
2026-06-15,T0022,P002,2,preventa
2026-06-15,T0022,P003,10,preventa
2026-06-15,T0022,P004,4,preventa
2026-06-15,T0022,P005,7,preventa
2026-06-15,T0022,P006,8,preventa
2026-06-15,T0022,P007,4,preventa
2026-06-15,T0022,P008,5,preventa
2026-06-15,T0022,P009,3,preventa
2026-06-15,T0022,P010,8,preventa
2026-06-15,T0022,P011,7,preventa
2026-06-15,T0022,P012,1,preventa
2026-06-15,T0022,P013,1,preventa
2026-06-15,T0022,P014,8,preventa
2026-06-15,T0022,P015,4,preventa
2026-06-15,T0022,P016,9,preventa
2026-06-15,T0022,P017,3,preventa
2026-06-15,T0022,P018,3,preventa
2026-06-15,T0022,P019,7,preventa
2026-06-15,T0022,P020,3,preventa
2026-06-15,T0025,P001,2,preventa
2026-06-15,T0025,P002,1,preventa
2026-06-15,T0025,P003,8,preventa
2026-06-15,T0025,P004,2,preventa
2026-06-15,T0025,P005,6,preventa
2026-06-15,T0025,P006,7,preventa
2026-06-15,T0025,P007,8,preventa
2026-06-15,T0025,P008,2,preventa
2026-06-15,T0025,P009,3,preventa
2026-06-15,T0025,P010,7,preventa
2026-06-15,T0025,P011,6,preventa
2026-06-15,T0025,P012,4,preventa
2026-06-15,T0025,P013,3,preventa
2026-06-15,T0025,P014,7,preventa
2026-06-15,T0025,P015,4,preventa
2026-06-15,T0025,P016,7,preventa
2026-06-15,T0025,P017,0,preventa
2026-06-15,T0025,P018,2,preventa
2026-06-15,T0025,P019,8,preventa
2026-06-15,T0025,P020,0,preventa
2026-06-15,T0030,P001,4,preventa
2026-06-15,T0030,P002,13,preventa
2026-06-15,T0030,P003,30,preventa
2026-06-15,T0030,P004,24,preventa
2026-06-15,T0030,P005,19,preventa
2026-06-15,T0030,P006,26,preventa
2026-06-15,T0030,P007,26,preventa
2026-06-15,T0030,P008,7,preventa
2026-06-15,T0030,P009,11,preventa
2026-06-15,T0030,P010,23,preventa
2026-06-15,T0030,P011,4,preventa
2026-06-15,T0030,P012,9,preventa
2026-06-15,T0030,P013,4,preventa
2026-06-15,T0030,P014,22,preventa
2026-06-15,T0030,P015,9,preventa
2026-06-15,T0030,P016,27,preventa
2026-06-15,T0030,P017,8,preventa
2026-06-15,T0030,P018,3,preventa
2026-06-15,T0030,P019,19,preventa
2026-06-15,T0030,P020,5,preventa
2026-06-16,T0001,P001,4,portal
2026-06-16,T0001,P002,15,portal
2026-06-16,T0001,P003,0,portal
2026-06-16,T0001,P004,22,portal
2026-06-16,T0001,P005,10,portal
2026-06-16,T0001,P006,6,portal
2026-06-16,T0001,P007,25,portal
2026-06-16,T0001,P008,15,portal
2026-06-16,T0001,P009,10,portal
2026-06-16,T0001,P010,22,portal
2026-06-16,T0001,P011,19,portal
2026-06-16,T0001,P012,12,portal
2026-06-16,T0001,P013,5,portal
2026-06-16,T0001,P014,4,portal
2026-06-16,T0001,P015,9,portal
2026-06-16,T0001,P016,14,portal
2026-06-16,T0001,P017,9,portal
2026-06-16,T0001,P018,0,portal
2026-06-16,T0001,P019,23,portal
2026-06-16,T0001,P020,5,portal
2026-06-16,T0002,P001,5,portal
2026-06-16,T0002,P002,10,portal
2026-06-16,T0002,P003,14,portal
2026-06-16,T0002,P004,37,portal
2026-06-16,T0002,P005,36,portal
2026-06-16,T0002,P006,46,portal
2026-06-16,T0002,P007,48,portal
2026-06-16,T0002,P008,29,portal
2026-06-16,T0002,P009,3,portal
2026-06-16,T0002,P010,38,portal
2026-06-16,T0002,P011,31,portal
2026-06-16,T0002,P012,18,portal
2026-06-16,T0002,P013,7,portal
2026-06-16,T0002,P014,39,portal
2026-06-16,T0002,P015,15,portal
2026-06-16,T0002,P016,50,portal
2026-06-16,T0002,P017,12,portal
2026-06-16,T0002,P018,11,portal
2026-06-16,T0002,P019,41,portal
2026-06-16,T0002,P020,9,portal
2026-06-16,T0003,P001,3,portal
2026-06-16,T0003,P002,4,portal
2026-06-16,T0003,P003,0,portal
2026-06-16,T0003,P004,27,portal
2026-06-16,T0003,P005,20,portal
2026-06-16,T0003,P006,27,portal
2026-06-16,T0003,P007,0,portal
2026-06-16,T0003,P008,13,portal
2026-06-16,T0003,P009,12,portal
2026-06-16,T0003,P010,4,portal
2026-06-16,T0003,P011,21,portal
2026-06-16,T0003,P012,1,portal
2026-06-16,T0003,P013,4,portal
2026-06-16,T0003,P014,9,portal
2026-06-16,T0003,P015,10,portal
2026-06-16,T0003,P016,29,portal
2026-06-16,T0003,P017,7,portal
2026-06-16,T0003,P018,3,portal
2026-06-16,T0003,P019,23,portal
2026-06-16,T0003,P020,5,portal
2026-06-16,T0004,P001,4,portal
2026-06-16,T0004,P002,12,portal
2026-06-16,T0004,P003,26,portal
2026-06-16,T0004,P004,27,portal
2026-06-16,T0004,P005,22,portal
2026-06-16,T0004,P006,26,portal
2026-06-16,T0004,P007,24,portal
2026-06-16,T0004,P008,16,portal
2026-06-16,T0004,P009,12,portal
2026-06-16,T0004,P010,23,portal
2026-06-16,T0004,P011,19,portal
2026-06-16,T0004,P012,10,portal
2026-06-16,T0004,P013,2,portal
2026-06-16,T0004,P014,17,portal
2026-06-16,T0004,P015,5,portal
2026-06-16,T0004,P016,22,portal
2026-06-16,T0004,P017,8,portal
2026-06-16,T0004,P018,5,portal
2026-06-16,T0004,P019,16,portal
2026-06-16,T0004,P020,4,portal
2026-06-16,T0005,P001,3,portal
2026-06-16,T0005,P002,5,portal
2026-06-16,T0005,P003,21,portal
2026-06-16,T0005,P004,3,portal
2026-06-16,T0005,P005,5,portal
2026-06-16,T0005,P006,25,portal
2026-06-16,T0005,P007,27,portal
2026-06-16,T0005,P008,13,portal
2026-06-16,T0005,P009,8,portal
2026-06-16,T0005,P010,19,portal
2026-06-16,T0005,P011,18,portal
2026-06-16,T0005,P012,12,portal
2026-06-16,T0005,P013,4,portal
2026-06-16,T0005,P014,2,portal
2026-06-16,T0005,P015,7,portal
2026-06-16,T0005,P016,28,portal
2026-06-16,T0005,P017,7,portal
2026-06-16,T0005,P018,4,portal
2026-06-16,T0005,P019,22,portal
2026-06-16,T0005,P020,5,portal
2026-06-16,T0006,P001,6,portal
2026-06-16,T0006,P002,38,portal
2026-06-16,T0006,P003,78,portal
2026-06-16,T0006,P004,70,portal
2026-06-16,T0006,P005,53,portal
2026-06-16,T0006,P006,64,portal
2026-06-16,T0006,P007,74,portal
2026-06-16,T0006,P008,44,portal
2026-06-16,T0006,P009,27,portal
2026-06-16,T0006,P010,14,portal
2026-06-16,T0006,P011,57,portal
2026-06-16,T0006,P012,27,portal
2026-06-16,T0006,P013,4,portal
2026-06-16,T0006,P014,59,portal
2026-06-16,T0006,P015,20,portal
2026-06-16,T0006,P016,72,portal
2026-06-16,T0006,P017,23,portal
2026-06-16,T0006,P018,12,portal
2026-06-16,T0006,P019,62,portal
2026-06-16,T0006,P020,17,portal
2026-06-16,T0007,P001,5,portal
2026-06-16,T0007,P002,3,portal
2026-06-16,T0007,P003,8,portal
2026-06-16,T0007,P004,46,portal
2026-06-16,T0007,P005,10,portal
2026-06-16,T0007,P006,45,portal
2026-06-16,T0007,P007,45,portal
2026-06-16,T0007,P008,32,portal
2026-06-16,T0007,P009,6,portal
2026-06-16,T0007,P010,45,portal
2026-06-16,T0007,P011,35,portal
2026-06-16,T0007,P012,21,portal
2026-06-16,T0007,P013,4,portal
2026-06-16,T0007,P014,42,portal
2026-06-16,T0007,P015,10,portal
2026-06-16,T0007,P016,5,portal
2026-06-16,T0007,P017,12,portal
2026-06-16,T0007,P018,5,portal
2026-06-16,T0007,P019,40,portal
2026-06-16,T0007,P020,0,portal
2026-06-16,T0008,P001,6,portal
2026-06-16,T0008,P002,35,portal
2026-06-16,T0008,P003,0,portal
2026-06-16,T0008,P004,7,portal
2026-06-16,T0008,P005,2,portal
2026-06-16,T0008,P006,70,portal
2026-06-16,T0008,P007,74,portal
2026-06-16,T0008,P008,46,portal
2026-06-16,T0008,P009,25,portal
2026-06-16,T0008,P010,63,portal
2026-06-16,T0008,P011,57,portal
2026-06-16,T0008,P012,36,portal
2026-06-16,T0008,P013,12,portal
2026-06-16,T0008,P014,60,portal
2026-06-16,T0008,P015,19,portal
2026-06-16,T0008,P016,74,portal
2026-06-16,T0008,P017,25,portal
2026-06-16,T0008,P018,12,portal
2026-06-16,T0008,P019,16,portal
2026-06-16,T0008,P020,13,portal
2026-06-16,T0009,P001,4,portal
2026-06-16,T0009,P002,23,portal
2026-06-16,T0009,P003,56,portal
2026-06-16,T0009,P004,46,portal
2026-06-16,T0009,P005,38,portal
2026-06-16,T0009,P006,45,portal
2026-06-16,T0009,P007,49,portal
2026-06-16,T0009,P008,31,portal
2026-06-16,T0009,P009,18,portal
2026-06-16,T0009,P010,48,portal
2026-06-16,T0009,P011,41,portal
2026-06-16,T0009,P012,21,portal
2026-06-16,T0009,P013,6,portal
2026-06-16,T0009,P014,9,portal
2026-06-16,T0009,P015,1,portal
2026-06-16,T0009,P016,50,portal
2026-06-16,T0009,P017,14,portal
2026-06-16,T0009,P018,4,portal
2026-06-16,T0009,P019,49,portal
2026-06-16,T0009,P020,10,portal
2026-06-16,T0010,P001,2,portal
2026-06-16,T0010,P002,10,portal
2026-06-16,T0010,P003,40,portal
2026-06-16,T0010,P004,28,portal
2026-06-16,T0010,P005,26,portal
2026-06-16,T0010,P006,27,portal
2026-06-16,T0010,P007,29,portal
2026-06-16,T0010,P008,0,portal
2026-06-16,T0010,P009,10,portal
2026-06-16,T0010,P010,28,portal
2026-06-16,T0010,P011,24,portal
2026-06-16,T0010,P012,13,portal
2026-06-16,T0010,P013,5,portal
2026-06-16,T0010,P014,9,portal
2026-06-16,T0010,P015,13,portal
2026-06-16,T0010,P016,31,portal
2026-06-16,T0010,P017,10,portal
2026-06-16,T0010,P018,7,portal
2026-06-16,T0010,P019,32,portal
2026-06-16,T0010,P020,5,portal
2026-06-16,T0011,P001,4,portal
2026-06-16,T0011,P002,5,portal
2026-06-16,T0011,P003,0,portal
2026-06-16,T0011,P004,20,portal
2026-06-16,T0011,P005,15,portal
2026-06-16,T0011,P006,20,portal
2026-06-16,T0011,P007,7,portal
2026-06-16,T0011,P008,12,portal
2026-06-16,T0011,P009,6,portal
2026-06-16,T0011,P010,14,portal
2026-06-16,T0011,P011,6,portal
2026-06-16,T0011,P012,4,portal
2026-06-16,T0011,P013,3,portal
2026-06-16,T0011,P014,4,portal
2026-06-16,T0011,P015,1,portal
2026-06-16,T0011,P016,18,portal
2026-06-16,T0011,P017,5,portal
2026-06-16,T0011,P018,3,portal
2026-06-16,T0011,P019,17,portal
2026-06-16,T0011,P020,3,portal
2026-06-16,T0012,P001,1,portal
2026-06-16,T0012,P002,7,portal
2026-06-16,T0012,P003,20,portal
2026-06-16,T0012,P004,14,portal
2026-06-16,T0012,P005,15,portal
2026-06-16,T0012,P006,19,portal
2026-06-16,T0012,P007,18,portal
2026-06-16,T0012,P008,10,portal
2026-06-16,T0012,P009,5,portal
2026-06-16,T0012,P010,16,portal
2026-06-16,T0012,P011,5,portal
2026-06-16,T0012,P012,7,portal
2026-06-16,T0012,P013,3,portal
2026-06-16,T0012,P014,15,portal
2026-06-16,T0012,P015,6,portal
2026-06-16,T0012,P016,13,portal
2026-06-16,T0012,P017,6,portal
2026-06-16,T0012,P018,2,portal
2026-06-16,T0012,P019,1,portal
2026-06-16,T0012,P020,2,portal
2026-06-16,T0013,P001,4,portal
2026-06-16,T0013,P002,18,portal
2026-06-16,T0013,P003,0,portal
2026-06-16,T0013,P004,9,portal
2026-06-16,T0013,P005,24,portal
2026-06-16,T0013,P006,32,portal
2026-06-16,T0013,P007,32,portal
2026-06-16,T0013,P008,14,portal
2026-06-16,T0013,P009,12,portal
2026-06-16,T0013,P010,28,portal
2026-06-16,T0013,P011,24,portal
2026-06-16,T0013,P012,10,portal
2026-06-16,T0013,P013,5,portal
2026-06-16,T0013,P014,26,portal
2026-06-16,T0013,P015,9,portal
2026-06-16,T0013,P016,31,portal
2026-06-16,T0013,P017,10,portal
2026-06-16,T0013,P018,7,portal
2026-06-16,T0013,P019,26,portal
2026-06-16,T0013,P020,8,portal
2026-06-16,T0014,P001,1,portal
2026-06-16,T0014,P002,16,portal
2026-06-16,T0014,P003,37,portal
2026-06-16,T0014,P004,26,portal
2026-06-16,T0014,P005,28,portal
2026-06-16,T0014,P006,6,portal
2026-06-16,T0014,P007,33,portal
2026-06-16,T0014,P008,18,portal
2026-06-16,T0014,P009,13,portal
2026-06-16,T0014,P010,28,portal
2026-06-16,T0014,P011,22,portal
2026-06-16,T0014,P012,13,portal
2026-06-16,T0014,P013,2,portal
2026-06-16,T0014,P014,24,portal
2026-06-16,T0014,P015,8,portal
2026-06-16,T0014,P016,32,portal
2026-06-16,T0014,P017,3,portal
2026-06-16,T0014,P018,6,portal
2026-06-16,T0014,P019,31,portal
2026-06-16,T0014,P020,8,portal
2026-06-16,T0021,P001,2,preventa
2026-06-16,T0021,P002,0,preventa
2026-06-16,T0021,P003,0,preventa
2026-06-16,T0021,P004,8,preventa
2026-06-16,T0021,P005,9,preventa
2026-06-16,T0021,P006,7,preventa
2026-06-16,T0021,P007,17,preventa
2026-06-16,T0021,P008,1,preventa
2026-06-16,T0021,P009,5,preventa
2026-06-16,T0021,P010,9,preventa
2026-06-16,T0021,P011,8,preventa
2026-06-16,T0021,P012,3,preventa
2026-06-16,T0021,P013,3,preventa
2026-06-16,T0021,P014,13,preventa
2026-06-16,T0021,P015,4,preventa
2026-06-16,T0021,P016,13,preventa
2026-06-16,T0021,P017,4,preventa
2026-06-16,T0021,P018,4,preventa
2026-06-16,T0021,P019,14,preventa
2026-06-16,T0021,P020,3,preventa
2026-06-16,T0024,P001,2,preventa
2026-06-16,T0024,P002,9,preventa
2026-06-16,T0024,P003,15,preventa
2026-06-16,T0024,P004,13,preventa
2026-06-16,T0024,P005,10,preventa
2026-06-16,T0024,P006,16,preventa
2026-06-16,T0024,P007,14,preventa
2026-06-16,T0024,P008,6,preventa
2026-06-16,T0024,P009,6,preventa
2026-06-16,T0024,P010,12,preventa
2026-06-16,T0024,P011,8,preventa
2026-06-16,T0024,P012,3,preventa
2026-06-16,T0024,P013,0,preventa
2026-06-16,T0024,P014,12,preventa
2026-06-16,T0024,P015,5,preventa
2026-06-16,T0024,P016,15,preventa
2026-06-16,T0024,P017,0,preventa
2026-06-16,T0024,P018,4,preventa
2026-06-16,T0024,P019,3,preventa
2026-06-16,T0024,P020,4,preventa
2026-06-16,T0027,P001,3,preventa
2026-06-16,T0027,P002,7,preventa
2026-06-16,T0027,P003,7,preventa
2026-06-16,T0027,P004,15,preventa
2026-06-16,T0027,P005,10,preventa
2026-06-16,T0027,P006,13,preventa
2026-06-16,T0027,P007,12,preventa
2026-06-16,T0027,P008,6,preventa
2026-06-16,T0027,P009,6,preventa
2026-06-16,T0027,P010,11,preventa
2026-06-16,T0027,P011,11,preventa
2026-06-16,T0027,P012,5,preventa
2026-06-16,T0027,P013,4,preventa
2026-06-16,T0027,P014,4,preventa
2026-06-16,T0027,P015,5,preventa
2026-06-16,T0027,P016,2,preventa
2026-06-16,T0027,P017,5,preventa
2026-06-16,T0027,P018,3,preventa
2026-06-16,T0027,P019,14,preventa
2026-06-16,T0027,P020,3,preventa
2026-06-16,T0034,P001,2,preventa
2026-06-16,T0034,P002,2,preventa
2026-06-16,T0034,P003,0,preventa
2026-06-16,T0034,P004,12,preventa
2026-06-16,T0034,P005,11,preventa
2026-06-16,T0034,P006,16,preventa
2026-06-16,T0034,P007,13,preventa
2026-06-16,T0034,P008,9,preventa
2026-06-16,T0034,P009,6,preventa
2026-06-16,T0034,P010,12,preventa
2026-06-16,T0034,P011,12,preventa
2026-06-16,T0034,P012,7,preventa
2026-06-16,T0034,P013,4,preventa
2026-06-16,T0034,P014,10,preventa
2026-06-16,T0034,P015,4,preventa
2026-06-16,T0034,P016,13,preventa
2026-06-16,T0034,P017,3,preventa
2026-06-16,T0034,P018,0,preventa
2026-06-16,T0034,P019,15,preventa
2026-06-16,T0034,P020,3,preventa
2026-06-16,T0040,P001,4,preventa
2026-06-16,T0040,P002,11,preventa
2026-06-16,T0040,P003,0,preventa
2026-06-16,T0040,P004,22,preventa
2026-06-16,T0040,P005,19,preventa
2026-06-16,T0040,P006,21,preventa
2026-06-16,T0040,P007,2,preventa
2026-06-16,T0040,P008,14,preventa
2026-06-16,T0040,P009,11,preventa
2026-06-16,T0040,P010,19,preventa
2026-06-16,T0040,P011,17,preventa
2026-06-16,T0040,P012,10,preventa
2026-06-16,T0040,P013,1,preventa
2026-06-16,T0040,P014,19,preventa
2026-06-16,T0040,P015,5,preventa
2026-06-16,T0040,P016,25,preventa
2026-06-16,T0040,P017,8,preventa
2026-06-16,T0040,P018,3,preventa
2026-06-16,T0040,P019,15,preventa
2026-06-16,T0040,P020,5,preventa
2026-06-17,T0001,P001,4,portal
2026-06-17,T0001,P002,14,portal
2026-06-17,T0001,P003,0,portal
2026-06-17,T0001,P004,20,portal
2026-06-17,T0001,P005,8,portal
2026-06-17,T0001,P006,4,portal
2026-06-17,T0001,P007,22,portal
2026-06-17,T0001,P008,15,portal
2026-06-17,T0001,P009,8,portal
2026-06-17,T0001,P010,20,portal
2026-06-17,T0001,P011,15,portal
2026-06-17,T0001,P012,9,portal
2026-06-17,T0001,P013,5,portal
2026-06-17,T0001,P014,1,portal
2026-06-17,T0001,P015,8,portal
2026-06-17,T0001,P016,14,portal
2026-06-17,T0001,P017,7,portal
2026-06-17,T0001,P018,0,portal
2026-06-17,T0001,P019,19,portal
2026-06-17,T0001,P020,5,portal
2026-06-17,T0002,P001,4,portal
2026-06-17,T0002,P002,9,portal
2026-06-17,T0002,P003,9,portal
2026-06-17,T0002,P004,31,portal
2026-06-17,T0002,P005,35,portal
2026-06-17,T0002,P006,43,portal
2026-06-17,T0002,P007,44,portal
2026-06-17,T0002,P008,25,portal
2026-06-17,T0002,P009,2,portal
2026-06-17,T0002,P010,31,portal
2026-06-17,T0002,P011,30,portal
2026-06-17,T0002,P012,14,portal
2026-06-17,T0002,P013,5,portal
2026-06-17,T0002,P014,35,portal
2026-06-17,T0002,P015,13,portal
2026-06-17,T0002,P016,43,portal
2026-06-17,T0002,P017,11,portal
2026-06-17,T0002,P018,9,portal
2026-06-17,T0002,P019,37,portal
2026-06-17,T0002,P020,9,portal
2026-06-17,T0003,P001,3,portal
2026-06-17,T0003,P002,1,portal
2026-06-17,T0003,P003,0,portal
2026-06-17,T0003,P004,25,portal
2026-06-17,T0003,P005,18,portal
2026-06-17,T0003,P006,25,portal
2026-06-17,T0003,P007,0,portal
2026-06-17,T0003,P008,11,portal
2026-06-17,T0003,P009,10,portal
2026-06-17,T0003,P010,2,portal
2026-06-17,T0003,P011,20,portal
2026-06-17,T0003,P012,0,portal
2026-06-17,T0003,P013,4,portal
2026-06-17,T0003,P014,7,portal
2026-06-17,T0003,P015,10,portal
2026-06-17,T0003,P016,25,portal
2026-06-17,T0003,P017,5,portal
2026-06-17,T0003,P018,2,portal
2026-06-17,T0003,P019,22,portal
2026-06-17,T0003,P020,5,portal
2026-06-17,T0004,P001,4,portal
2026-06-17,T0004,P002,12,portal
2026-06-17,T0004,P003,26,portal
2026-06-17,T0004,P004,19,portal
2026-06-17,T0004,P005,19,portal
2026-06-17,T0004,P006,26,portal
2026-06-17,T0004,P007,21,portal
2026-06-17,T0004,P008,15,portal
2026-06-17,T0004,P009,10,portal
2026-06-17,T0004,P010,22,portal
2026-06-17,T0004,P011,16,portal
2026-06-17,T0004,P012,8,portal
2026-06-17,T0004,P013,1,portal
2026-06-17,T0004,P014,15,portal
2026-06-17,T0004,P015,5,portal
2026-06-17,T0004,P016,19,portal
2026-06-17,T0004,P017,8,portal
2026-06-17,T0004,P018,5,portal
2026-06-17,T0004,P019,15,portal
2026-06-17,T0004,P020,4,portal
2026-06-17,T0005,P001,2,portal
2026-06-17,T0005,P002,5,portal
2026-06-17,T0005,P003,17,portal
2026-06-17,T0005,P004,0,portal
2026-06-17,T0005,P005,3,portal
2026-06-17,T0005,P006,22,portal
2026-06-17,T0005,P007,26,portal
2026-06-17,T0005,P008,9,portal
2026-06-17,T0005,P009,7,portal
2026-06-17,T0005,P010,19,portal
2026-06-17,T0005,P011,16,portal
2026-06-17,T0005,P012,10,portal
2026-06-17,T0005,P013,4,portal
2026-06-17,T0005,P014,0,portal
2026-06-17,T0005,P015,6,portal
2026-06-17,T0005,P016,25,portal
2026-06-17,T0005,P017,7,portal
2026-06-17,T0005,P018,4,portal
2026-06-17,T0005,P019,20,portal
2026-06-17,T0005,P020,3,portal
2026-06-17,T0006,P001,6,portal
2026-06-17,T0006,P002,35,portal
2026-06-17,T0006,P003,70,portal
2026-06-17,T0006,P004,67,portal
2026-06-17,T0006,P005,46,portal
2026-06-17,T0006,P006,48,portal
2026-06-17,T0006,P007,65,portal
2026-06-17,T0006,P008,39,portal
2026-06-17,T0006,P009,24,portal
2026-06-17,T0006,P010,8,portal
2026-06-17,T0006,P011,53,portal
2026-06-17,T0006,P012,26,portal
2026-06-17,T0006,P013,1,portal
2026-06-17,T0006,P014,51,portal
2026-06-17,T0006,P015,18,portal
2026-06-17,T0006,P016,64,portal
2026-06-17,T0006,P017,21,portal
2026-06-17,T0006,P018,10,portal
2026-06-17,T0006,P019,56,portal
2026-06-17,T0006,P020,15,portal
2026-06-17,T0007,P001,5,portal
2026-06-17,T0007,P002,0,portal
2026-06-17,T0007,P003,0,portal
2026-06-17,T0007,P004,41,portal
2026-06-17,T0007,P005,6,portal
2026-06-17,T0007,P006,34,portal
2026-06-17,T0007,P007,39,portal
2026-06-17,T0007,P008,30,portal
2026-06-17,T0007,P009,3,portal
2026-06-17,T0007,P010,42,portal
2026-06-17,T0007,P011,30,portal
2026-06-17,T0007,P012,18,portal
2026-06-17,T0007,P013,4,portal
2026-06-17,T0007,P014,39,portal
2026-06-17,T0007,P015,7,portal
2026-06-17,T0007,P016,3,portal
2026-06-17,T0007,P017,11,portal
2026-06-17,T0007,P018,2,portal
2026-06-17,T0007,P019,33,portal
2026-06-17,T0007,P020,0,portal
2026-06-17,T0008,P001,5,portal
2026-06-17,T0008,P002,32,portal
2026-06-17,T0008,P003,0,portal
2026-06-17,T0008,P004,3,portal
2026-06-17,T0008,P005,0,portal
2026-06-17,T0008,P006,59,portal
2026-06-17,T0008,P007,64,portal
2026-06-17,T0008,P008,43,portal
2026-06-17,T0008,P009,21,portal
2026-06-17,T0008,P010,54,portal
2026-06-17,T0008,P011,52,portal
2026-06-17,T0008,P012,32,portal
2026-06-17,T0008,P013,12,portal
2026-06-17,T0008,P014,54,portal
2026-06-17,T0008,P015,17,portal
2026-06-17,T0008,P016,61,portal
2026-06-17,T0008,P017,21,portal
2026-06-17,T0008,P018,12,portal
2026-06-17,T0008,P019,14,portal
2026-06-17,T0008,P020,12,portal
2026-06-17,T0009,P001,3,portal
2026-06-17,T0009,P002,19,portal
2026-06-17,T0009,P003,52,portal
2026-06-17,T0009,P004,41,portal
2026-06-17,T0009,P005,34,portal
2026-06-17,T0009,P006,42,portal
2026-06-17,T0009,P007,46,portal
2026-06-17,T0009,P008,25,portal
2026-06-17,T0009,P009,14,portal
2026-06-17,T0009,P010,40,portal
2026-06-17,T0009,P011,36,portal
2026-06-17,T0009,P012,18,portal
2026-06-17,T0009,P013,5,portal
2026-06-17,T0009,P014,3,portal
2026-06-17,T0009,P015,0,portal
2026-06-17,T0009,P016,39,portal
2026-06-17,T0009,P017,14,portal
2026-06-17,T0009,P018,2,portal
2026-06-17,T0009,P019,46,portal
2026-06-17,T0009,P020,9,portal
2026-06-17,T0010,P001,2,portal
2026-06-17,T0010,P002,6,portal
2026-06-17,T0010,P003,34,portal
2026-06-17,T0010,P004,26,portal
2026-06-17,T0010,P005,24,portal
2026-06-17,T0010,P006,27,portal
2026-06-17,T0010,P007,29,portal
2026-06-17,T0010,P008,0,portal
2026-06-17,T0010,P009,9,portal
2026-06-17,T0010,P010,26,portal
2026-06-17,T0010,P011,18,portal
2026-06-17,T0010,P012,12,portal
2026-06-17,T0010,P013,5,portal
2026-06-17,T0010,P014,7,portal
2026-06-17,T0010,P015,11,portal
2026-06-17,T0010,P016,29,portal
2026-06-17,T0010,P017,8,portal
2026-06-17,T0010,P018,7,portal
2026-06-17,T0010,P019,27,portal
2026-06-17,T0010,P020,4,portal
2026-06-17,T0011,P001,4,portal
2026-06-17,T0011,P002,5,portal
2026-06-17,T0011,P003,0,portal
2026-06-17,T0011,P004,15,portal
2026-06-17,T0011,P005,12,portal
2026-06-17,T0011,P006,17,portal
2026-06-17,T0011,P007,7,portal
2026-06-17,T0011,P008,10,portal
2026-06-17,T0011,P009,6,portal
2026-06-17,T0011,P010,13,portal
2026-06-17,T0011,P011,4,portal
2026-06-17,T0011,P012,2,portal
2026-06-17,T0011,P013,3,portal
2026-06-17,T0011,P014,4,portal
2026-06-17,T0011,P015,0,portal
2026-06-17,T0011,P016,16,portal
2026-06-17,T0011,P017,5,portal
2026-06-17,T0011,P018,3,portal
2026-06-17,T0011,P019,14,portal
2026-06-17,T0011,P020,2,portal
2026-06-17,T0012,P001,0,portal
2026-06-17,T0012,P002,6,portal
2026-06-17,T0012,P003,18,portal
2026-06-17,T0012,P004,12,portal
2026-06-17,T0012,P005,14,portal
2026-06-17,T0012,P006,16,portal
2026-06-17,T0012,P007,17,portal
2026-06-17,T0012,P008,10,portal
2026-06-17,T0012,P009,2,portal
2026-06-17,T0012,P010,15,portal
2026-06-17,T0012,P011,3,portal
2026-06-17,T0012,P012,4,portal
2026-06-17,T0012,P013,3,portal
2026-06-17,T0012,P014,13,portal
2026-06-17,T0012,P015,5,portal
2026-06-17,T0012,P016,12,portal
2026-06-17,T0012,P017,6,portal
2026-06-17,T0012,P018,2,portal
2026-06-17,T0012,P019,0,portal
2026-06-17,T0012,P020,2,portal
2026-06-17,T0013,P001,4,portal
2026-06-17,T0013,P002,17,portal
2026-06-17,T0013,P003,0,portal
2026-06-17,T0013,P004,2,portal
2026-06-17,T0013,P005,21,portal
2026-06-17,T0013,P006,30,portal
2026-06-17,T0013,P007,29,portal
2026-06-17,T0013,P008,11,portal
2026-06-17,T0013,P009,11,portal
2026-06-17,T0013,P010,21,portal
2026-06-17,T0013,P011,20,portal
2026-06-17,T0013,P012,8,portal
2026-06-17,T0013,P013,5,portal
2026-06-17,T0013,P014,26,portal
2026-06-17,T0013,P015,7,portal
2026-06-17,T0013,P016,26,portal
2026-06-17,T0013,P017,9,portal
2026-06-17,T0013,P018,6,portal
2026-06-17,T0013,P019,20,portal
2026-06-17,T0013,P020,7,portal
2026-06-17,T0014,P001,1,portal
2026-06-17,T0014,P002,14,portal
2026-06-17,T0014,P003,32,portal
2026-06-17,T0014,P004,23,portal
2026-06-17,T0014,P005,26,portal
2026-06-17,T0014,P006,2,portal
2026-06-17,T0014,P007,31,portal
2026-06-17,T0014,P008,16,portal
2026-06-17,T0014,P009,12,portal
2026-06-17,T0014,P010,25,portal
2026-06-17,T0014,P011,19,portal
2026-06-17,T0014,P012,11,portal
2026-06-17,T0014,P013,2,portal
2026-06-17,T0014,P014,24,portal
2026-06-17,T0014,P015,8,portal
2026-06-17,T0014,P016,30,portal
2026-06-17,T0014,P017,2,portal
2026-06-17,T0014,P018,6,portal
2026-06-17,T0014,P019,29,portal
2026-06-17,T0014,P020,8,portal
2026-06-17,T0023,P001,2,preventa
2026-06-17,T0023,P002,1,preventa
2026-06-17,T0023,P003,0,preventa
2026-06-17,T0023,P004,1,preventa
2026-06-17,T0023,P005,5,preventa
2026-06-17,T0023,P006,0,preventa
2026-06-17,T0023,P007,3,preventa
2026-06-17,T0023,P008,0,preventa
2026-06-17,T0023,P009,4,preventa
2026-06-17,T0023,P010,4,preventa
2026-06-17,T0023,P011,5,preventa
2026-06-17,T0023,P012,0,preventa
2026-06-17,T0023,P013,3,preventa
2026-06-17,T0023,P014,6,preventa
2026-06-17,T0023,P015,4,preventa
2026-06-17,T0023,P016,2,preventa
2026-06-17,T0023,P017,3,preventa
2026-06-17,T0023,P018,1,preventa
2026-06-17,T0023,P019,0,preventa
2026-06-17,T0023,P020,1,preventa
2026-06-17,T0026,P001,1,preventa
2026-06-17,T0026,P002,1,preventa
2026-06-17,T0026,P003,0,preventa
2026-06-17,T0026,P004,7,preventa
2026-06-17,T0026,P005,8,preventa
2026-06-17,T0026,P006,8,preventa
2026-06-17,T0026,P007,7,preventa
2026-06-17,T0026,P008,5,preventa
2026-06-17,T0026,P009,4,preventa
2026-06-17,T0026,P010,3,preventa
2026-06-17,T0026,P011,7,preventa
2026-06-17,T0026,P012,4,preventa
2026-06-17,T0026,P013,4,preventa
2026-06-17,T0026,P014,6,preventa
2026-06-17,T0026,P015,4,preventa
2026-06-17,T0026,P016,2,preventa
2026-06-17,T0026,P017,0,preventa
2026-06-17,T0026,P018,4,preventa
2026-06-17,T0026,P019,5,preventa
2026-06-17,T0026,P020,3,preventa
2026-06-17,T0029,P001,4,preventa
2026-06-17,T0029,P002,3,preventa
2026-06-17,T0029,P003,0,preventa
2026-06-17,T0029,P004,13,preventa
2026-06-17,T0029,P005,0,preventa
2026-06-17,T0029,P006,11,preventa
2026-06-17,T0029,P007,9,preventa
2026-06-17,T0029,P008,7,preventa
2026-06-17,T0029,P009,5,preventa
2026-06-17,T0029,P010,5,preventa
2026-06-17,T0029,P011,8,preventa
2026-06-17,T0029,P012,1,preventa
2026-06-17,T0029,P013,1,preventa
2026-06-17,T0029,P014,10,preventa
2026-06-17,T0029,P015,0,preventa
2026-06-17,T0029,P016,13,preventa
2026-06-17,T0029,P017,2,preventa
2026-06-17,T0029,P018,0,preventa
2026-06-17,T0029,P019,11,preventa
2026-06-17,T0029,P020,2,preventa
2026-06-17,T0036,P001,3,preventa
2026-06-17,T0036,P002,2,preventa
2026-06-17,T0036,P003,1,preventa
2026-06-17,T0036,P004,7,preventa
2026-06-17,T0036,P005,5,preventa
2026-06-17,T0036,P006,4,preventa
2026-06-17,T0036,P007,9,preventa
2026-06-17,T0036,P008,4,preventa
2026-06-17,T0036,P009,0,preventa
2026-06-17,T0036,P010,6,preventa
2026-06-17,T0036,P011,3,preventa
2026-06-17,T0036,P012,3,preventa
2026-06-17,T0036,P013,4,preventa
2026-06-17,T0036,P014,2,preventa
2026-06-17,T0036,P015,0,preventa
2026-06-17,T0036,P016,9,preventa
2026-06-17,T0036,P017,4,preventa
2026-06-17,T0036,P018,3,preventa
2026-06-17,T0036,P019,6,preventa
2026-06-17,T0036,P020,2,preventa
2026-06-17,T0038,P001,0,preventa
2026-06-17,T0038,P002,8,preventa
2026-06-17,T0038,P003,9,preventa
2026-06-17,T0038,P004,12,preventa
2026-06-17,T0038,P005,10,preventa
2026-06-17,T0038,P006,14,preventa
2026-06-17,T0038,P007,15,preventa
2026-06-17,T0038,P008,5,preventa
2026-06-17,T0038,P009,0,preventa
2026-06-17,T0038,P010,0,preventa
2026-06-17,T0038,P011,10,preventa
2026-06-17,T0038,P012,4,preventa
2026-06-17,T0038,P013,2,preventa
2026-06-17,T0038,P014,3,preventa
2026-06-17,T0038,P015,0,preventa
2026-06-17,T0038,P016,12,preventa
2026-06-17,T0038,P017,0,preventa
2026-06-17,T0038,P018,0,preventa
2026-06-17,T0038,P019,5,preventa
2026-06-17,T0038,P020,3,preventa
2026-06-17,T0039,P001,0,preventa
2026-06-17,T0039,P002,3,preventa
2026-06-17,T0039,P003,28,preventa
2026-06-17,T0039,P004,17,preventa
2026-06-17,T0039,P005,18,preventa
2026-06-17,T0039,P006,3,preventa
2026-06-17,T0039,P007,2,preventa
2026-06-17,T0039,P008,15,preventa
2026-06-17,T0039,P009,0,preventa
2026-06-17,T0039,P010,19,preventa
2026-06-17,T0039,P011,6,preventa
2026-06-17,T0039,P012,7,preventa
2026-06-17,T0039,P013,3,preventa
2026-06-17,T0039,P014,19,preventa
2026-06-17,T0039,P015,7,preventa
2026-06-17,T0039,P016,13,preventa
2026-06-17,T0039,P017,0,preventa
2026-06-17,T0039,P018,2,preventa
2026-06-17,T0039,P019,2,preventa
2026-06-17,T0039,P020,2,preventa
2026-06-18,T0001,P001,3,portal
2026-06-18,T0001,P002,14,portal
2026-06-18,T0001,P003,0,portal
2026-06-18,T0001,P004,15,portal
2026-06-18,T0001,P005,5,portal
2026-06-18,T0001,P006,0,portal
2026-06-18,T0001,P007,20,portal
2026-06-18,T0001,P008,11,portal
2026-06-18,T0001,P009,7,portal
2026-06-18,T0001,P010,19,portal
2026-06-18,T0001,P011,12,portal
2026-06-18,T0001,P012,8,portal
2026-06-18,T0001,P013,4,portal
2026-06-18,T0001,P014,1,portal
2026-06-18,T0001,P015,7,portal
2026-06-18,T0001,P016,9,portal
2026-06-18,T0001,P017,5,portal
2026-06-18,T0001,P018,0,portal
2026-06-18,T0001,P019,14,portal
2026-06-18,T0001,P020,4,portal
2026-06-18,T0002,P001,4,portal
2026-06-18,T0002,P002,4,portal
2026-06-18,T0002,P003,0,portal
2026-06-18,T0002,P004,27,portal
2026-06-18,T0002,P005,33,portal
2026-06-18,T0002,P006,40,portal
2026-06-18,T0002,P007,41,portal
2026-06-18,T0002,P008,22,portal
2026-06-18,T0002,P009,0,portal
2026-06-18,T0002,P010,28,portal
2026-06-18,T0002,P011,22,portal
2026-06-18,T0002,P012,11,portal
2026-06-18,T0002,P013,3,portal
2026-06-18,T0002,P014,33,portal
2026-06-18,T0002,P015,12,portal
2026-06-18,T0002,P016,37,portal
2026-06-18,T0002,P017,11,portal
2026-06-18,T0002,P018,9,portal
2026-06-18,T0002,P019,32,portal
2026-06-18,T0002,P020,7,portal
2026-06-18,T0003,P001,3,portal
2026-06-18,T0003,P002,1,portal
2026-06-18,T0003,P003,0,portal
2026-06-18,T0003,P004,24,portal
2026-06-18,T0003,P005,16,portal
2026-06-18,T0003,P006,25,portal
2026-06-18,T0003,P007,0,portal
2026-06-18,T0003,P008,10,portal
2026-06-18,T0003,P009,9,portal
2026-06-18,T0003,P010,0,portal
2026-06-18,T0003,P011,18,portal
2026-06-18,T0003,P012,0,portal
2026-06-18,T0003,P013,4,portal
2026-06-18,T0003,P014,3,portal
2026-06-18,T0003,P015,8,portal
2026-06-18,T0003,P016,24,portal
2026-06-18,T0003,P017,3,portal
2026-06-18,T0003,P018,2,portal
2026-06-18,T0003,P019,21,portal
2026-06-18,T0003,P020,4,portal
2026-06-18,T0004,P001,4,portal
2026-06-18,T0004,P002,12,portal
2026-06-18,T0004,P003,25,portal
2026-06-18,T0004,P004,16,portal
2026-06-18,T0004,P005,14,portal
2026-06-18,T0004,P006,25,portal
2026-06-18,T0004,P007,18,portal
2026-06-18,T0004,P008,14,portal
2026-06-18,T0004,P009,9,portal
2026-06-18,T0004,P010,18,portal
2026-06-18,T0004,P011,15,portal
2026-06-18,T0004,P012,7,portal
2026-06-18,T0004,P013,0,portal
2026-06-18,T0004,P014,13,portal
2026-06-18,T0004,P015,5,portal
2026-06-18,T0004,P016,16,portal
2026-06-18,T0004,P017,7,portal
2026-06-18,T0004,P018,4,portal
2026-06-18,T0004,P019,14,portal
2026-06-18,T0004,P020,4,portal
2026-06-18,T0005,P001,2,portal
2026-06-18,T0005,P002,5,portal
2026-06-18,T0005,P003,14,portal
2026-06-18,T0005,P004,0,portal
2026-06-18,T0005,P005,3,portal
2026-06-18,T0005,P006,22,portal
2026-06-18,T0005,P007,26,portal
2026-06-18,T0005,P008,5,portal
2026-06-18,T0005,P009,7,portal
2026-06-18,T0005,P010,14,portal
2026-06-18,T0005,P011,15,portal
2026-06-18,T0005,P012,9,portal
2026-06-18,T0005,P013,4,portal
2026-06-18,T0005,P014,0,portal
2026-06-18,T0005,P015,5,portal
2026-06-18,T0005,P016,22,portal
2026-06-18,T0005,P017,6,portal
2026-06-18,T0005,P018,4,portal
2026-06-18,T0005,P019,16,portal
2026-06-18,T0005,P020,1,portal
2026-06-18,T0006,P001,5,portal
2026-06-18,T0006,P002,29,portal
2026-06-18,T0006,P003,68,portal
2026-06-18,T0006,P004,57,portal
2026-06-18,T0006,P005,38,portal
2026-06-18,T0006,P006,39,portal
2026-06-18,T0006,P007,51,portal
2026-06-18,T0006,P008,34,portal
2026-06-18,T0006,P009,22,portal
2026-06-18,T0006,P010,0,portal
2026-06-18,T0006,P011,46,portal
2026-06-18,T0006,P012,23,portal
2026-06-18,T0006,P013,0,portal
2026-06-18,T0006,P014,44,portal
2026-06-18,T0006,P015,13,portal
2026-06-18,T0006,P016,60,portal
2026-06-18,T0006,P017,18,portal
2026-06-18,T0006,P018,7,portal
2026-06-18,T0006,P019,52,portal
2026-06-18,T0006,P020,13,portal
2026-06-18,T0007,P001,4,portal
2026-06-18,T0007,P002,0,portal
2026-06-18,T0007,P003,0,portal
2026-06-18,T0007,P004,35,portal
2026-06-18,T0007,P005,1,portal
2026-06-18,T0007,P006,30,portal
2026-06-18,T0007,P007,37,portal
2026-06-18,T0007,P008,28,portal
2026-06-18,T0007,P009,2,portal
2026-06-18,T0007,P010,39,portal
2026-06-18,T0007,P011,23,portal
2026-06-18,T0007,P012,16,portal
2026-06-18,T0007,P013,4,portal
2026-06-18,T0007,P014,33,portal
2026-06-18,T0007,P015,6,portal
2026-06-18,T0007,P016,0,portal
2026-06-18,T0007,P017,8,portal
2026-06-18,T0007,P018,0,portal
2026-06-18,T0007,P019,28,portal
2026-06-18,T0007,P020,0,portal
2026-06-18,T0008,P001,4,portal
2026-06-18,T0008,P002,28,portal
2026-06-18,T0008,P003,0,portal
2026-06-18,T0008,P004,0,portal
2026-06-18,T0008,P005,0,portal
2026-06-18,T0008,P006,55,portal
2026-06-18,T0008,P007,56,portal
2026-06-18,T0008,P008,34,portal
2026-06-18,T0008,P009,16,portal
2026-06-18,T0008,P010,48,portal
2026-06-18,T0008,P011,43,portal
2026-06-18,T0008,P012,27,portal
2026-06-18,T0008,P013,11,portal
2026-06-18,T0008,P014,50,portal
2026-06-18,T0008,P015,11,portal
2026-06-18,T0008,P016,53,portal
2026-06-18,T0008,P017,17,portal
2026-06-18,T0008,P018,10,portal
2026-06-18,T0008,P019,0,portal
2026-06-18,T0008,P020,12,portal
2026-06-18,T0009,P001,3,portal
2026-06-18,T0009,P002,15,portal
2026-06-18,T0009,P003,46,portal
2026-06-18,T0009,P004,38,portal
2026-06-18,T0009,P005,32,portal
2026-06-18,T0009,P006,38,portal
2026-06-18,T0009,P007,43,portal
2026-06-18,T0009,P008,17,portal
2026-06-18,T0009,P009,10,portal
2026-06-18,T0009,P010,36,portal
2026-06-18,T0009,P011,32,portal
2026-06-18,T0009,P012,15,portal
2026-06-18,T0009,P013,1,portal
2026-06-18,T0009,P014,0,portal
2026-06-18,T0009,P015,0,portal
2026-06-18,T0009,P016,34,portal
2026-06-18,T0009,P017,11,portal
2026-06-18,T0009,P018,1,portal
2026-06-18,T0009,P019,41,portal
2026-06-18,T0009,P020,8,portal
2026-06-18,T0010,P001,2,portal
2026-06-18,T0010,P002,5,portal
2026-06-18,T0010,P003,32,portal
2026-06-18,T0010,P004,23,portal
2026-06-18,T0010,P005,22,portal
2026-06-18,T0010,P006,25,portal
2026-06-18,T0010,P007,28,portal
2026-06-18,T0010,P008,0,portal
2026-06-18,T0010,P009,8,portal
2026-06-18,T0010,P010,23,portal
2026-06-18,T0010,P011,14,portal
2026-06-18,T0010,P012,7,portal
2026-06-18,T0010,P013,5,portal
2026-06-18,T0010,P014,3,portal
2026-06-18,T0010,P015,9,portal
2026-06-18,T0010,P016,25,portal
2026-06-18,T0010,P017,4,portal
2026-06-18,T0010,P018,7,portal
2026-06-18,T0010,P019,24,portal
2026-06-18,T0010,P020,4,portal
2026-06-18,T0011,P001,4,portal
2026-06-18,T0011,P002,4,portal
2026-06-18,T0011,P003,0,portal
2026-06-18,T0011,P004,12,portal
2026-06-18,T0011,P005,11,portal
2026-06-18,T0011,P006,15,portal
2026-06-18,T0011,P007,1,portal
2026-06-18,T0011,P008,9,portal
2026-06-18,T0011,P009,4,portal
2026-06-18,T0011,P010,12,portal
2026-06-18,T0011,P011,3,portal
2026-06-18,T0011,P012,1,portal
2026-06-18,T0011,P013,3,portal
2026-06-18,T0011,P014,1,portal
2026-06-18,T0011,P015,0,portal
2026-06-18,T0011,P016,15,portal
2026-06-18,T0011,P017,4,portal
2026-06-18,T0011,P018,2,portal
2026-06-18,T0011,P019,10,portal
2026-06-18,T0011,P020,2,portal
2026-06-18,T0012,P001,0,portal
2026-06-18,T0012,P002,4,portal
2026-06-18,T0012,P003,14,portal
2026-06-18,T0012,P004,8,portal
2026-06-18,T0012,P005,11,portal
2026-06-18,T0012,P006,13,portal
2026-06-18,T0012,P007,15,portal
2026-06-18,T0012,P008,7,portal
2026-06-18,T0012,P009,0,portal
2026-06-18,T0012,P010,13,portal
2026-06-18,T0012,P011,1,portal
2026-06-18,T0012,P012,3,portal
2026-06-18,T0012,P013,1,portal
2026-06-18,T0012,P014,9,portal
2026-06-18,T0012,P015,4,portal
2026-06-18,T0012,P016,8,portal
2026-06-18,T0012,P017,5,portal
2026-06-18,T0012,P018,2,portal
2026-06-18,T0012,P019,0,portal
2026-06-18,T0012,P020,2,portal
2026-06-18,T0013,P001,4,portal
2026-06-18,T0013,P002,15,portal
2026-06-18,T0013,P003,0,portal
2026-06-18,T0013,P004,0,portal
2026-06-18,T0013,P005,16,portal
2026-06-18,T0013,P006,20,portal
2026-06-18,T0013,P007,27,portal
2026-06-18,T0013,P008,7,portal
2026-06-18,T0013,P009,9,portal
2026-06-18,T0013,P010,16,portal
2026-06-18,T0013,P011,18,portal
2026-06-18,T0013,P012,7,portal
2026-06-18,T0013,P013,5,portal
2026-06-18,T0013,P014,23,portal
2026-06-18,T0013,P015,7,portal
2026-06-18,T0013,P016,23,portal
2026-06-18,T0013,P017,6,portal
2026-06-18,T0013,P018,6,portal
2026-06-18,T0013,P019,17,portal
2026-06-18,T0013,P020,5,portal
2026-06-18,T0014,P001,0,portal
2026-06-18,T0014,P002,11,portal
2026-06-18,T0014,P003,29,portal
2026-06-18,T0014,P004,21,portal
2026-06-18,T0014,P005,23,portal
2026-06-18,T0014,P006,0,portal
2026-06-18,T0014,P007,27,portal
2026-06-18,T0014,P008,14,portal
2026-06-18,T0014,P009,10,portal
2026-06-18,T0014,P010,23,portal
2026-06-18,T0014,P011,13,portal
2026-06-18,T0014,P012,10,portal
2026-06-18,T0014,P013,2,portal
2026-06-18,T0014,P014,22,portal
2026-06-18,T0014,P015,8,portal
2026-06-18,T0014,P016,26,portal
2026-06-18,T0014,P017,2,portal
2026-06-18,T0014,P018,4,portal
2026-06-18,T0014,P019,28,portal
2026-06-18,T0014,P020,7,portal
2026-06-18,T0018,P001,4,preventa
2026-06-18,T0018,P002,7,preventa
2026-06-18,T0018,P003,15,preventa
2026-06-18,T0018,P004,10,preventa
2026-06-18,T0018,P005,8,preventa
2026-06-18,T0018,P006,14,preventa
2026-06-18,T0018,P007,12,preventa
2026-06-18,T0018,P008,3,preventa
2026-06-18,T0018,P009,5,preventa
2026-06-18,T0018,P010,11,preventa
2026-06-18,T0018,P011,5,preventa
2026-06-18,T0018,P012,2,preventa
2026-06-18,T0018,P013,0,preventa
2026-06-18,T0018,P014,12,preventa
2026-06-18,T0018,P015,1,preventa
2026-06-18,T0018,P016,0,preventa
2026-06-18,T0018,P017,2,preventa
2026-06-18,T0018,P018,0,preventa
2026-06-18,T0018,P019,7,preventa
2026-06-18,T0018,P020,3,preventa
2026-06-18,T0019,P001,3,preventa
2026-06-18,T0019,P002,11,preventa
2026-06-18,T0019,P003,23,preventa
2026-06-18,T0019,P004,12,preventa
2026-06-18,T0019,P005,7,preventa
2026-06-18,T0019,P006,16,preventa
2026-06-18,T0019,P007,21,preventa
2026-06-18,T0019,P008,15,preventa
2026-06-18,T0019,P009,0,preventa
2026-06-18,T0019,P010,0,preventa
2026-06-18,T0019,P011,7,preventa
2026-06-18,T0019,P012,8,preventa
2026-06-18,T0019,P013,2,preventa
2026-06-18,T0019,P014,14,preventa
2026-06-18,T0019,P015,2,preventa
2026-06-18,T0019,P016,19,preventa
2026-06-18,T0019,P017,5,preventa
2026-06-18,T0019,P018,4,preventa
2026-06-18,T0019,P019,15,preventa
2026-06-18,T0019,P020,4,preventa
2026-06-18,T0031,P001,0,preventa
2026-06-18,T0031,P002,6,preventa
2026-06-18,T0031,P003,20,preventa
2026-06-18,T0031,P004,2,preventa
2026-06-18,T0031,P005,0,preventa
2026-06-18,T0031,P006,17,preventa
2026-06-18,T0031,P007,11,preventa
2026-06-18,T0031,P008,5,preventa
2026-06-18,T0031,P009,6,preventa
2026-06-18,T0031,P010,2,preventa
2026-06-18,T0031,P011,13,preventa
2026-06-18,T0031,P012,0,preventa
2026-06-18,T0031,P013,0,preventa
2026-06-18,T0031,P014,16,preventa
2026-06-18,T0031,P015,2,preventa
2026-06-18,T0031,P016,20,preventa
2026-06-18,T0031,P017,0,preventa
2026-06-18,T0031,P018,3,preventa
2026-06-18,T0031,P019,18,preventa
2026-06-18,T0031,P020,1,preventa
2026-06-18,T0032,P001,3,preventa
2026-06-18,T0032,P002,7,preventa
2026-06-18,T0032,P003,0,preventa
2026-06-18,T0032,P004,12,preventa
2026-06-18,T0032,P005,13,preventa
2026-06-18,T0032,P006,20,preventa
2026-06-18,T0032,P007,21,preventa
2026-06-18,T0032,P008,14,preventa
2026-06-18,T0032,P009,10,preventa
2026-06-18,T0032,P010,17,preventa
2026-06-18,T0032,P011,17,preventa
2026-06-18,T0032,P012,9,preventa
2026-06-18,T0032,P013,1,preventa
2026-06-18,T0032,P014,11,preventa
2026-06-18,T0032,P015,1,preventa
2026-06-18,T0032,P016,8,preventa
2026-06-18,T0032,P017,0,preventa
2026-06-18,T0032,P018,0,preventa
2026-06-18,T0032,P019,18,preventa
2026-06-18,T0032,P020,5,preventa
2026-06-18,T0033,P001,3,preventa
2026-06-18,T0033,P002,3,preventa
2026-06-18,T0033,P003,3,preventa
2026-06-18,T0033,P004,7,preventa
2026-06-18,T0033,P005,8,preventa
2026-06-18,T0033,P006,0,preventa
2026-06-18,T0033,P007,4,preventa
2026-06-18,T0033,P008,0,preventa
2026-06-18,T0033,P009,3,preventa
2026-06-18,T0033,P010,5,preventa
2026-06-18,T0033,P011,2,preventa
2026-06-18,T0033,P012,3,preventa
2026-06-18,T0033,P013,2,preventa
2026-06-18,T0033,P014,6,preventa
2026-06-18,T0033,P015,0,preventa
2026-06-18,T0033,P016,3,preventa
2026-06-18,T0033,P017,0,preventa
2026-06-18,T0033,P018,4,preventa
2026-06-18,T0033,P019,4,preventa
2026-06-18,T0033,P020,0,preventa
2026-06-18,T0037,P001,1,preventa
2026-06-18,T0037,P002,6,preventa
2026-06-18,T0037,P003,9,preventa
2026-06-18,T0037,P004,10,preventa
2026-06-18,T0037,P005,7,preventa
2026-06-18,T0037,P006,11,preventa
2026-06-18,T0037,P007,12,preventa
2026-06-18,T0037,P008,3,preventa
2026-06-18,T0037,P009,0,preventa
2026-06-18,T0037,P010,4,preventa
2026-06-18,T0037,P011,4,preventa
2026-06-18,T0037,P012,3,preventa
2026-06-18,T0037,P013,3,preventa
2026-06-18,T0037,P014,7,preventa
2026-06-18,T0037,P015,2,preventa
2026-06-18,T0037,P016,13,preventa
2026-06-18,T0037,P017,4,preventa
2026-06-18,T0037,P018,0,preventa
2026-06-18,T0037,P019,13,preventa
2026-06-18,T0037,P020,3,preventa
2026-06-19,T0001,P001,1,portal
2026-06-19,T0001,P002,12,portal
2026-06-19,T0001,P003,0,portal
2026-06-19,T0001,P004,12,portal
2026-06-19,T0001,P005,4,portal
2026-06-19,T0001,P006,0,portal
2026-06-19,T0001,P007,14,portal
2026-06-19,T0001,P008,8,portal
2026-06-19,T0001,P009,7,portal
2026-06-19,T0001,P010,13,portal
2026-06-19,T0001,P011,8,portal
2026-06-19,T0001,P012,7,portal
2026-06-19,T0001,P013,4,portal
2026-06-19,T0001,P014,0,portal
2026-06-19,T0001,P015,3,portal
2026-06-19,T0001,P016,7,portal
2026-06-19,T0001,P017,4,portal
2026-06-19,T0001,P018,0,portal
2026-06-19,T0001,P019,9,portal
2026-06-19,T0001,P020,4,portal
2026-06-19,T0002,P001,3,portal
2026-06-19,T0002,P002,0,portal
2026-06-19,T0002,P003,0,portal
2026-06-19,T0002,P004,20,portal
2026-06-19,T0002,P005,29,portal
2026-06-19,T0002,P006,32,portal
2026-06-19,T0002,P007,34,portal
2026-06-19,T0002,P008,17,portal
2026-06-19,T0002,P009,0,portal
2026-06-19,T0002,P010,18,portal
2026-06-19,T0002,P011,18,portal
2026-06-19,T0002,P012,7,portal
2026-06-19,T0002,P013,3,portal
2026-06-19,T0002,P014,27,portal
2026-06-19,T0002,P015,11,portal
2026-06-19,T0002,P016,34,portal
2026-06-19,T0002,P017,10,portal
2026-06-19,T0002,P018,8,portal
2026-06-19,T0002,P019,26,portal
2026-06-19,T0002,P020,4,portal
2026-06-19,T0003,P001,1,portal
2026-06-19,T0003,P002,1,portal
2026-06-19,T0003,P003,0,portal
2026-06-19,T0003,P004,19,portal
2026-06-19,T0003,P005,14,portal
2026-06-19,T0003,P006,21,portal
2026-06-19,T0003,P007,0,portal
2026-06-19,T0003,P008,6,portal
2026-06-19,T0003,P009,8,portal
2026-06-19,T0003,P010,0,portal
2026-06-19,T0003,P011,13,portal
2026-06-19,T0003,P012,0,portal
2026-06-19,T0003,P013,3,portal
2026-06-19,T0003,P014,0,portal
2026-06-19,T0003,P015,7,portal
2026-06-19,T0003,P016,23,portal
2026-06-19,T0003,P017,2,portal
2026-06-19,T0003,P018,1,portal
2026-06-19,T0003,P019,16,portal
2026-06-19,T0003,P020,3,portal
2026-06-19,T0004,P001,4,portal
2026-06-19,T0004,P002,9,portal
2026-06-19,T0004,P003,21,portal
2026-06-19,T0004,P004,15,portal
2026-06-19,T0004,P005,11,portal
2026-06-19,T0004,P006,19,portal
2026-06-19,T0004,P007,13,portal
2026-06-19,T0004,P008,13,portal
2026-06-19,T0004,P009,6,portal
2026-06-19,T0004,P010,11,portal
2026-06-19,T0004,P011,14,portal
2026-06-19,T0004,P012,5,portal
2026-06-19,T0004,P013,0,portal
2026-06-19,T0004,P014,7,portal
2026-06-19,T0004,P015,4,portal
2026-06-19,T0004,P016,12,portal
2026-06-19,T0004,P017,6,portal
2026-06-19,T0004,P018,4,portal
2026-06-19,T0004,P019,9,portal
2026-06-19,T0004,P020,2,portal
2026-06-19,T0005,P001,1,portal
2026-06-19,T0005,P002,1,portal
2026-06-19,T0005,P003,12,portal
2026-06-19,T0005,P004,0,portal
2026-06-19,T0005,P005,0,portal
2026-06-19,T0005,P006,18,portal
2026-06-19,T0005,P007,23,portal
2026-06-19,T0005,P008,3,portal
2026-06-19,T0005,P009,7,portal
2026-06-19,T0005,P010,12,portal
2026-06-19,T0005,P011,10,portal
2026-06-19,T0005,P012,8,portal
2026-06-19,T0005,P013,2,portal
2026-06-19,T0005,P014,0,portal
2026-06-19,T0005,P015,3,portal
2026-06-19,T0005,P016,19,portal
2026-06-19,T0005,P017,6,portal
2026-06-19,T0005,P018,3,portal
2026-06-19,T0005,P019,12,portal
2026-06-19,T0005,P020,1,portal
2026-06-19,T0006,P001,0,portal
2026-06-19,T0006,P002,25,portal
2026-06-19,T0006,P003,53,portal
2026-06-19,T0006,P004,43,portal
2026-06-19,T0006,P005,30,portal
2026-06-19,T0006,P006,29,portal
2026-06-19,T0006,P007,35,portal
2026-06-19,T0006,P008,31,portal
2026-06-19,T0006,P009,20,portal
2026-06-19,T0006,P010,0,portal
2026-06-19,T0006,P011,37,portal
2026-06-19,T0006,P012,17,portal
2026-06-19,T0006,P013,0,portal
2026-06-19,T0006,P014,31,portal
2026-06-19,T0006,P015,9,portal
2026-06-19,T0006,P016,53,portal
2026-06-19,T0006,P017,16,portal
2026-06-19,T0006,P018,3,portal
2026-06-19,T0006,P019,39,portal
2026-06-19,T0006,P020,11,portal
2026-06-19,T0007,P001,3,portal
2026-06-19,T0007,P002,0,portal
2026-06-19,T0007,P003,0,portal
2026-06-19,T0007,P004,26,portal
2026-06-19,T0007,P005,0,portal
2026-06-19,T0007,P006,24,portal
2026-06-19,T0007,P007,29,portal
2026-06-19,T0007,P008,22,portal
2026-06-19,T0007,P009,1,portal
2026-06-19,T0007,P010,33,portal
2026-06-19,T0007,P011,16,portal
2026-06-19,T0007,P012,16,portal
2026-06-19,T0007,P013,3,portal
2026-06-19,T0007,P014,30,portal
2026-06-19,T0007,P015,5,portal
2026-06-19,T0007,P016,0,portal
2026-06-19,T0007,P017,6,portal
2026-06-19,T0007,P018,0,portal
2026-06-19,T0007,P019,22,portal
2026-06-19,T0007,P020,0,portal
2026-06-19,T0008,P001,4,portal
2026-06-19,T0008,P002,17,portal
2026-06-19,T0008,P003,0,portal
2026-06-19,T0008,P004,0,portal
2026-06-19,T0008,P005,0,portal
2026-06-19,T0008,P006,48,portal
2026-06-19,T0008,P007,45,portal
2026-06-19,T0008,P008,30,portal
2026-06-19,T0008,P009,13,portal
2026-06-19,T0008,P010,35,portal
2026-06-19,T0008,P011,36,portal
2026-06-19,T0008,P012,22,portal
2026-06-19,T0008,P013,9,portal
2026-06-19,T0008,P014,41,portal
2026-06-19,T0008,P015,8,portal
2026-06-19,T0008,P016,43,portal
2026-06-19,T0008,P017,13,portal
2026-06-19,T0008,P018,9,portal
2026-06-19,T0008,P019,0,portal
2026-06-19,T0008,P020,11,portal
2026-06-19,T0009,P001,2,portal
2026-06-19,T0009,P002,9,portal
2026-06-19,T0009,P003,37,portal
2026-06-19,T0009,P004,29,portal
2026-06-19,T0009,P005,26,portal
2026-06-19,T0009,P006,30,portal
2026-06-19,T0009,P007,35,portal
2026-06-19,T0009,P008,11,portal
2026-06-19,T0009,P009,6,portal
2026-06-19,T0009,P010,27,portal
2026-06-19,T0009,P011,27,portal
2026-06-19,T0009,P012,11,portal
2026-06-19,T0009,P013,0,portal
2026-06-19,T0009,P014,0,portal
2026-06-19,T0009,P015,0,portal
2026-06-19,T0009,P016,27,portal
2026-06-19,T0009,P017,10,portal
2026-06-19,T0009,P018,0,portal
2026-06-19,T0009,P019,36,portal
2026-06-19,T0009,P020,6,portal
2026-06-19,T0010,P001,2,portal
2026-06-19,T0010,P002,1,portal
2026-06-19,T0010,P003,27,portal
2026-06-19,T0010,P004,20,portal
2026-06-19,T0010,P005,15,portal
2026-06-19,T0010,P006,18,portal
2026-06-19,T0010,P007,22,portal
2026-06-19,T0010,P008,0,portal
2026-06-19,T0010,P009,5,portal
2026-06-19,T0010,P010,16,portal
2026-06-19,T0010,P011,9,portal
2026-06-19,T0010,P012,5,portal
2026-06-19,T0010,P013,5,portal
2026-06-19,T0010,P014,0,portal
2026-06-19,T0010,P015,7,portal
2026-06-19,T0010,P016,19,portal
2026-06-19,T0010,P017,3,portal
2026-06-19,T0010,P018,5,portal
2026-06-19,T0010,P019,17,portal
2026-06-19,T0010,P020,3,portal
2026-06-19,T0011,P001,4,portal
2026-06-19,T0011,P002,2,portal
2026-06-19,T0011,P003,0,portal
2026-06-19,T0011,P004,9,portal
2026-06-19,T0011,P005,9,portal
2026-06-19,T0011,P006,15,portal
2026-06-19,T0011,P007,0,portal
2026-06-19,T0011,P008,7,portal
2026-06-19,T0011,P009,3,portal
2026-06-19,T0011,P010,7,portal
2026-06-19,T0011,P011,1,portal
2026-06-19,T0011,P012,0,portal
2026-06-19,T0011,P013,2,portal
2026-06-19,T0011,P014,0,portal
2026-06-19,T0011,P015,0,portal
2026-06-19,T0011,P016,10,portal
2026-06-19,T0011,P017,4,portal
2026-06-19,T0011,P018,2,portal
2026-06-19,T0011,P019,7,portal
2026-06-19,T0011,P020,2,portal
2026-06-19,T0012,P001,0,portal
2026-06-19,T0012,P002,3,portal
2026-06-19,T0012,P003,9,portal
2026-06-19,T0012,P004,6,portal
2026-06-19,T0012,P005,4,portal
2026-06-19,T0012,P006,7,portal
2026-06-19,T0012,P007,11,portal
2026-06-19,T0012,P008,5,portal
2026-06-19,T0012,P009,0,portal
2026-06-19,T0012,P010,10,portal
2026-06-19,T0012,P011,0,portal
2026-06-19,T0012,P012,1,portal
2026-06-19,T0012,P013,0,portal
2026-06-19,T0012,P014,8,portal
2026-06-19,T0012,P015,3,portal
2026-06-19,T0012,P016,2,portal
2026-06-19,T0012,P017,4,portal
2026-06-19,T0012,P018,1,portal
2026-06-19,T0012,P019,0,portal
2026-06-19,T0012,P020,1,portal
2026-06-19,T0013,P001,4,portal
2026-06-19,T0013,P002,12,portal
2026-06-19,T0013,P003,0,portal
2026-06-19,T0013,P004,0,portal
2026-06-19,T0013,P005,11,portal
2026-06-19,T0013,P006,17,portal
2026-06-19,T0013,P007,26,portal
2026-06-19,T0013,P008,5,portal
2026-06-19,T0013,P009,6,portal
2026-06-19,T0013,P010,12,portal
2026-06-19,T0013,P011,14,portal
2026-06-19,T0013,P012,5,portal
2026-06-19,T0013,P013,5,portal
2026-06-19,T0013,P014,20,portal
2026-06-19,T0013,P015,7,portal
2026-06-19,T0013,P016,20,portal
2026-06-19,T0013,P017,3,portal
2026-06-19,T0013,P018,5,portal
2026-06-19,T0013,P019,14,portal
2026-06-19,T0013,P020,5,portal
2026-06-19,T0014,P001,0,portal
2026-06-19,T0014,P002,10,portal
2026-06-19,T0014,P003,22,portal
2026-06-19,T0014,P004,17,portal
2026-06-19,T0014,P005,21,portal
2026-06-19,T0014,P006,0,portal
2026-06-19,T0014,P007,24,portal
2026-06-19,T0014,P008,13,portal
2026-06-19,T0014,P009,8,portal
2026-06-19,T0014,P010,19,portal
2026-06-19,T0014,P011,8,portal
2026-06-19,T0014,P012,9,portal
2026-06-19,T0014,P013,1,portal
2026-06-19,T0014,P014,19,portal
2026-06-19,T0014,P015,3,portal
2026-06-19,T0014,P016,22,portal
2026-06-19,T0014,P017,0,portal
2026-06-19,T0014,P018,3,portal
2026-06-19,T0014,P019,23,portal
2026-06-19,T0014,P020,7,portal
2026-06-19,T0017,P001,4,preventa
2026-06-19,T0017,P002,0,preventa
2026-06-19,T0017,P003,0,preventa
2026-06-19,T0017,P004,13,preventa
2026-06-19,T0017,P005,11,preventa
2026-06-19,T0017,P006,13,preventa
2026-06-19,T0017,P007,11,preventa
2026-06-19,T0017,P008,11,preventa
2026-06-19,T0017,P009,7,preventa
2026-06-19,T0017,P010,0,preventa
2026-06-19,T0017,P011,12,preventa
2026-06-19,T0017,P012,5,preventa
2026-06-19,T0017,P013,0,preventa
2026-06-19,T0017,P014,10,preventa
2026-06-19,T0017,P015,5,preventa
2026-06-19,T0017,P016,22,preventa
2026-06-19,T0017,P017,3,preventa
2026-06-19,T0017,P018,4,preventa
2026-06-19,T0017,P019,13,preventa
2026-06-19,T0017,P020,0,preventa
2026-06-19,T0028,P001,2,preventa
2026-06-19,T0028,P002,2,preventa
2026-06-19,T0028,P003,2,preventa
2026-06-19,T0028,P004,5,preventa
2026-06-19,T0028,P005,4,preventa
2026-06-19,T0028,P006,1,preventa
2026-06-19,T0028,P007,10,preventa
2026-06-19,T0028,P008,5,preventa
2026-06-19,T0028,P009,0,preventa
2026-06-19,T0028,P010,4,preventa
2026-06-19,T0028,P011,7,preventa
2026-06-19,T0028,P012,3,preventa
2026-06-19,T0028,P013,1,preventa
2026-06-19,T0028,P014,10,preventa
2026-06-19,T0028,P015,1,preventa
2026-06-19,T0028,P016,7,preventa
2026-06-19,T0028,P017,3,preventa
2026-06-19,T0028,P018,1,preventa
2026-06-19,T0028,P019,8,preventa
2026-06-19,T0028,P020,1,preventa
2026-06-19,T0035,P001,1,preventa
2026-06-19,T0035,P002,4,preventa
2026-06-19,T0035,P003,5,preventa
2026-06-19,T0035,P004,8,preventa
2026-06-19,T0035,P005,6,preventa
2026-06-19,T0035,P006,5,preventa
2026-06-19,T0035,P007,2,preventa
2026-06-19,T0035,P008,2,preventa
2026-06-19,T0035,P009,2,preventa
2026-06-19,T0035,P010,3,preventa
2026-06-19,T0035,P011,1,preventa
2026-06-19,T0035,P012,0,preventa
2026-06-19,T0035,P013,3,preventa
2026-06-19,T0035,P014,6,preventa
2026-06-19,T0035,P015,0,preventa
2026-06-19,T0035,P016,0,preventa
2026-06-19,T0035,P017,2,preventa
2026-06-19,T0035,P018,0,preventa
2026-06-19,T0035,P019,1,preventa
2026-06-19,T0035,P020,1,preventa
2026-06-20,T0001,P001,1,portal
2026-06-20,T0001,P002,12,portal
2026-06-20,T0001,P003,0,portal
2026-06-20,T0001,P004,9,portal
2026-06-20,T0001,P005,3,portal
2026-06-20,T0001,P006,0,portal
2026-06-20,T0001,P007,8,portal
2026-06-20,T0001,P008,6,portal
2026-06-20,T0001,P009,6,portal
2026-06-20,T0001,P010,12,portal
2026-06-20,T0001,P011,5,portal
2026-06-20,T0001,P012,5,portal
2026-06-20,T0001,P013,4,portal
2026-06-20,T0001,P014,0,portal
2026-06-20,T0001,P015,3,portal
2026-06-20,T0001,P016,1,portal
2026-06-20,T0001,P017,4,portal
2026-06-20,T0001,P018,0,portal
2026-06-20,T0001,P019,8,portal
2026-06-20,T0001,P020,3,portal
2026-06-20,T0002,P001,0,portal
2026-06-20,T0002,P002,0,portal
2026-06-20,T0002,P003,0,portal
2026-06-20,T0002,P004,15,portal
2026-06-20,T0002,P005,18,portal
2026-06-20,T0002,P006,21,portal
2026-06-20,T0002,P007,30,portal
2026-06-20,T0002,P008,15,portal
2026-06-20,T0002,P009,0,portal
2026-06-20,T0002,P010,8,portal
2026-06-20,T0002,P011,15,portal
2026-06-20,T0002,P012,4,portal
2026-06-20,T0002,P013,0,portal
2026-06-20,T0002,P014,23,portal
2026-06-20,T0002,P015,8,portal
2026-06-20,T0002,P016,30,portal
2026-06-20,T0002,P017,9,portal
2026-06-20,T0002,P018,8,portal
2026-06-20,T0002,P019,13,portal
2026-06-20,T0002,P020,2,portal
2026-06-20,T0003,P001,1,portal
2026-06-20,T0003,P002,0,portal
2026-06-20,T0003,P003,0,portal
2026-06-20,T0003,P004,18,portal
2026-06-20,T0003,P005,12,portal
2026-06-20,T0003,P006,19,portal
2026-06-20,T0003,P007,0,portal
2026-06-20,T0003,P008,2,portal
2026-06-20,T0003,P009,6,portal
2026-06-20,T0003,P010,0,portal
2026-06-20,T0003,P011,11,portal
2026-06-20,T0003,P012,0,portal
2026-06-20,T0003,P013,3,portal
2026-06-20,T0003,P014,0,portal
2026-06-20,T0003,P015,4,portal
2026-06-20,T0003,P016,19,portal
2026-06-20,T0003,P017,0,portal
2026-06-20,T0003,P018,0,portal
2026-06-20,T0003,P019,11,portal
2026-06-20,T0003,P020,3,portal
2026-06-20,T0004,P001,3,portal
2026-06-20,T0004,P002,7,portal
2026-06-20,T0004,P003,17,portal
2026-06-20,T0004,P004,11,portal
2026-06-20,T0004,P005,8,portal
2026-06-20,T0004,P006,16,portal
2026-06-20,T0004,P007,11,portal
2026-06-20,T0004,P008,9,portal
2026-06-20,T0004,P009,5,portal
2026-06-20,T0004,P010,9,portal
2026-06-20,T0004,P011,11,portal
2026-06-20,T0004,P012,5,portal
2026-06-20,T0004,P013,0,portal
2026-06-20,T0004,P014,5,portal
2026-06-20,T0004,P015,3,portal
2026-06-20,T0004,P016,8,portal
2026-06-20,T0004,P017,4,portal
2026-06-20,T0004,P018,4,portal
2026-06-20,T0004,P019,5,portal
2026-06-20,T0004,P020,1,portal
2026-06-20,T0005,P001,1,portal
2026-06-20,T0005,P002,0,portal
2026-06-20,T0005,P003,8,portal
2026-06-20,T0005,P004,0,portal
2026-06-20,T0005,P005,0,portal
2026-06-20,T0005,P006,15,portal
2026-06-20,T0005,P007,19,portal
2026-06-20,T0005,P008,2,portal
2026-06-20,T0005,P009,5,portal
2026-06-20,T0005,P010,10,portal
2026-06-20,T0005,P011,6,portal
2026-06-20,T0005,P012,6,portal
2026-06-20,T0005,P013,1,portal
2026-06-20,T0005,P014,0,portal
2026-06-20,T0005,P015,2,portal
2026-06-20,T0005,P016,14,portal
2026-06-20,T0005,P017,5,portal
2026-06-20,T0005,P018,0,portal
2026-06-20,T0005,P019,9,portal
2026-06-20,T0005,P020,0,portal
2026-06-20,T0006,P001,0,portal
2026-06-20,T0006,P002,20,portal
2026-06-20,T0006,P003,41,portal
2026-06-20,T0006,P004,33,portal
2026-06-20,T0006,P005,22,portal
2026-06-20,T0006,P006,18,portal
2026-06-20,T0006,P007,27,portal
2026-06-20,T0006,P008,24,portal
2026-06-20,T0006,P009,18,portal
2026-06-20,T0006,P010,0,portal
2026-06-20,T0006,P011,28,portal
2026-06-20,T0006,P012,11,portal
2026-06-20,T0006,P013,0,portal
2026-06-20,T0006,P014,19,portal
2026-06-20,T0006,P015,7,portal
2026-06-20,T0006,P016,35,portal
2026-06-20,T0006,P017,11,portal
2026-06-20,T0006,P018,0,portal
2026-06-20,T0006,P019,27,portal
2026-06-20,T0006,P020,8,portal
2026-06-20,T0007,P001,2,portal
2026-06-20,T0007,P002,0,portal
2026-06-20,T0007,P003,0,portal
2026-06-20,T0007,P004,19,portal
2026-06-20,T0007,P005,0,portal
2026-06-20,T0007,P006,16,portal
2026-06-20,T0007,P007,25,portal
2026-06-20,T0007,P008,21,portal
2026-06-20,T0007,P009,0,portal
2026-06-20,T0007,P010,30,portal
2026-06-20,T0007,P011,10,portal
2026-06-20,T0007,P012,16,portal
2026-06-20,T0007,P013,3,portal
2026-06-20,T0007,P014,24,portal
2026-06-20,T0007,P015,3,portal
2026-06-20,T0007,P016,0,portal
2026-06-20,T0007,P017,4,portal
2026-06-20,T0007,P018,0,portal
2026-06-20,T0007,P019,18,portal
2026-06-20,T0007,P020,0,portal
2026-06-20,T0008,P001,4,portal
2026-06-20,T0008,P002,11,portal
2026-06-20,T0008,P003,0,portal
2026-06-20,T0008,P004,0,portal
2026-06-20,T0008,P005,0,portal
2026-06-20,T0008,P006,41,portal
2026-06-20,T0008,P007,34,portal
2026-06-20,T0008,P008,20,portal
2026-06-20,T0008,P009,6,portal
2026-06-20,T0008,P010,22,portal
2026-06-20,T0008,P011,27,portal
2026-06-20,T0008,P012,14,portal
2026-06-20,T0008,P013,8,portal
2026-06-20,T0008,P014,35,portal
2026-06-20,T0008,P015,2,portal
2026-06-20,T0008,P016,37,portal
2026-06-20,T0008,P017,9,portal
2026-06-20,T0008,P018,6,portal
2026-06-20,T0008,P019,0,portal
2026-06-20,T0008,P020,8,portal
2026-06-20,T0009,P001,1,portal
2026-06-20,T0009,P002,5,portal
2026-06-20,T0009,P003,32,portal
2026-06-20,T0009,P004,24,portal
2026-06-20,T0009,P005,19,portal
2026-06-20,T0009,P006,25,portal
2026-06-20,T0009,P007,27,portal
2026-06-20,T0009,P008,7,portal
2026-06-20,T0009,P009,4,portal
2026-06-20,T0009,P010,22,portal
2026-06-20,T0009,P011,24,portal
2026-06-20,T0009,P012,6,portal
2026-06-20,T0009,P013,0,portal
2026-06-20,T0009,P014,0,portal
2026-06-20,T0009,P015,0,portal
2026-06-20,T0009,P016,13,portal
2026-06-20,T0009,P017,9,portal
2026-06-20,T0009,P018,0,portal
2026-06-20,T0009,P019,30,portal
2026-06-20,T0009,P020,5,portal
2026-06-20,T0010,P001,1,portal
2026-06-20,T0010,P002,0,portal
2026-06-20,T0010,P003,22,portal
2026-06-20,T0010,P004,13,portal
2026-06-20,T0010,P005,6,portal
2026-06-20,T0010,P006,13,portal
2026-06-20,T0010,P007,13,portal
2026-06-20,T0010,P008,0,portal
2026-06-20,T0010,P009,3,portal
2026-06-20,T0010,P010,11,portal
2026-06-20,T0010,P011,5,portal
2026-06-20,T0010,P012,0,portal
2026-06-20,T0010,P013,5,portal
2026-06-20,T0010,P014,0,portal
2026-06-20,T0010,P015,7,portal
2026-06-20,T0010,P016,15,portal
2026-06-20,T0010,P017,3,portal
2026-06-20,T0010,P018,3,portal
2026-06-20,T0010,P019,14,portal
2026-06-20,T0010,P020,2,portal
2026-06-20,T0011,P001,4,portal
2026-06-20,T0011,P002,0,portal
2026-06-20,T0011,P003,0,portal
2026-06-20,T0011,P004,3,portal
2026-06-20,T0011,P005,7,portal
2026-06-20,T0011,P006,14,portal
2026-06-20,T0011,P007,0,portal
2026-06-20,T0011,P008,7,portal
2026-06-20,T0011,P009,2,portal
2026-06-20,T0011,P010,7,portal
2026-06-20,T0011,P011,0,portal
2026-06-20,T0011,P012,0,portal
2026-06-20,T0011,P013,2,portal
2026-06-20,T0011,P014,0,portal
2026-06-20,T0011,P015,0,portal
2026-06-20,T0011,P016,10,portal
2026-06-20,T0011,P017,4,portal
2026-06-20,T0011,P018,2,portal
2026-06-20,T0011,P019,7,portal
2026-06-20,T0011,P020,2,portal
2026-06-20,T0012,P001,0,portal
2026-06-20,T0012,P002,2,portal
2026-06-20,T0012,P003,3,portal
2026-06-20,T0012,P004,4,portal
2026-06-20,T0012,P005,2,portal
2026-06-20,T0012,P006,6,portal
2026-06-20,T0012,P007,8,portal
2026-06-20,T0012,P008,4,portal
2026-06-20,T0012,P009,0,portal
2026-06-20,T0012,P010,7,portal
2026-06-20,T0012,P011,0,portal
2026-06-20,T0012,P012,0,portal
2026-06-20,T0012,P013,0,portal
2026-06-20,T0012,P014,7,portal
2026-06-20,T0012,P015,1,portal
2026-06-20,T0012,P016,2,portal
2026-06-20,T0012,P017,4,portal
2026-06-20,T0012,P018,1,portal
2026-06-20,T0012,P019,0,portal
2026-06-20,T0012,P020,1,portal
2026-06-20,T0013,P001,3,portal
2026-06-20,T0013,P002,11,portal
2026-06-20,T0013,P003,0,portal
2026-06-20,T0013,P004,0,portal
2026-06-20,T0013,P005,8,portal
2026-06-20,T0013,P006,13,portal
2026-06-20,T0013,P007,19,portal
2026-06-20,T0013,P008,1,portal
2026-06-20,T0013,P009,6,portal
2026-06-20,T0013,P010,10,portal
2026-06-20,T0013,P011,8,portal
2026-06-20,T0013,P012,4,portal
2026-06-20,T0013,P013,4,portal
2026-06-20,T0013,P014,17,portal
2026-06-20,T0013,P015,7,portal
2026-06-20,T0013,P016,15,portal
2026-06-20,T0013,P017,3,portal
2026-06-20,T0013,P018,4,portal
2026-06-20,T0013,P019,10,portal
2026-06-20,T0013,P020,5,portal
2026-06-20,T0014,P001,0,portal
2026-06-20,T0014,P002,10,portal
2026-06-20,T0014,P003,17,portal
2026-06-20,T0014,P004,15,portal
2026-06-20,T0014,P005,18,portal
2026-06-20,T0014,P006,0,portal
2026-06-20,T0014,P007,18,portal
2026-06-20,T0014,P008,11,portal
2026-06-20,T0014,P009,8,portal
2026-06-20,T0014,P010,18,portal
2026-06-20,T0014,P011,5,portal
2026-06-20,T0014,P012,8,portal
2026-06-20,T0014,P013,0,portal
2026-06-20,T0014,P014,15,portal
2026-06-20,T0014,P015,2,portal
2026-06-20,T0014,P016,19,portal
2026-06-20,T0014,P017,0,portal
2026-06-20,T0014,P018,3,portal
2026-06-20,T0014,P019,17,portal
2026-06-20,T0014,P020,6,portal
2026-06-21,T0001,P001,1,portal
2026-06-21,T0001,P002,11,portal
2026-06-21,T0001,P003,0,portal
2026-06-21,T0001,P004,3,portal
2026-06-21,T0001,P005,1,portal
2026-06-21,T0001,P006,0,portal
2026-06-21,T0001,P007,6,portal
2026-06-21,T0001,P008,6,portal
2026-06-21,T0001,P009,6,portal
2026-06-21,T0001,P010,10,portal
2026-06-21,T0001,P011,3,portal
2026-06-21,T0001,P012,3,portal
2026-06-21,T0001,P013,4,portal
2026-06-21,T0001,P014,0,portal
2026-06-21,T0001,P015,1,portal
2026-06-21,T0001,P016,0,portal
2026-06-21,T0001,P017,4,portal
2026-06-21,T0001,P018,0,portal
2026-06-21,T0001,P019,7,portal
2026-06-21,T0001,P020,1,portal
2026-06-21,T0002,P001,0,portal
2026-06-21,T0002,P002,0,portal
2026-06-21,T0002,P003,0,portal
2026-06-21,T0002,P004,11,portal
2026-06-21,T0002,P005,15,portal
2026-06-21,T0002,P006,18,portal
2026-06-21,T0002,P007,25,portal
2026-06-21,T0002,P008,14,portal
2026-06-21,T0002,P009,0,portal
2026-06-21,T0002,P010,3,portal
2026-06-21,T0002,P011,12,portal
2026-06-21,T0002,P012,3,portal
2026-06-21,T0002,P013,0,portal
2026-06-21,T0002,P014,21,portal
2026-06-21,T0002,P015,7,portal
2026-06-21,T0002,P016,25,portal
2026-06-21,T0002,P017,7,portal
2026-06-21,T0002,P018,8,portal
2026-06-21,T0002,P019,4,portal
2026-06-21,T0002,P020,2,portal
2026-06-21,T0003,P001,1,portal
2026-06-21,T0003,P002,0,portal
2026-06-21,T0003,P003,0,portal
2026-06-21,T0003,P004,16,portal
2026-06-21,T0003,P005,8,portal
2026-06-21,T0003,P006,13,portal
2026-06-21,T0003,P007,0,portal
2026-06-21,T0003,P008,0,portal
2026-06-21,T0003,P009,5,portal
2026-06-21,T0003,P010,0,portal
2026-06-21,T0003,P011,10,portal
2026-06-21,T0003,P012,0,portal
2026-06-21,T0003,P013,1,portal
2026-06-21,T0003,P014,0,portal
2026-06-21,T0003,P015,3,portal
2026-06-21,T0003,P016,17,portal
2026-06-21,T0003,P017,0,portal
2026-06-21,T0003,P018,0,portal
2026-06-21,T0003,P019,9,portal
2026-06-21,T0003,P020,3,portal
2026-06-21,T0004,P001,3,portal
2026-06-21,T0004,P002,6,portal
2026-06-21,T0004,P003,14,portal
2026-06-21,T0004,P004,10,portal
2026-06-21,T0004,P005,4,portal
2026-06-21,T0004,P006,14,portal
2026-06-21,T0004,P007,9,portal
2026-06-21,T0004,P008,9,portal
2026-06-21,T0004,P009,4,portal
2026-06-21,T0004,P010,6,portal
2026-06-21,T0004,P011,8,portal
2026-06-21,T0004,P012,3,portal
2026-06-21,T0004,P013,0,portal
2026-06-21,T0004,P014,3,portal
2026-06-21,T0004,P015,2,portal
2026-06-21,T0004,P016,5,portal
2026-06-21,T0004,P017,2,portal
2026-06-21,T0004,P018,4,portal
2026-06-21,T0004,P019,3,portal
2026-06-21,T0004,P020,0,portal
2026-06-21,T0005,P001,1,portal
2026-06-21,T0005,P002,0,portal
2026-06-21,T0005,P003,2,portal
2026-06-21,T0005,P004,0,portal
2026-06-21,T0005,P005,0,portal
2026-06-21,T0005,P006,10,portal
2026-06-21,T0005,P007,16,portal
2026-06-21,T0005,P008,0,portal
2026-06-21,T0005,P009,4,portal
2026-06-21,T0005,P010,9,portal
2026-06-21,T0005,P011,2,portal
2026-06-21,T0005,P012,6,portal
2026-06-21,T0005,P013,1,portal
2026-06-21,T0005,P014,0,portal
2026-06-21,T0005,P015,0,portal
2026-06-21,T0005,P016,11,portal
2026-06-21,T0005,P017,5,portal
2026-06-21,T0005,P018,0,portal
2026-06-21,T0005,P019,4,portal
2026-06-21,T0005,P020,0,portal
2026-06-21,T0006,P001,0,portal
2026-06-21,T0006,P002,17,portal
2026-06-21,T0006,P003,32,portal
2026-06-21,T0006,P004,24,portal
2026-06-21,T0006,P005,12,portal
2026-06-21,T0006,P006,10,portal
2026-06-21,T0006,P007,19,portal
2026-06-21,T0006,P008,20,portal
2026-06-21,T0006,P009,16,portal
2026-06-21,T0006,P010,0,portal
2026-06-21,T0006,P011,23,portal
2026-06-21,T0006,P012,10,portal
2026-06-21,T0006,P013,0,portal
2026-06-21,T0006,P014,10,portal
2026-06-21,T0006,P015,2,portal
2026-06-21,T0006,P016,27,portal
2026-06-21,T0006,P017,6,portal
2026-06-21,T0006,P018,0,portal
2026-06-21,T0006,P019,21,portal
2026-06-21,T0006,P020,6,portal
2026-06-21,T0007,P001,1,portal
2026-06-21,T0007,P002,0,portal
2026-06-21,T0007,P003,0,portal
2026-06-21,T0007,P004,15,portal
2026-06-21,T0007,P005,0,portal
2026-06-21,T0007,P006,12,portal
2026-06-21,T0007,P007,18,portal
2026-06-21,T0007,P008,17,portal
2026-06-21,T0007,P009,0,portal
2026-06-21,T0007,P010,25,portal
2026-06-21,T0007,P011,3,portal
2026-06-21,T0007,P012,14,portal
2026-06-21,T0007,P013,2,portal
2026-06-21,T0007,P014,19,portal
2026-06-21,T0007,P015,2,portal
2026-06-21,T0007,P016,0,portal
2026-06-21,T0007,P017,3,portal
2026-06-21,T0007,P018,0,portal
2026-06-21,T0007,P019,10,portal
2026-06-21,T0007,P020,0,portal
2026-06-21,T0008,P001,2,portal
2026-06-21,T0008,P002,4,portal
2026-06-21,T0008,P003,0,portal
2026-06-21,T0008,P004,0,portal
2026-06-21,T0008,P005,0,portal
2026-06-21,T0008,P006,31,portal
2026-06-21,T0008,P007,21,portal
2026-06-21,T0008,P008,15,portal
2026-06-21,T0008,P009,3,portal
2026-06-21,T0008,P010,18,portal
2026-06-21,T0008,P011,21,portal
2026-06-21,T0008,P012,10,portal
2026-06-21,T0008,P013,6,portal
2026-06-21,T0008,P014,34,portal
2026-06-21,T0008,P015,0,portal
2026-06-21,T0008,P016,27,portal
2026-06-21,T0008,P017,3,portal
2026-06-21,T0008,P018,5,portal
2026-06-21,T0008,P019,0,portal
2026-06-21,T0008,P020,8,portal
2026-06-21,T0009,P001,1,portal
2026-06-21,T0009,P002,2,portal
2026-06-21,T0009,P003,23,portal
2026-06-21,T0009,P004,17,portal
2026-06-21,T0009,P005,9,portal
2026-06-21,T0009,P006,19,portal
2026-06-21,T0009,P007,22,portal
2026-06-21,T0009,P008,5,portal
2026-06-21,T0009,P009,1,portal
2026-06-21,T0009,P010,18,portal
2026-06-21,T0009,P011,21,portal
2026-06-21,T0009,P012,1,portal
2026-06-21,T0009,P013,0,portal
2026-06-21,T0009,P014,0,portal
2026-06-21,T0009,P015,0,portal
2026-06-21,T0009,P016,3,portal
2026-06-21,T0009,P017,9,portal
2026-06-21,T0009,P018,0,portal
2026-06-21,T0009,P019,22,portal
2026-06-21,T0009,P020,4,portal
2026-06-21,T0010,P001,0,portal
2026-06-21,T0010,P002,0,portal
2026-06-21,T0010,P003,17,portal
2026-06-21,T0010,P004,8,portal
2026-06-21,T0010,P005,4,portal
2026-06-21,T0010,P006,7,portal
2026-06-21,T0010,P007,10,portal
2026-06-21,T0010,P008,0,portal
2026-06-21,T0010,P009,2,portal
2026-06-21,T0010,P010,7,portal
2026-06-21,T0010,P011,2,portal
2026-06-21,T0010,P012,0,portal
2026-06-21,T0010,P013,4,portal
2026-06-21,T0010,P014,0,portal
2026-06-21,T0010,P015,5,portal
2026-06-21,T0010,P016,11,portal
2026-06-21,T0010,P017,2,portal
2026-06-21,T0010,P018,2,portal
2026-06-21,T0010,P019,9,portal
2026-06-21,T0010,P020,2,portal
2026-06-21,T0011,P001,4,portal
2026-06-21,T0011,P002,0,portal
2026-06-21,T0011,P003,0,portal
2026-06-21,T0011,P004,2,portal
2026-06-21,T0011,P005,6,portal
2026-06-21,T0011,P006,12,portal
2026-06-21,T0011,P007,0,portal
2026-06-21,T0011,P008,7,portal
2026-06-21,T0011,P009,1,portal
2026-06-21,T0011,P010,5,portal
2026-06-21,T0011,P011,0,portal
2026-06-21,T0011,P012,0,portal
2026-06-21,T0011,P013,2,portal
2026-06-21,T0011,P014,0,portal
2026-06-21,T0011,P015,0,portal
2026-06-21,T0011,P016,10,portal
2026-06-21,T0011,P017,3,portal
2026-06-21,T0011,P018,2,portal
2026-06-21,T0011,P019,5,portal
2026-06-21,T0011,P020,1,portal
2026-06-21,T0012,P001,0,portal
2026-06-21,T0012,P002,1,portal
2026-06-21,T0012,P003,0,portal
2026-06-21,T0012,P004,1,portal
2026-06-21,T0012,P005,0,portal
2026-06-21,T0012,P006,3,portal
2026-06-21,T0012,P007,5,portal
2026-06-21,T0012,P008,3,portal
2026-06-21,T0012,P009,0,portal
2026-06-21,T0012,P010,3,portal
2026-06-21,T0012,P011,0,portal
2026-06-21,T0012,P012,0,portal
2026-06-21,T0012,P013,0,portal
2026-06-21,T0012,P014,5,portal
2026-06-21,T0012,P015,1,portal
2026-06-21,T0012,P016,1,portal
2026-06-21,T0012,P017,4,portal
2026-06-21,T0012,P018,0,portal
2026-06-21,T0012,P019,0,portal
2026-06-21,T0012,P020,1,portal
2026-06-21,T0013,P001,3,portal
2026-06-21,T0013,P002,11,portal
2026-06-21,T0013,P003,0,portal
2026-06-21,T0013,P004,0,portal
2026-06-21,T0013,P005,3,portal
2026-06-21,T0013,P006,11,portal
2026-06-21,T0013,P007,17,portal
2026-06-21,T0013,P008,0,portal
2026-06-21,T0013,P009,2,portal
2026-06-21,T0013,P010,4,portal
2026-06-21,T0013,P011,6,portal
2026-06-21,T0013,P012,3,portal
2026-06-21,T0013,P013,4,portal
2026-06-21,T0013,P014,13,portal
2026-06-21,T0013,P015,7,portal
2026-06-21,T0013,P016,11,portal
2026-06-21,T0013,P017,2,portal
2026-06-21,T0013,P018,3,portal
2026-06-21,T0013,P019,6,portal
2026-06-21,T0013,P020,5,portal
2026-06-21,T0014,P001,0,portal
2026-06-21,T0014,P002,9,portal
2026-06-21,T0014,P003,13,portal
2026-06-21,T0014,P004,14,portal
2026-06-21,T0014,P005,17,portal
2026-06-21,T0014,P006,0,portal
2026-06-21,T0014,P007,17,portal
2026-06-21,T0014,P008,9,portal
2026-06-21,T0014,P009,7,portal
2026-06-21,T0014,P010,15,portal
2026-06-21,T0014,P011,3,portal
2026-06-21,T0014,P012,7,portal
2026-06-21,T0014,P013,0,portal
2026-06-21,T0014,P014,14,portal
2026-06-21,T0014,P015,0,portal
2026-06-21,T0014,P016,15,portal
2026-06-21,T0014,P017,0,portal
2026-06-21,T0014,P018,3,portal
2026-06-21,T0014,P019,16,portal
2026-06-21,T0014,P020,6,portal
2026-06-22,T0001,P001,1,portal
2026-06-22,T0001,P002,10,portal
2026-06-22,T0001,P003,31,portal
2026-06-22,T0001,P004,27,portal
2026-06-22,T0001,P005,25,portal
2026-06-22,T0001,P006,28,portal
2026-06-22,T0001,P007,27,portal
2026-06-22,T0001,P008,5,portal
2026-06-22,T0001,P009,4,portal
2026-06-22,T0001,P010,9,portal
2026-06-22,T0001,P011,23,portal
2026-06-22,T0001,P012,14,portal
2026-06-22,T0001,P013,3,portal
2026-06-22,T0001,P014,23,portal
2026-06-22,T0001,P015,10,portal
2026-06-22,T0001,P016,31,portal
2026-06-22,T0001,P017,3,portal
2026-06-22,T0001,P018,6,portal
2026-06-22,T0001,P019,24,portal
2026-06-22,T0001,P020,7,portal
2026-06-22,T0002,P001,6,portal
2026-06-22,T0002,P002,28,portal
2026-06-22,T0002,P003,54,portal
2026-06-22,T0002,P004,49,portal
2026-06-22,T0002,P005,10,portal
2026-06-22,T0002,P006,14,portal
2026-06-22,T0002,P007,21,portal
2026-06-22,T0002,P008,13,portal
2026-06-22,T0002,P009,18,portal
2026-06-22,T0002,P010,45,portal
2026-06-22,T0002,P011,9,portal
2026-06-22,T0002,P012,24,portal
2026-06-22,T0002,P013,9,portal
2026-06-22,T0002,P014,19,portal
2026-06-22,T0002,P015,7,portal
2026-06-22,T0002,P016,20,portal
2026-06-22,T0002,P017,3,portal
2026-06-22,T0002,P018,7,portal
2026-06-22,T0002,P019,41,portal
2026-06-22,T0002,P020,13,portal
2026-06-22,T0003,P001,1,portal
2026-06-22,T0003,P002,14,portal
2026-06-22,T0003,P003,31,portal
2026-06-22,T0003,P004,9,portal
2026-06-22,T0003,P005,5,portal
2026-06-22,T0003,P006,12,portal
2026-06-22,T0003,P007,26,portal
2026-06-22,T0003,P008,17,portal
2026-06-22,T0003,P009,5,portal
2026-06-22,T0003,P010,25,portal
2026-06-22,T0003,P011,8,portal
2026-06-22,T0003,P012,12,portal
2026-06-22,T0003,P013,0,portal
2026-06-22,T0003,P014,25,portal
2026-06-22,T0003,P015,3,portal
2026-06-22,T0003,P016,17,portal
2026-06-22,T0003,P017,9,portal
2026-06-22,T0003,P018,4,portal
2026-06-22,T0003,P019,7,portal
2026-06-22,T0003,P020,2,portal
2026-06-22,T0004,P001,3,portal
2026-06-22,T0004,P002,3,portal
2026-06-22,T0004,P003,10,portal
2026-06-22,T0004,P004,6,portal
2026-06-22,T0004,P005,24,portal
2026-06-22,T0004,P006,12,portal
2026-06-22,T0004,P007,4,portal
2026-06-22,T0004,P008,7,portal
2026-06-22,T0004,P009,1,portal
2026-06-22,T0004,P010,25,portal
2026-06-22,T0004,P011,8,portal
2026-06-22,T0004,P012,14,portal
2026-06-22,T0004,P013,5,portal
2026-06-22,T0004,P014,25,portal
2026-06-22,T0004,P015,9,portal
2026-06-22,T0004,P016,32,portal
2026-06-22,T0004,P017,1,portal
2026-06-22,T0004,P018,4,portal
2026-06-22,T0004,P019,25,portal
2026-06-22,T0004,P020,7,portal
2026-06-22,T0005,P001,1,portal
2026-06-22,T0005,P002,14,portal
2026-06-22,T0005,P003,28,portal
2026-06-22,T0005,P004,25,portal
2026-06-22,T0005,P005,21,portal
2026-06-22,T0005,P006,8,portal
2026-06-22,T0005,P007,14,portal
2026-06-22,T0005,P008,15,portal
2026-06-22,T0005,P009,2,portal
2026-06-22,T0005,P010,8,portal
2026-06-22,T0005,P011,18,portal
2026-06-22,T0005,P012,5,portal
2026-06-22,T0005,P013,1,portal
2026-06-22,T0005,P014,24,portal
2026-06-22,T0005,P015,8,portal
2026-06-22,T0005,P016,8,portal
2026-06-22,T0005,P017,4,portal
2026-06-22,T0005,P018,5,portal
2026-06-22,T0005,P019,24,portal
2026-06-22,T0005,P020,7,portal
2026-06-22,T0006,P001,10,portal
2026-06-22,T0006,P002,12,portal
2026-06-22,T0006,P003,23,portal
2026-06-22,T0006,P004,80,portal
2026-06-22,T0006,P005,67,portal
2026-06-22,T0006,P006,79,portal
2026-06-22,T0006,P007,82,portal
2026-06-22,T0006,P008,17,portal
2026-06-22,T0006,P009,15,portal
2026-06-22,T0006,P010,71,portal
2026-06-22,T0006,P011,14,portal
2026-06-22,T0006,P012,38,portal
2026-06-22,T0006,P013,14,portal
2026-06-22,T0006,P014,69,portal
2026-06-22,T0006,P015,28,portal
2026-06-22,T0006,P016,17,portal
2026-06-22,T0006,P017,25,portal
2026-06-22,T0006,P018,16,portal
2026-06-22,T0006,P019,74,portal
2026-06-22,T0006,P020,2,portal
2026-06-22,T0007,P001,1,portal
2026-06-22,T0007,P002,25,portal
2026-06-22,T0007,P003,50,portal
2026-06-22,T0007,P004,53,portal
2026-06-22,T0007,P005,41,portal
2026-06-22,T0007,P006,51,portal
2026-06-22,T0007,P007,13,portal
2026-06-22,T0007,P008,16,portal
2026-06-22,T0007,P009,19,portal
2026-06-22,T0007,P010,22,portal
2026-06-22,T0007,P011,37,portal
2026-06-22,T0007,P012,11,portal
2026-06-22,T0007,P013,2,portal
2026-06-22,T0007,P014,16,portal
2026-06-22,T0007,P015,18,portal
2026-06-22,T0007,P016,54,portal
2026-06-22,T0007,P017,18,portal
2026-06-22,T0007,P018,8,portal
2026-06-22,T0007,P019,50,portal
2026-06-22,T0007,P020,13,portal
2026-06-22,T0008,P001,7,portal
2026-06-22,T0008,P002,42,portal
2026-06-22,T0008,P003,90,portal
2026-06-22,T0008,P004,84,portal
2026-06-22,T0008,P005,68,portal
2026-06-22,T0008,P006,21,portal
2026-06-22,T0008,P007,83,portal
2026-06-22,T0008,P008,49,portal
2026-06-22,T0008,P009,32,portal
2026-06-22,T0008,P010,74,portal
2026-06-22,T0008,P011,15,portal
2026-06-22,T0008,P012,37,portal
2026-06-22,T0008,P013,5,portal
2026-06-22,T0008,P014,29,portal
2026-06-22,T0008,P015,27,portal
2026-06-22,T0008,P016,21,portal
2026-06-22,T0008,P017,26,portal
2026-06-22,T0008,P018,4,portal
2026-06-22,T0008,P019,76,portal
2026-06-22,T0008,P020,6,portal
2026-06-22,T0009,P001,7,portal
2026-06-22,T0009,P002,27,portal
2026-06-22,T0009,P003,19,portal
2026-06-22,T0009,P004,53,portal
2026-06-22,T0009,P005,46,portal
2026-06-22,T0009,P006,16,portal
2026-06-22,T0009,P007,19,portal
2026-06-22,T0009,P008,33,portal
2026-06-22,T0009,P009,21,portal
2026-06-22,T0009,P010,12,portal
2026-06-22,T0009,P011,17,portal
2026-06-22,T0009,P012,26,portal
2026-06-22,T0009,P013,10,portal
2026-06-22,T0009,P014,50,portal
2026-06-22,T0009,P015,19,portal
2026-06-22,T0009,P016,61,portal
2026-06-22,T0009,P017,7,portal
2026-06-22,T0009,P018,10,portal
2026-06-22,T0009,P019,20,portal
2026-06-22,T0009,P020,2,portal
2026-06-22,T0010,P001,4,portal
2026-06-22,T0010,P002,18,portal
2026-06-22,T0010,P003,13,portal
2026-06-22,T0010,P004,33,portal
2026-06-22,T0010,P005,29,portal
2026-06-22,T0010,P006,37,portal
2026-06-22,T0010,P007,36,portal
2026-06-22,T0010,P008,20,portal
2026-06-22,T0010,P009,15,portal
2026-06-22,T0010,P010,31,portal
2026-06-22,T0010,P011,29,portal
2026-06-22,T0010,P012,14,portal
2026-06-22,T0010,P013,2,portal
2026-06-22,T0010,P014,27,portal
2026-06-22,T0010,P015,4,portal
2026-06-22,T0010,P016,39,portal
2026-06-22,T0010,P017,12,portal
2026-06-22,T0010,P018,1,portal
2026-06-22,T0010,P019,30,portal
2026-06-22,T0010,P020,1,portal
2026-06-22,T0011,P001,4,portal
2026-06-22,T0011,P002,11,portal
2026-06-22,T0011,P003,22,portal
2026-06-22,T0011,P004,18,portal
2026-06-22,T0011,P005,3,portal
2026-06-22,T0011,P006,10,portal
2026-06-22,T0011,P007,20,portal
2026-06-22,T0011,P008,4,portal
2026-06-22,T0011,P009,8,portal
2026-06-22,T0011,P010,4,portal
2026-06-22,T0011,P011,16,portal
2026-06-22,T0011,P012,9,portal
2026-06-22,T0011,P013,2,portal
2026-06-22,T0011,P014,18,portal
2026-06-22,T0011,P015,7,portal
2026-06-22,T0011,P016,9,portal
2026-06-22,T0011,P017,2,portal
2026-06-22,T0011,P018,2,portal
2026-06-22,T0011,P019,3,portal
2026-06-22,T0011,P020,0,portal
2026-06-22,T0012,P001,4,portal
2026-06-22,T0012,P002,8,portal
2026-06-22,T0012,P003,22,portal
2026-06-22,T0012,P004,20,portal
2026-06-22,T0012,P005,16,portal
2026-06-22,T0012,P006,21,portal
2026-06-22,T0012,P007,20,portal
2026-06-22,T0012,P008,1,portal
2026-06-22,T0012,P009,7,portal
2026-06-22,T0012,P010,17,portal
2026-06-22,T0012,P011,16,portal
2026-06-22,T0012,P012,9,portal
2026-06-22,T0012,P013,2,portal
2026-06-22,T0012,P014,3,portal
2026-06-22,T0012,P015,7,portal
2026-06-22,T0012,P016,22,portal
2026-06-22,T0012,P017,2,portal
2026-06-22,T0012,P018,4,portal
2026-06-22,T0012,P019,17,portal
2026-06-22,T0012,P020,1,portal
2026-06-22,T0013,P001,3,portal
2026-06-22,T0013,P002,9,portal
2026-06-22,T0013,P003,35,portal
2026-06-22,T0013,P004,35,portal
2026-06-22,T0013,P005,31,portal
2026-06-22,T0013,P006,6,portal
2026-06-22,T0013,P007,16,portal
2026-06-22,T0013,P008,22,portal
2026-06-22,T0013,P009,13,portal
2026-06-22,T0013,P010,26,portal
2026-06-22,T0013,P011,27,portal
2026-06-22,T0013,P012,16,portal
2026-06-22,T0013,P013,4,portal
2026-06-22,T0013,P014,12,portal
2026-06-22,T0013,P015,7,portal
2026-06-22,T0013,P016,37,portal
2026-06-22,T0013,P017,12,portal
2026-06-22,T0013,P018,3,portal
2026-06-22,T0013,P019,35,portal
2026-06-22,T0013,P020,5,portal
2026-06-22,T0014,P001,4,portal
2026-06-22,T0014,P002,8,portal
2026-06-22,T0014,P003,11,portal
2026-06-22,T0014,P004,12,portal
2026-06-22,T0014,P005,12,portal
2026-06-22,T0014,P006,37,portal
2026-06-22,T0014,P007,15,portal
2026-06-22,T0014,P008,7,portal
2026-06-22,T0014,P009,6,portal
2026-06-22,T0014,P010,15,portal
2026-06-22,T0014,P011,28,portal
2026-06-22,T0014,P012,7,portal
2026-06-22,T0014,P013,6,portal
2026-06-22,T0014,P014,11,portal
2026-06-22,T0014,P015,11,portal
2026-06-22,T0014,P016,12,portal
2026-06-22,T0014,P017,12,portal
2026-06-22,T0014,P018,3,portal
2026-06-22,T0014,P019,14,portal
2026-06-22,T0014,P020,5,portal
2026-06-22,T0020,P001,3,preventa
2026-06-22,T0020,P002,4,preventa
2026-06-22,T0020,P003,18,preventa
2026-06-22,T0020,P004,5,preventa
2026-06-22,T0020,P005,13,preventa
2026-06-22,T0020,P006,8,preventa
2026-06-22,T0020,P007,6,preventa
2026-06-22,T0020,P008,9,preventa
2026-06-22,T0020,P009,4,preventa
2026-06-22,T0020,P010,15,preventa
2026-06-22,T0020,P011,6,preventa
2026-06-22,T0020,P012,4,preventa
2026-06-22,T0020,P013,2,preventa
2026-06-22,T0020,P014,1,preventa
2026-06-22,T0020,P015,5,preventa
2026-06-22,T0020,P016,16,preventa
2026-06-22,T0020,P017,5,preventa
2026-06-22,T0020,P018,4,preventa
2026-06-22,T0020,P019,9,preventa
2026-06-22,T0020,P020,3,preventa
2026-06-22,T0022,P001,4,preventa
2026-06-22,T0022,P002,4,preventa
2026-06-22,T0022,P003,7,preventa
2026-06-22,T0022,P004,6,preventa
2026-06-22,T0022,P005,3,preventa
2026-06-22,T0022,P006,9,preventa
2026-06-22,T0022,P007,6,preventa
2026-06-22,T0022,P008,2,preventa
2026-06-22,T0022,P009,2,preventa
2026-06-22,T0022,P010,2,preventa
2026-06-22,T0022,P011,3,preventa
2026-06-22,T0022,P012,3,preventa
2026-06-22,T0022,P013,4,preventa
2026-06-22,T0022,P014,5,preventa
2026-06-22,T0022,P015,3,preventa
2026-06-22,T0022,P016,4,preventa
2026-06-22,T0022,P017,0,preventa
2026-06-22,T0022,P018,3,preventa
2026-06-22,T0022,P019,8,preventa
2026-06-22,T0022,P020,2,preventa
2026-06-22,T0025,P001,2,preventa
2026-06-22,T0025,P002,3,preventa
2026-06-22,T0025,P003,8,preventa
2026-06-22,T0025,P004,8,preventa
2026-06-22,T0025,P005,3,preventa
2026-06-22,T0025,P006,9,preventa
2026-06-22,T0025,P007,4,preventa
2026-06-22,T0025,P008,3,preventa
2026-06-22,T0025,P009,4,preventa
2026-06-22,T0025,P010,2,preventa
2026-06-22,T0025,P011,3,preventa
2026-06-22,T0025,P012,3,preventa
2026-06-22,T0025,P013,2,preventa
2026-06-22,T0025,P014,3,preventa
2026-06-22,T0025,P015,1,preventa
2026-06-22,T0025,P016,2,preventa
2026-06-22,T0025,P017,3,preventa
2026-06-22,T0025,P018,4,preventa
2026-06-22,T0025,P019,1,preventa
2026-06-22,T0025,P020,4,preventa
2026-06-22,T0030,P001,2,preventa
2026-06-22,T0030,P002,3,preventa
2026-06-22,T0030,P003,24,preventa
2026-06-22,T0030,P004,24,preventa
2026-06-22,T0030,P005,20,preventa
2026-06-22,T0030,P006,7,preventa
2026-06-22,T0030,P007,27,preventa
2026-06-22,T0030,P008,16,preventa
2026-06-22,T0030,P009,6,preventa
2026-06-22,T0030,P010,23,preventa
2026-06-22,T0030,P011,18,preventa
2026-06-22,T0030,P012,11,preventa
2026-06-22,T0030,P013,2,preventa
2026-06-22,T0030,P014,9,preventa
2026-06-22,T0030,P015,4,preventa
2026-06-22,T0030,P016,8,preventa
2026-06-22,T0030,P017,6,preventa
2026-06-22,T0030,P018,4,preventa
2026-06-22,T0030,P019,22,preventa
2026-06-22,T0030,P020,3,preventa
2026-06-23,T0001,P001,1,portal
2026-06-23,T0001,P002,10,portal
2026-06-23,T0001,P003,27,portal
2026-06-23,T0001,P004,23,portal
2026-06-23,T0001,P005,25,portal
2026-06-23,T0001,P006,27,portal
2026-06-23,T0001,P007,23,portal
2026-06-23,T0001,P008,2,portal
2026-06-23,T0001,P009,3,portal
2026-06-23,T0001,P010,7,portal
2026-06-23,T0001,P011,22,portal
2026-06-23,T0001,P012,14,portal
2026-06-23,T0001,P013,3,portal
2026-06-23,T0001,P014,18,portal
2026-06-23,T0001,P015,9,portal
2026-06-23,T0001,P016,28,portal
2026-06-23,T0001,P017,2,portal
2026-06-23,T0001,P018,4,portal
2026-06-23,T0001,P019,20,portal
2026-06-23,T0001,P020,7,portal
2026-06-23,T0002,P001,5,portal
2026-06-23,T0002,P002,24,portal
2026-06-23,T0002,P003,44,portal
2026-06-23,T0002,P004,44,portal
2026-06-23,T0002,P005,4,portal
2026-06-23,T0002,P006,1,portal
2026-06-23,T0002,P007,15,portal
2026-06-23,T0002,P008,8,portal
2026-06-23,T0002,P009,14,portal
2026-06-23,T0002,P010,44,portal
2026-06-23,T0002,P011,0,portal
2026-06-23,T0002,P012,23,portal
2026-06-23,T0002,P013,9,portal
2026-06-23,T0002,P014,15,portal
2026-06-23,T0002,P015,6,portal
2026-06-23,T0002,P016,14,portal
2026-06-23,T0002,P017,3,portal
2026-06-23,T0002,P018,7,portal
2026-06-23,T0002,P019,39,portal
2026-06-23,T0002,P020,8,portal
2026-06-23,T0003,P001,0,portal
2026-06-23,T0003,P002,13,portal
2026-06-23,T0003,P003,29,portal
2026-06-23,T0003,P004,8,portal
2026-06-23,T0003,P005,2,portal
2026-06-23,T0003,P006,8,portal
2026-06-23,T0003,P007,24,portal
2026-06-23,T0003,P008,16,portal
2026-06-23,T0003,P009,4,portal
2026-06-23,T0003,P010,22,portal
2026-06-23,T0003,P011,7,portal
2026-06-23,T0003,P012,10,portal
2026-06-23,T0003,P013,0,portal
2026-06-23,T0003,P014,23,portal
2026-06-23,T0003,P015,0,portal
2026-06-23,T0003,P016,14,portal
2026-06-23,T0003,P017,9,portal
2026-06-23,T0003,P018,4,portal
2026-06-23,T0003,P019,7,portal
2026-06-23,T0003,P020,1,portal
2026-06-23,T0004,P001,3,portal
2026-06-23,T0004,P002,1,portal
2026-06-23,T0004,P003,6,portal
2026-06-23,T0004,P004,6,portal
2026-06-23,T0004,P005,20,portal
2026-06-23,T0004,P006,8,portal
2026-06-23,T0004,P007,0,portal
2026-06-23,T0004,P008,4,portal
2026-06-23,T0004,P009,0,portal
2026-06-23,T0004,P010,22,portal
2026-06-23,T0004,P011,6,portal
2026-06-23,T0004,P012,14,portal
2026-06-23,T0004,P013,5,portal
2026-06-23,T0004,P014,23,portal
2026-06-23,T0004,P015,8,portal
2026-06-23,T0004,P016,30,portal
2026-06-23,T0004,P017,0,portal
2026-06-23,T0004,P018,4,portal
2026-06-23,T0004,P019,21,portal
2026-06-23,T0004,P020,5,portal
2026-06-23,T0005,P001,0,portal
2026-06-23,T0005,P002,13,portal
2026-06-23,T0005,P003,24,portal
2026-06-23,T0005,P004,25,portal
2026-06-23,T0005,P005,19,portal
2026-06-23,T0005,P006,6,portal
2026-06-23,T0005,P007,10,portal
2026-06-23,T0005,P008,15,portal
2026-06-23,T0005,P009,2,portal
2026-06-23,T0005,P010,6,portal
2026-06-23,T0005,P011,15,portal
2026-06-23,T0005,P012,4,portal
2026-06-23,T0005,P013,1,portal
2026-06-23,T0005,P014,20,portal
2026-06-23,T0005,P015,7,portal
2026-06-23,T0005,P016,5,portal
2026-06-23,T0005,P017,4,portal
2026-06-23,T0005,P018,5,portal
2026-06-23,T0005,P019,19,portal
2026-06-23,T0005,P020,6,portal
2026-06-23,T0006,P001,9,portal
2026-06-23,T0006,P002,6,portal
2026-06-23,T0006,P003,14,portal
2026-06-23,T0006,P004,71,portal
2026-06-23,T0006,P005,59,portal
2026-06-23,T0006,P006,73,portal
2026-06-23,T0006,P007,71,portal
2026-06-23,T0006,P008,15,portal
2026-06-23,T0006,P009,15,portal
2026-06-23,T0006,P010,59,portal
2026-06-23,T0006,P011,10,portal
2026-06-23,T0006,P012,32,portal
2026-06-23,T0006,P013,13,portal
2026-06-23,T0006,P014,59,portal
2026-06-23,T0006,P015,22,portal
2026-06-23,T0006,P016,11,portal
2026-06-23,T0006,P017,24,portal
2026-06-23,T0006,P018,12,portal
2026-06-23,T0006,P019,71,portal
2026-06-23,T0006,P020,1,portal
2026-06-23,T0007,P001,0,portal
2026-06-23,T0007,P002,20,portal
2026-06-23,T0007,P003,46,portal
2026-06-23,T0007,P004,42,portal
2026-06-23,T0007,P005,35,portal
2026-06-23,T0007,P006,46,portal
2026-06-23,T0007,P007,13,portal
2026-06-23,T0007,P008,13,portal
2026-06-23,T0007,P009,17,portal
2026-06-23,T0007,P010,17,portal
2026-06-23,T0007,P011,35,portal
2026-06-23,T0007,P012,7,portal
2026-06-23,T0007,P013,1,portal
2026-06-23,T0007,P014,9,portal
2026-06-23,T0007,P015,16,portal
2026-06-23,T0007,P016,52,portal
2026-06-23,T0007,P017,15,portal
2026-06-23,T0007,P018,8,portal
2026-06-23,T0007,P019,42,portal
2026-06-23,T0007,P020,12,portal
2026-06-23,T0008,P001,7,portal
2026-06-23,T0008,P002,35,portal
2026-06-23,T0008,P003,81,portal
2026-06-23,T0008,P004,71,portal
2026-06-23,T0008,P005,56,portal
2026-06-23,T0008,P006,15,portal
2026-06-23,T0008,P007,75,portal
2026-06-23,T0008,P008,43,portal
2026-06-23,T0008,P009,29,portal
2026-06-23,T0008,P010,67,portal
2026-06-23,T0008,P011,7,portal
2026-06-23,T0008,P012,35,portal
2026-06-23,T0008,P013,4,portal
2026-06-23,T0008,P014,24,portal
2026-06-23,T0008,P015,24,portal
2026-06-23,T0008,P016,14,portal
2026-06-23,T0008,P017,25,portal
2026-06-23,T0008,P018,2,portal
2026-06-23,T0008,P019,68,portal
2026-06-23,T0008,P020,5,portal
2026-06-23,T0009,P001,6,portal
2026-06-23,T0009,P002,23,portal
2026-06-23,T0009,P003,17,portal
2026-06-23,T0009,P004,49,portal
2026-06-23,T0009,P005,37,portal
2026-06-23,T0009,P006,10,portal
2026-06-23,T0009,P007,13,portal
2026-06-23,T0009,P008,29,portal
2026-06-23,T0009,P009,21,portal
2026-06-23,T0009,P010,9,portal
2026-06-23,T0009,P011,10,portal
2026-06-23,T0009,P012,24,portal
2026-06-23,T0009,P013,9,portal
2026-06-23,T0009,P014,43,portal
2026-06-23,T0009,P015,18,portal
2026-06-23,T0009,P016,60,portal
2026-06-23,T0009,P017,6,portal
2026-06-23,T0009,P018,10,portal
2026-06-23,T0009,P019,17,portal
2026-06-23,T0009,P020,0,portal
2026-06-23,T0010,P001,3,portal
2026-06-23,T0010,P002,18,portal
2026-06-23,T0010,P003,11,portal
2026-06-23,T0010,P004,29,portal
2026-06-23,T0010,P005,28,portal
2026-06-23,T0010,P006,29,portal
2026-06-23,T0010,P007,32,portal
2026-06-23,T0010,P008,17,portal
2026-06-23,T0010,P009,14,portal
2026-06-23,T0010,P010,26,portal
2026-06-23,T0010,P011,27,portal
2026-06-23,T0010,P012,14,portal
2026-06-23,T0010,P013,1,portal
2026-06-23,T0010,P014,22,portal
2026-06-23,T0010,P015,3,portal
2026-06-23,T0010,P016,39,portal
2026-06-23,T0010,P017,9,portal
2026-06-23,T0010,P018,1,portal
2026-06-23,T0010,P019,27,portal
2026-06-23,T0010,P020,1,portal
2026-06-23,T0011,P001,4,portal
2026-06-23,T0011,P002,10,portal
2026-06-23,T0011,P003,22,portal
2026-06-23,T0011,P004,16,portal
2026-06-23,T0011,P005,1,portal
2026-06-23,T0011,P006,9,portal
2026-06-23,T0011,P007,18,portal
2026-06-23,T0011,P008,3,portal
2026-06-23,T0011,P009,8,portal
2026-06-23,T0011,P010,2,portal
2026-06-23,T0011,P011,15,portal
2026-06-23,T0011,P012,7,portal
2026-06-23,T0011,P013,2,portal
2026-06-23,T0011,P014,17,portal
2026-06-23,T0011,P015,7,portal
2026-06-23,T0011,P016,9,portal
2026-06-23,T0011,P017,2,portal
2026-06-23,T0011,P018,2,portal
2026-06-23,T0011,P019,2,portal
2026-06-23,T0011,P020,0,portal
2026-06-23,T0012,P001,4,portal
2026-06-23,T0012,P002,8,portal
2026-06-23,T0012,P003,21,portal
2026-06-23,T0012,P004,17,portal
2026-06-23,T0012,P005,14,portal
2026-06-23,T0012,P006,18,portal
2026-06-23,T0012,P007,17,portal
2026-06-23,T0012,P008,0,portal
2026-06-23,T0012,P009,6,portal
2026-06-23,T0012,P010,11,portal
2026-06-23,T0012,P011,15,portal
2026-06-23,T0012,P012,8,portal
2026-06-23,T0012,P013,1,portal
2026-06-23,T0012,P014,0,portal
2026-06-23,T0012,P015,7,portal
2026-06-23,T0012,P016,20,portal
2026-06-23,T0012,P017,2,portal
2026-06-23,T0012,P018,3,portal
2026-06-23,T0012,P019,13,portal
2026-06-23,T0012,P020,1,portal
2026-06-23,T0013,P001,3,portal
2026-06-23,T0013,P002,8,portal
2026-06-23,T0013,P003,33,portal
2026-06-23,T0013,P004,32,portal
2026-06-23,T0013,P005,27,portal
2026-06-23,T0013,P006,0,portal
2026-06-23,T0013,P007,8,portal
2026-06-23,T0013,P008,18,portal
2026-06-23,T0013,P009,13,portal
2026-06-23,T0013,P010,20,portal
2026-06-23,T0013,P011,24,portal
2026-06-23,T0013,P012,15,portal
2026-06-23,T0013,P013,3,portal
2026-06-23,T0013,P014,7,portal
2026-06-23,T0013,P015,5,portal
2026-06-23,T0013,P016,34,portal
2026-06-23,T0013,P017,11,portal
2026-06-23,T0013,P018,3,portal
2026-06-23,T0013,P019,32,portal
2026-06-23,T0013,P020,3,portal
2026-06-23,T0014,P001,3,portal
2026-06-23,T0014,P002,6,portal
2026-06-23,T0014,P003,8,portal
2026-06-23,T0014,P004,9,portal
2026-06-23,T0014,P005,10,portal
2026-06-23,T0014,P006,34,portal
2026-06-23,T0014,P007,12,portal
2026-06-23,T0014,P008,5,portal
2026-06-23,T0014,P009,1,portal
2026-06-23,T0014,P010,9,portal
2026-06-23,T0014,P011,26,portal
2026-06-23,T0014,P012,6,portal
2026-06-23,T0014,P013,4,portal
2026-06-23,T0014,P014,7,portal
2026-06-23,T0014,P015,11,portal
2026-06-23,T0014,P016,8,portal
2026-06-23,T0014,P017,10,portal
2026-06-23,T0014,P018,2,portal
2026-06-23,T0014,P019,11,portal
2026-06-23,T0014,P020,5,portal
2026-06-23,T0021,P001,4,preventa
2026-06-23,T0021,P002,8,preventa
2026-06-23,T0021,P003,13,preventa
2026-06-23,T0021,P004,16,preventa
2026-06-23,T0021,P005,1,preventa
2026-06-23,T0021,P006,16,preventa
2026-06-23,T0021,P007,6,preventa
2026-06-23,T0021,P008,8,preventa
2026-06-23,T0021,P009,5,preventa
2026-06-23,T0021,P010,10,preventa
2026-06-23,T0021,P011,4,preventa
2026-06-23,T0021,P012,5,preventa
2026-06-23,T0021,P013,1,preventa
2026-06-23,T0021,P014,12,preventa
2026-06-23,T0021,P015,1,preventa
2026-06-23,T0021,P016,0,preventa
2026-06-23,T0021,P017,3,preventa
2026-06-23,T0021,P018,4,preventa
2026-06-23,T0021,P019,11,preventa
2026-06-23,T0021,P020,4,preventa
2026-06-23,T0024,P001,2,preventa
2026-06-23,T0024,P002,1,preventa
2026-06-23,T0024,P003,1,preventa
2026-06-23,T0024,P004,17,preventa
2026-06-23,T0024,P005,10,preventa
2026-06-23,T0024,P006,16,preventa
2026-06-23,T0024,P007,3,preventa
2026-06-23,T0024,P008,9,preventa
2026-06-23,T0024,P009,0,preventa
2026-06-23,T0024,P010,3,preventa
2026-06-23,T0024,P011,10,preventa
2026-06-23,T0024,P012,5,preventa
2026-06-23,T0024,P013,3,preventa
2026-06-23,T0024,P014,10,preventa
2026-06-23,T0024,P015,4,preventa
2026-06-23,T0024,P016,8,preventa
2026-06-23,T0024,P017,5,preventa
2026-06-23,T0024,P018,4,preventa
2026-06-23,T0024,P019,11,preventa
2026-06-23,T0024,P020,3,preventa
2026-06-23,T0027,P001,1,preventa
2026-06-23,T0027,P002,4,preventa
2026-06-23,T0027,P003,16,preventa
2026-06-23,T0027,P004,5,preventa
2026-06-23,T0027,P005,10,preventa
2026-06-23,T0027,P006,2,preventa
2026-06-23,T0027,P007,2,preventa
2026-06-23,T0027,P008,8,preventa
2026-06-23,T0027,P009,3,preventa
2026-06-23,T0027,P010,12,preventa
2026-06-23,T0027,P011,12,preventa
2026-06-23,T0027,P012,3,preventa
2026-06-23,T0027,P013,3,preventa
2026-06-23,T0027,P014,13,preventa
2026-06-23,T0027,P015,3,preventa
2026-06-23,T0027,P016,16,preventa
2026-06-23,T0027,P017,2,preventa
2026-06-23,T0027,P018,0,preventa
2026-06-23,T0027,P019,12,preventa
2026-06-23,T0027,P020,1,preventa
2026-06-23,T0034,P001,4,preventa
2026-06-23,T0034,P002,9,preventa
2026-06-23,T0034,P003,16,preventa
2026-06-23,T0034,P004,16,preventa
2026-06-23,T0034,P005,4,preventa
2026-06-23,T0034,P006,4,preventa
2026-06-23,T0034,P007,14,preventa
2026-06-23,T0034,P008,3,preventa
2026-06-23,T0034,P009,4,preventa
2026-06-23,T0034,P010,2,preventa
2026-06-23,T0034,P011,3,preventa
2026-06-23,T0034,P012,4,preventa
2026-06-23,T0034,P013,1,preventa
2026-06-23,T0034,P014,11,preventa
2026-06-23,T0034,P015,0,preventa
2026-06-23,T0034,P016,16,preventa
2026-06-23,T0034,P017,4,preventa
2026-06-23,T0034,P018,4,preventa
2026-06-23,T0034,P019,0,preventa
2026-06-23,T0034,P020,4,preventa
2026-06-23,T0040,P001,2,preventa
2026-06-23,T0040,P002,0,preventa
2026-06-23,T0040,P003,26,preventa
2026-06-23,T0040,P004,5,preventa
2026-06-23,T0040,P005,19,preventa
2026-06-23,T0040,P006,11,preventa
2026-06-23,T0040,P007,25,preventa
2026-06-23,T0040,P008,6,preventa
2026-06-23,T0040,P009,2,preventa
2026-06-23,T0040,P010,21,preventa
2026-06-23,T0040,P011,18,preventa
2026-06-23,T0040,P012,0,preventa
2026-06-23,T0040,P013,4,preventa
2026-06-23,T0040,P014,5,preventa
2026-06-23,T0040,P015,7,preventa
2026-06-23,T0040,P016,4,preventa
2026-06-23,T0040,P017,5,preventa
2026-06-23,T0040,P018,0,preventa
2026-06-23,T0040,P019,21,preventa
2026-06-23,T0040,P020,4,preventa
2026-06-24,T0001,P001,1,portal
2026-06-24,T0001,P002,9,portal
2026-06-24,T0001,P003,24,portal
2026-06-24,T0001,P004,19,portal
2026-06-24,T0001,P005,23,portal
2026-06-24,T0001,P006,24,portal
2026-06-24,T0001,P007,18,portal
2026-06-24,T0001,P008,0,portal
2026-06-24,T0001,P009,0,portal
2026-06-24,T0001,P010,6,portal
2026-06-24,T0001,P011,21,portal
2026-06-24,T0001,P012,14,portal
2026-06-24,T0001,P013,3,portal
2026-06-24,T0001,P014,15,portal
2026-06-24,T0001,P015,6,portal
2026-06-24,T0001,P016,27,portal
2026-06-24,T0001,P017,0,portal
2026-06-24,T0001,P018,0,portal
2026-06-24,T0001,P019,19,portal
2026-06-24,T0001,P020,6,portal
2026-06-24,T0002,P001,5,portal
2026-06-24,T0002,P002,19,portal
2026-06-24,T0002,P003,42,portal
2026-06-24,T0002,P004,44,portal
2026-06-24,T0002,P005,1,portal
2026-06-24,T0002,P006,0,portal
2026-06-24,T0002,P007,10,portal
2026-06-24,T0002,P008,4,portal
2026-06-24,T0002,P009,11,portal
2026-06-24,T0002,P010,40,portal
2026-06-24,T0002,P011,0,portal
2026-06-24,T0002,P012,23,portal
2026-06-24,T0002,P013,9,portal
2026-06-24,T0002,P014,9,portal
2026-06-24,T0002,P015,5,portal
2026-06-24,T0002,P016,8,portal
2026-06-24,T0002,P017,3,portal
2026-06-24,T0002,P018,7,portal
2026-06-24,T0002,P019,34,portal
2026-06-24,T0002,P020,8,portal
2026-06-24,T0003,P001,0,portal
2026-06-24,T0003,P002,11,portal
2026-06-24,T0003,P003,27,portal
2026-06-24,T0003,P004,2,portal
2026-06-24,T0003,P005,0,portal
2026-06-24,T0003,P006,5,portal
2026-06-24,T0003,P007,23,portal
2026-06-24,T0003,P008,16,portal
2026-06-24,T0003,P009,4,portal
2026-06-24,T0003,P010,20,portal
2026-06-24,T0003,P011,5,portal
2026-06-24,T0003,P012,9,portal
2026-06-24,T0003,P013,0,portal
2026-06-24,T0003,P014,20,portal
2026-06-24,T0003,P015,0,portal
2026-06-24,T0003,P016,13,portal
2026-06-24,T0003,P017,8,portal
2026-06-24,T0003,P018,3,portal
2026-06-24,T0003,P019,3,portal
2026-06-24,T0003,P020,1,portal
2026-06-24,T0004,P001,1,portal
2026-06-24,T0004,P002,0,portal
2026-06-24,T0004,P003,4,portal
2026-06-24,T0004,P004,1,portal
2026-06-24,T0004,P005,16,portal
2026-06-24,T0004,P006,5,portal
2026-06-24,T0004,P007,0,portal
2026-06-24,T0004,P008,3,portal
2026-06-24,T0004,P009,0,portal
2026-06-24,T0004,P010,20,portal
2026-06-24,T0004,P011,3,portal
2026-06-24,T0004,P012,14,portal
2026-06-24,T0004,P013,5,portal
2026-06-24,T0004,P014,19,portal
2026-06-24,T0004,P015,6,portal
2026-06-24,T0004,P016,27,portal
2026-06-24,T0004,P017,0,portal
2026-06-24,T0004,P018,3,portal
2026-06-24,T0004,P019,19,portal
2026-06-24,T0004,P020,4,portal
2026-06-24,T0005,P001,0,portal
2026-06-24,T0005,P002,13,portal
2026-06-24,T0005,P003,23,portal
2026-06-24,T0005,P004,22,portal
2026-06-24,T0005,P005,19,portal
2026-06-24,T0005,P006,5,portal
2026-06-24,T0005,P007,7,portal
2026-06-24,T0005,P008,14,portal
2026-06-24,T0005,P009,2,portal
2026-06-24,T0005,P010,2,portal
2026-06-24,T0005,P011,13,portal
2026-06-24,T0005,P012,4,portal
2026-06-24,T0005,P013,1,portal
2026-06-24,T0005,P014,14,portal
2026-06-24,T0005,P015,7,portal
2026-06-24,T0005,P016,0,portal
2026-06-24,T0005,P017,3,portal
2026-06-24,T0005,P018,5,portal
2026-06-24,T0005,P019,18,portal
2026-06-24,T0005,P020,5,portal
2026-06-24,T0006,P001,6,portal
2026-06-24,T0006,P002,3,portal
2026-06-24,T0006,P003,0,portal
2026-06-24,T0006,P004,62,portal
2026-06-24,T0006,P005,54,portal
2026-06-24,T0006,P006,66,portal
2026-06-24,T0006,P007,63,portal
2026-06-24,T0006,P008,5,portal
2026-06-24,T0006,P009,11,portal
2026-06-24,T0006,P010,51,portal
2026-06-24,T0006,P011,4,portal
2026-06-24,T0006,P012,29,portal
2026-06-24,T0006,P013,9,portal
2026-06-24,T0006,P014,50,portal
2026-06-24,T0006,P015,21,portal
2026-06-24,T0006,P016,3,portal
2026-06-24,T0006,P017,19,portal
2026-06-24,T0006,P018,11,portal
2026-06-24,T0006,P019,58,portal
2026-06-24,T0006,P020,0,portal
2026-06-24,T0007,P001,0,portal
2026-06-24,T0007,P002,16,portal
2026-06-24,T0007,P003,41,portal
2026-06-24,T0007,P004,37,portal
2026-06-24,T0007,P005,29,portal
2026-06-24,T0007,P006,44,portal
2026-06-24,T0007,P007,7,portal
2026-06-24,T0007,P008,11,portal
2026-06-24,T0007,P009,16,portal
2026-06-24,T0007,P010,13,portal
2026-06-24,T0007,P011,26,portal
2026-06-24,T0007,P012,5,portal
2026-06-24,T0007,P013,0,portal
2026-06-24,T0007,P014,6,portal
2026-06-24,T0007,P015,14,portal
2026-06-24,T0007,P016,49,portal
2026-06-24,T0007,P017,14,portal
2026-06-24,T0007,P018,7,portal
2026-06-24,T0007,P019,35,portal
2026-06-24,T0007,P020,10,portal
2026-06-24,T0008,P001,7,portal
2026-06-24,T0008,P002,30,portal
2026-06-24,T0008,P003,73,portal
2026-06-24,T0008,P004,62,portal
2026-06-24,T0008,P005,48,portal
2026-06-24,T0008,P006,4,portal
2026-06-24,T0008,P007,65,portal
2026-06-24,T0008,P008,40,portal
2026-06-24,T0008,P009,23,portal
2026-06-24,T0008,P010,55,portal
2026-06-24,T0008,P011,3,portal
2026-06-24,T0008,P012,28,portal
2026-06-24,T0008,P013,4,portal
2026-06-24,T0008,P014,16,portal
2026-06-24,T0008,P015,18,portal
2026-06-24,T0008,P016,4,portal
2026-06-24,T0008,P017,23,portal
2026-06-24,T0008,P018,0,portal
2026-06-24,T0008,P019,61,portal
2026-06-24,T0008,P020,4,portal
2026-06-24,T0009,P001,5,portal
2026-06-24,T0009,P002,17,portal
2026-06-24,T0009,P003,12,portal
2026-06-24,T0009,P004,42,portal
2026-06-24,T0009,P005,29,portal
2026-06-24,T0009,P006,6,portal
2026-06-24,T0009,P007,8,portal
2026-06-24,T0009,P008,28,portal
2026-06-24,T0009,P009,20,portal
2026-06-24,T0009,P010,3,portal
2026-06-24,T0009,P011,8,portal
2026-06-24,T0009,P012,22,portal
2026-06-24,T0009,P013,9,portal
2026-06-24,T0009,P014,38,portal
2026-06-24,T0009,P015,17,portal
2026-06-24,T0009,P016,59,portal
2026-06-24,T0009,P017,4,portal
2026-06-24,T0009,P018,9,portal
2026-06-24,T0009,P019,13,portal
2026-06-24,T0009,P020,0,portal
2026-06-24,T0010,P001,2,portal
2026-06-24,T0010,P002,18,portal
2026-06-24,T0010,P003,9,portal
2026-06-24,T0010,P004,27,portal
2026-06-24,T0010,P005,25,portal
2026-06-24,T0010,P006,27,portal
2026-06-24,T0010,P007,28,portal
2026-06-24,T0010,P008,16,portal
2026-06-24,T0010,P009,13,portal
2026-06-24,T0010,P010,23,portal
2026-06-24,T0010,P011,26,portal
2026-06-24,T0010,P012,14,portal
2026-06-24,T0010,P013,0,portal
2026-06-24,T0010,P014,17,portal
2026-06-24,T0010,P015,3,portal
2026-06-24,T0010,P016,34,portal
2026-06-24,T0010,P017,6,portal
2026-06-24,T0010,P018,1,portal
2026-06-24,T0010,P019,25,portal
2026-06-24,T0010,P020,0,portal
2026-06-24,T0011,P001,4,portal
2026-06-24,T0011,P002,10,portal
2026-06-24,T0011,P003,20,portal
2026-06-24,T0011,P004,13,portal
2026-06-24,T0011,P005,0,portal
2026-06-24,T0011,P006,6,portal
2026-06-24,T0011,P007,17,portal
2026-06-24,T0011,P008,1,portal
2026-06-24,T0011,P009,6,portal
2026-06-24,T0011,P010,2,portal
2026-06-24,T0011,P011,14,portal
2026-06-24,T0011,P012,6,portal
2026-06-24,T0011,P013,2,portal
2026-06-24,T0011,P014,15,portal
2026-06-24,T0011,P015,6,portal
2026-06-24,T0011,P016,7,portal
2026-06-24,T0011,P017,2,portal
2026-06-24,T0011,P018,2,portal
2026-06-24,T0011,P019,1,portal
2026-06-24,T0011,P020,0,portal
2026-06-24,T0012,P001,4,portal
2026-06-24,T0012,P002,8,portal
2026-06-24,T0012,P003,20,portal
2026-06-24,T0012,P004,16,portal
2026-06-24,T0012,P005,11,portal
2026-06-24,T0012,P006,18,portal
2026-06-24,T0012,P007,11,portal
2026-06-24,T0012,P008,0,portal
2026-06-24,T0012,P009,6,portal
2026-06-24,T0012,P010,7,portal
2026-06-24,T0012,P011,13,portal
2026-06-24,T0012,P012,7,portal
2026-06-24,T0012,P013,1,portal
2026-06-24,T0012,P014,0,portal
2026-06-24,T0012,P015,6,portal
2026-06-24,T0012,P016,18,portal
2026-06-24,T0012,P017,2,portal
2026-06-24,T0012,P018,3,portal
2026-06-24,T0012,P019,13,portal
2026-06-24,T0012,P020,1,portal
2026-06-24,T0013,P001,3,portal
2026-06-24,T0013,P002,8,portal
2026-06-24,T0013,P003,30,portal
2026-06-24,T0013,P004,30,portal
2026-06-24,T0013,P005,24,portal
2026-06-24,T0013,P006,0,portal
2026-06-24,T0013,P007,6,portal
2026-06-24,T0013,P008,18,portal
2026-06-24,T0013,P009,11,portal
2026-06-24,T0013,P010,16,portal
2026-06-24,T0013,P011,22,portal
2026-06-24,T0013,P012,14,portal
2026-06-24,T0013,P013,2,portal
2026-06-24,T0013,P014,4,portal
2026-06-24,T0013,P015,5,portal
2026-06-24,T0013,P016,33,portal
2026-06-24,T0013,P017,10,portal
2026-06-24,T0013,P018,1,portal
2026-06-24,T0013,P019,29,portal
2026-06-24,T0013,P020,2,portal
2026-06-24,T0014,P001,3,portal
2026-06-24,T0014,P002,3,portal
2026-06-24,T0014,P003,2,portal
2026-06-24,T0014,P004,5,portal
2026-06-24,T0014,P005,7,portal
2026-06-24,T0014,P006,30,portal
2026-06-24,T0014,P007,8,portal
2026-06-24,T0014,P008,3,portal
2026-06-24,T0014,P009,1,portal
2026-06-24,T0014,P010,4,portal
2026-06-24,T0014,P011,24,portal
2026-06-24,T0014,P012,3,portal
2026-06-24,T0014,P013,4,portal
2026-06-24,T0014,P014,2,portal
2026-06-24,T0014,P015,10,portal
2026-06-24,T0014,P016,2,portal
2026-06-24,T0014,P017,9,portal
2026-06-24,T0014,P018,1,portal
2026-06-24,T0014,P019,9,portal
2026-06-24,T0014,P020,5,portal
2026-06-24,T0023,P001,0,preventa
2026-06-24,T0023,P002,0,preventa
2026-06-24,T0023,P003,7,preventa
2026-06-24,T0023,P004,7,preventa
2026-06-24,T0023,P005,1,preventa
2026-06-24,T0023,P006,5,preventa
2026-06-24,T0023,P007,5,preventa
2026-06-24,T0023,P008,0,preventa
2026-06-24,T0023,P009,2,preventa
2026-06-24,T0023,P010,6,preventa
2026-06-24,T0023,P011,6,preventa
2026-06-24,T0023,P012,3,preventa
2026-06-24,T0023,P013,2,preventa
2026-06-24,T0023,P014,8,preventa
2026-06-24,T0023,P015,0,preventa
2026-06-24,T0023,P016,6,preventa
2026-06-24,T0023,P017,3,preventa
2026-06-24,T0023,P018,1,preventa
2026-06-24,T0023,P019,8,preventa
2026-06-24,T0023,P020,2,preventa
2026-06-24,T0026,P001,0,preventa
2026-06-24,T0026,P002,3,preventa
2026-06-24,T0026,P003,3,preventa
2026-06-24,T0026,P004,1,preventa
2026-06-24,T0026,P005,5,preventa
2026-06-24,T0026,P006,0,preventa
2026-06-24,T0026,P007,5,preventa
2026-06-24,T0026,P008,4,preventa
2026-06-24,T0026,P009,1,preventa
2026-06-24,T0026,P010,5,preventa
2026-06-24,T0026,P011,4,preventa
2026-06-24,T0026,P012,2,preventa
2026-06-24,T0026,P013,3,preventa
2026-06-24,T0026,P014,1,preventa
2026-06-24,T0026,P015,2,preventa
2026-06-24,T0026,P016,2,preventa
2026-06-24,T0026,P017,2,preventa
2026-06-24,T0026,P018,2,preventa
2026-06-24,T0026,P019,5,preventa
2026-06-24,T0026,P020,2,preventa
2026-06-24,T0029,P001,3,preventa
2026-06-24,T0029,P002,7,preventa
2026-06-24,T0029,P003,13,preventa
2026-06-24,T0029,P004,1,preventa
2026-06-24,T0029,P005,10,preventa
2026-06-24,T0029,P006,15,preventa
2026-06-24,T0029,P007,14,preventa
2026-06-24,T0029,P008,9,preventa
2026-06-24,T0029,P009,2,preventa
2026-06-24,T0029,P010,13,preventa
2026-06-24,T0029,P011,9,preventa
2026-06-24,T0029,P012,6,preventa
2026-06-24,T0029,P013,4,preventa
2026-06-24,T0029,P014,10,preventa
2026-06-24,T0029,P015,4,preventa
2026-06-24,T0029,P016,15,preventa
2026-06-24,T0029,P017,4,preventa
2026-06-24,T0029,P018,4,preventa
2026-06-24,T0029,P019,5,preventa
2026-06-24,T0029,P020,1,preventa
2026-06-24,T0036,P001,3,preventa
2026-06-24,T0036,P002,2,preventa
2026-06-24,T0036,P003,8,preventa
2026-06-24,T0036,P004,4,preventa
2026-06-24,T0036,P005,3,preventa
2026-06-24,T0036,P006,9,preventa
2026-06-24,T0036,P007,0,preventa
2026-06-24,T0036,P008,3,preventa
2026-06-24,T0036,P009,3,preventa
2026-06-24,T0036,P010,1,preventa
2026-06-24,T0036,P011,2,preventa
2026-06-24,T0036,P012,1,preventa
2026-06-24,T0036,P013,2,preventa
2026-06-24,T0036,P014,6,preventa
2026-06-24,T0036,P015,3,preventa
2026-06-24,T0036,P016,3,preventa
2026-06-24,T0036,P017,0,preventa
2026-06-24,T0036,P018,1,preventa
2026-06-24,T0036,P019,0,preventa
2026-06-24,T0036,P020,2,preventa
2026-06-24,T0038,P001,3,preventa
2026-06-24,T0038,P002,0,preventa
2026-06-24,T0038,P003,16,preventa
2026-06-24,T0038,P004,13,preventa
2026-06-24,T0038,P005,1,preventa
2026-06-24,T0038,P006,0,preventa
2026-06-24,T0038,P007,0,preventa
2026-06-24,T0038,P008,2,preventa
2026-06-24,T0038,P009,3,preventa
2026-06-24,T0038,P010,11,preventa
2026-06-24,T0038,P011,2,preventa
2026-06-24,T0038,P012,1,preventa
2026-06-24,T0038,P013,2,preventa
2026-06-24,T0038,P014,9,preventa
2026-06-24,T0038,P015,5,preventa
2026-06-24,T0038,P016,1,preventa
2026-06-24,T0038,P017,4,preventa
2026-06-24,T0038,P018,4,preventa
2026-06-24,T0038,P019,14,preventa
2026-06-24,T0038,P020,1,preventa
2026-06-24,T0039,P001,1,preventa
2026-06-24,T0039,P002,10,preventa
2026-06-24,T0039,P003,13,preventa
2026-06-24,T0039,P004,23,preventa
2026-06-24,T0039,P005,19,preventa
2026-06-24,T0039,P006,20,preventa
2026-06-24,T0039,P007,20,preventa
2026-06-24,T0039,P008,7,preventa
2026-06-24,T0039,P009,8,preventa
2026-06-24,T0039,P010,16,preventa
2026-06-24,T0039,P011,14,preventa
2026-06-24,T0039,P012,7,preventa
2026-06-24,T0039,P013,1,preventa
2026-06-24,T0039,P014,8,preventa
2026-06-24,T0039,P015,0,preventa
2026-06-24,T0039,P016,23,preventa
2026-06-24,T0039,P017,7,preventa
2026-06-24,T0039,P018,3,preventa
2026-06-24,T0039,P019,21,preventa
2026-06-24,T0039,P020,0,preventa
2026-06-25,T0001,P001,0,portal
2026-06-25,T0001,P002,9,portal
2026-06-25,T0001,P003,22,portal
2026-06-25,T0001,P004,16,portal
2026-06-25,T0001,P005,19,portal
2026-06-25,T0001,P006,19,portal
2026-06-25,T0001,P007,12,portal
2026-06-25,T0001,P008,0,portal
2026-06-25,T0001,P009,0,portal
2026-06-25,T0001,P010,3,portal
2026-06-25,T0001,P011,19,portal
2026-06-25,T0001,P012,13,portal
2026-06-25,T0001,P013,2,portal
2026-06-25,T0001,P014,11,portal
2026-06-25,T0001,P015,5,portal
2026-06-25,T0001,P016,24,portal
2026-06-25,T0001,P017,0,portal
2026-06-25,T0001,P018,0,portal
2026-06-25,T0001,P019,17,portal
2026-06-25,T0001,P020,5,portal
2026-06-25,T0002,P001,4,portal
2026-06-25,T0002,P002,18,portal
2026-06-25,T0002,P003,36,portal
2026-06-25,T0002,P004,42,portal
2026-06-25,T0002,P005,0,portal
2026-06-25,T0002,P006,0,portal
2026-06-25,T0002,P007,9,portal
2026-06-25,T0002,P008,2,portal
2026-06-25,T0002,P009,8,portal
2026-06-25,T0002,P010,35,portal
2026-06-25,T0002,P011,0,portal
2026-06-25,T0002,P012,22,portal
2026-06-25,T0002,P013,8,portal
2026-06-25,T0002,P014,7,portal
2026-06-25,T0002,P015,4,portal
2026-06-25,T0002,P016,6,portal
2026-06-25,T0002,P017,0,portal
2026-06-25,T0002,P018,6,portal
2026-06-25,T0002,P019,29,portal
2026-06-25,T0002,P020,7,portal
2026-06-25,T0003,P001,0,portal
2026-06-25,T0003,P002,11,portal
2026-06-25,T0003,P003,24,portal
2026-06-25,T0003,P004,1,portal
2026-06-25,T0003,P005,0,portal
2026-06-25,T0003,P006,0,portal
2026-06-25,T0003,P007,20,portal
2026-06-25,T0003,P008,14,portal
2026-06-25,T0003,P009,3,portal
2026-06-25,T0003,P010,17,portal
2026-06-25,T0003,P011,2,portal
2026-06-25,T0003,P012,8,portal
2026-06-25,T0003,P013,0,portal
2026-06-25,T0003,P014,17,portal
2026-06-25,T0003,P015,0,portal
2026-06-25,T0003,P016,12,portal
2026-06-25,T0003,P017,7,portal
2026-06-25,T0003,P018,2,portal
2026-06-25,T0003,P019,1,portal
2026-06-25,T0003,P020,0,portal
2026-06-25,T0004,P001,0,portal
2026-06-25,T0004,P002,0,portal
2026-06-25,T0004,P003,0,portal
2026-06-25,T0004,P004,0,portal
2026-06-25,T0004,P005,14,portal
2026-06-25,T0004,P006,0,portal
2026-06-25,T0004,P007,0,portal
2026-06-25,T0004,P008,1,portal
2026-06-25,T0004,P009,0,portal
2026-06-25,T0004,P010,17,portal
2026-06-25,T0004,P011,0,portal
2026-06-25,T0004,P012,13,portal
2026-06-25,T0004,P013,3,portal
2026-06-25,T0004,P014,14,portal
2026-06-25,T0004,P015,4,portal
2026-06-25,T0004,P016,25,portal
2026-06-25,T0004,P017,0,portal
2026-06-25,T0004,P018,2,portal
2026-06-25,T0004,P019,13,portal
2026-06-25,T0004,P020,4,portal
2026-06-25,T0005,P001,0,portal
2026-06-25,T0005,P002,12,portal
2026-06-25,T0005,P003,22,portal
2026-06-25,T0005,P004,20,portal
2026-06-25,T0005,P005,17,portal
2026-06-25,T0005,P006,4,portal
2026-06-25,T0005,P007,2,portal
2026-06-25,T0005,P008,13,portal
2026-06-25,T0005,P009,0,portal
2026-06-25,T0005,P010,0,portal
2026-06-25,T0005,P011,9,portal
2026-06-25,T0005,P012,3,portal
2026-06-25,T0005,P013,0,portal
2026-06-25,T0005,P014,14,portal
2026-06-25,T0005,P015,7,portal
2026-06-25,T0005,P016,0,portal
2026-06-25,T0005,P017,3,portal
2026-06-25,T0005,P018,4,portal
2026-06-25,T0005,P019,15,portal
2026-06-25,T0005,P020,5,portal
2026-06-25,T0006,P001,3,portal
2026-06-25,T0006,P002,1,portal
2026-06-25,T0006,P003,0,portal
2026-06-25,T0006,P004,55,portal
2026-06-25,T0006,P005,46,portal
2026-06-25,T0006,P006,58,portal
2026-06-25,T0006,P007,51,portal
2026-06-25,T0006,P008,0,portal
2026-06-25,T0006,P009,11,portal
2026-06-25,T0006,P010,46,portal
2026-06-25,T0006,P011,0,portal
2026-06-25,T0006,P012,26,portal
2026-06-25,T0006,P013,9,portal
2026-06-25,T0006,P014,43,portal
2026-06-25,T0006,P015,16,portal
2026-06-25,T0006,P016,0,portal
2026-06-25,T0006,P017,18,portal
2026-06-25,T0006,P018,9,portal
2026-06-25,T0006,P019,52,portal
2026-06-25,T0006,P020,0,portal
2026-06-25,T0007,P001,0,portal
2026-06-25,T0007,P002,13,portal
2026-06-25,T0007,P003,37,portal
2026-06-25,T0007,P004,30,portal
2026-06-25,T0007,P005,27,portal
2026-06-25,T0007,P006,39,portal
2026-06-25,T0007,P007,4,portal
2026-06-25,T0007,P008,8,portal
2026-06-25,T0007,P009,12,portal
2026-06-25,T0007,P010,6,portal
2026-06-25,T0007,P011,19,portal
2026-06-25,T0007,P012,1,portal
2026-06-25,T0007,P013,0,portal
2026-06-25,T0007,P014,1,portal
2026-06-25,T0007,P015,14,portal
2026-06-25,T0007,P016,44,portal
2026-06-25,T0007,P017,13,portal
2026-06-25,T0007,P018,6,portal
2026-06-25,T0007,P019,32,portal
2026-06-25,T0007,P020,5,portal
2026-06-25,T0008,P001,5,portal
2026-06-25,T0008,P002,29,portal
2026-06-25,T0008,P003,68,portal
2026-06-25,T0008,P004,53,portal
2026-06-25,T0008,P005,41,portal
2026-06-25,T0008,P006,0,portal
2026-06-25,T0008,P007,58,portal
2026-06-25,T0008,P008,39,portal
2026-06-25,T0008,P009,19,portal
2026-06-25,T0008,P010,47,portal
2026-06-25,T0008,P011,0,portal
2026-06-25,T0008,P012,24,portal
2026-06-25,T0008,P013,4,portal
2026-06-25,T0008,P014,10,portal
2026-06-25,T0008,P015,12,portal
2026-06-25,T0008,P016,0,portal
2026-06-25,T0008,P017,20,portal
2026-06-25,T0008,P018,0,portal
2026-06-25,T0008,P019,54,portal
2026-06-25,T0008,P020,1,portal
2026-06-25,T0009,P001,5,portal
2026-06-25,T0009,P002,14,portal
2026-06-25,T0009,P003,7,portal
2026-06-25,T0009,P004,38,portal
2026-06-25,T0009,P005,26,portal
2026-06-25,T0009,P006,0,portal
2026-06-25,T0009,P007,3,portal
2026-06-25,T0009,P008,27,portal
2026-06-25,T0009,P009,19,portal
2026-06-25,T0009,P010,0,portal
2026-06-25,T0009,P011,3,portal
2026-06-25,T0009,P012,22,portal
2026-06-25,T0009,P013,9,portal
2026-06-25,T0009,P014,33,portal
2026-06-25,T0009,P015,14,portal
2026-06-25,T0009,P016,50,portal
2026-06-25,T0009,P017,2,portal
2026-06-25,T0009,P018,7,portal
2026-06-25,T0009,P019,8,portal
2026-06-25,T0009,P020,0,portal
2026-06-25,T0010,P001,2,portal
2026-06-25,T0010,P002,16,portal
2026-06-25,T0010,P003,2,portal
2026-06-25,T0010,P004,23,portal
2026-06-25,T0010,P005,24,portal
2026-06-25,T0010,P006,23,portal
2026-06-25,T0010,P007,25,portal
2026-06-25,T0010,P008,16,portal
2026-06-25,T0010,P009,12,portal
2026-06-25,T0010,P010,20,portal
2026-06-25,T0010,P011,21,portal
2026-06-25,T0010,P012,12,portal
2026-06-25,T0010,P013,0,portal
2026-06-25,T0010,P014,13,portal
2026-06-25,T0010,P015,0,portal
2026-06-25,T0010,P016,30,portal
2026-06-25,T0010,P017,6,portal
2026-06-25,T0010,P018,1,portal
2026-06-25,T0010,P019,24,portal
2026-06-25,T0010,P020,0,portal
2026-06-25,T0011,P001,4,portal
2026-06-25,T0011,P002,9,portal
2026-06-25,T0011,P003,19,portal
2026-06-25,T0011,P004,11,portal
2026-06-25,T0011,P005,0,portal
2026-06-25,T0011,P006,4,portal
2026-06-25,T0011,P007,14,portal
2026-06-25,T0011,P008,0,portal
2026-06-25,T0011,P009,6,portal
2026-06-25,T0011,P010,0,portal
2026-06-25,T0011,P011,11,portal
2026-06-25,T0011,P012,3,portal
2026-06-25,T0011,P013,1,portal
2026-06-25,T0011,P014,13,portal
2026-06-25,T0011,P015,5,portal
2026-06-25,T0011,P016,4,portal
2026-06-25,T0011,P017,0,portal
2026-06-25,T0011,P018,2,portal
2026-06-25,T0011,P019,0,portal
2026-06-25,T0011,P020,0,portal
2026-06-25,T0012,P001,4,portal
2026-06-25,T0012,P002,7,portal
2026-06-25,T0012,P003,17,portal
2026-06-25,T0012,P004,11,portal
2026-06-25,T0012,P005,8,portal
2026-06-25,T0012,P006,18,portal
2026-06-25,T0012,P007,10,portal
2026-06-25,T0012,P008,0,portal
2026-06-25,T0012,P009,6,portal
2026-06-25,T0012,P010,5,portal
2026-06-25,T0012,P011,11,portal
2026-06-25,T0012,P012,5,portal
2026-06-25,T0012,P013,1,portal
2026-06-25,T0012,P014,0,portal
2026-06-25,T0012,P015,6,portal
2026-06-25,T0012,P016,15,portal
2026-06-25,T0012,P017,2,portal
2026-06-25,T0012,P018,2,portal
2026-06-25,T0012,P019,11,portal
2026-06-25,T0012,P020,1,portal
2026-06-25,T0013,P001,3,portal
2026-06-25,T0013,P002,6,portal
2026-06-25,T0013,P003,26,portal
2026-06-25,T0013,P004,27,portal
2026-06-25,T0013,P005,22,portal
2026-06-25,T0013,P006,0,portal
2026-06-25,T0013,P007,0,portal
2026-06-25,T0013,P008,15,portal
2026-06-25,T0013,P009,9,portal
2026-06-25,T0013,P010,13,portal
2026-06-25,T0013,P011,21,portal
2026-06-25,T0013,P012,12,portal
2026-06-25,T0013,P013,2,portal
2026-06-25,T0013,P014,1,portal
2026-06-25,T0013,P015,4,portal
2026-06-25,T0013,P016,30,portal
2026-06-25,T0013,P017,9,portal
2026-06-25,T0013,P018,1,portal
2026-06-25,T0013,P019,29,portal
2026-06-25,T0013,P020,0,portal
2026-06-25,T0014,P001,3,portal
2026-06-25,T0014,P002,2,portal
2026-06-25,T0014,P003,0,portal
2026-06-25,T0014,P004,3,portal
2026-06-25,T0014,P005,4,portal
2026-06-25,T0014,P006,25,portal
2026-06-25,T0014,P007,5,portal
2026-06-25,T0014,P008,0,portal
2026-06-25,T0014,P009,0,portal
2026-06-25,T0014,P010,0,portal
2026-06-25,T0014,P011,22,portal
2026-06-25,T0014,P012,1,portal
2026-06-25,T0014,P013,3,portal
2026-06-25,T0014,P014,0,portal
2026-06-25,T0014,P015,9,portal
2026-06-25,T0014,P016,1,portal
2026-06-25,T0014,P017,6,portal
2026-06-25,T0014,P018,1,portal
2026-06-25,T0014,P019,3,portal
2026-06-25,T0014,P020,5,portal
2026-06-25,T0018,P001,2,preventa
2026-06-25,T0018,P002,3,preventa
2026-06-25,T0018,P003,2,preventa
2026-06-25,T0018,P004,14,preventa
2026-06-25,T0018,P005,0,preventa
2026-06-25,T0018,P006,5,preventa
2026-06-25,T0018,P007,0,preventa
2026-06-25,T0018,P008,8,preventa
2026-06-25,T0018,P009,3,preventa
2026-06-25,T0018,P010,0,preventa
2026-06-25,T0018,P011,0,preventa
2026-06-25,T0018,P012,5,preventa
2026-06-25,T0018,P013,4,preventa
2026-06-25,T0018,P014,4,preventa
2026-06-25,T0018,P015,4,preventa
2026-06-25,T0018,P016,12,preventa
2026-06-25,T0018,P017,4,preventa
2026-06-25,T0018,P018,1,preventa
2026-06-25,T0018,P019,11,preventa
2026-06-25,T0018,P020,0,preventa
2026-06-25,T0019,P001,0,preventa
2026-06-25,T0019,P002,3,preventa
2026-06-25,T0019,P003,4,preventa
2026-06-25,T0019,P004,17,preventa
2026-06-25,T0019,P005,12,preventa
2026-06-25,T0019,P006,14,preventa
2026-06-25,T0019,P007,6,preventa
2026-06-25,T0019,P008,1,preventa
2026-06-25,T0019,P009,9,preventa
2026-06-25,T0019,P010,20,preventa
2026-06-25,T0019,P011,0,preventa
2026-06-25,T0019,P012,10,preventa
2026-06-25,T0019,P013,0,preventa
2026-06-25,T0019,P014,12,preventa
2026-06-25,T0019,P015,7,preventa
2026-06-25,T0019,P016,2,preventa
2026-06-25,T0019,P017,1,preventa
2026-06-25,T0019,P018,0,preventa
2026-06-25,T0019,P019,14,preventa
2026-06-25,T0019,P020,2,preventa
2026-06-25,T0031,P001,3,preventa
2026-06-25,T0031,P002,6,preventa
2026-06-25,T0031,P003,14,preventa
2026-06-25,T0031,P004,18,preventa
2026-06-25,T0031,P005,16,preventa
2026-06-25,T0031,P006,0,preventa
2026-06-25,T0031,P007,16,preventa
2026-06-25,T0031,P008,0,preventa
2026-06-25,T0031,P009,2,preventa
2026-06-25,T0031,P010,11,preventa
2026-06-25,T0031,P011,4,preventa
2026-06-25,T0031,P012,9,preventa
2026-06-25,T0031,P013,3,preventa
2026-06-25,T0031,P014,3,preventa
2026-06-25,T0031,P015,6,preventa
2026-06-25,T0031,P016,1,preventa
2026-06-25,T0031,P017,3,preventa
2026-06-25,T0031,P018,3,preventa
2026-06-25,T0031,P019,19,preventa
2026-06-25,T0031,P020,4,preventa
2026-06-25,T0032,P001,2,preventa
2026-06-25,T0032,P002,9,preventa
2026-06-25,T0032,P003,23,preventa
2026-06-25,T0032,P004,21,preventa
2026-06-25,T0032,P005,12,preventa
2026-06-25,T0032,P006,11,preventa
2026-06-25,T0032,P007,9,preventa
2026-06-25,T0032,P008,0,preventa
2026-06-25,T0032,P009,2,preventa
2026-06-25,T0032,P010,10,preventa
2026-06-25,T0032,P011,0,preventa
2026-06-25,T0032,P012,0,preventa
2026-06-25,T0032,P013,1,preventa
2026-06-25,T0032,P014,16,preventa
2026-06-25,T0032,P015,6,preventa
2026-06-25,T0032,P016,20,preventa
2026-06-25,T0032,P017,7,preventa
2026-06-25,T0032,P018,5,preventa
2026-06-25,T0032,P019,9,preventa
2026-06-25,T0032,P020,1,preventa
2026-06-25,T0033,P001,2,preventa
2026-06-25,T0033,P002,0,preventa
2026-06-25,T0033,P003,5,preventa
2026-06-25,T0033,P004,0,preventa
2026-06-25,T0033,P005,4,preventa
2026-06-25,T0033,P006,5,preventa
2026-06-25,T0033,P007,8,preventa
2026-06-25,T0033,P008,3,preventa
2026-06-25,T0033,P009,1,preventa
2026-06-25,T0033,P010,0,preventa
2026-06-25,T0033,P011,5,preventa
2026-06-25,T0033,P012,0,preventa
2026-06-25,T0033,P013,0,preventa
2026-06-25,T0033,P014,2,preventa
2026-06-25,T0033,P015,2,preventa
2026-06-25,T0033,P016,4,preventa
2026-06-25,T0033,P017,2,preventa
2026-06-25,T0033,P018,3,preventa
2026-06-25,T0033,P019,0,preventa
2026-06-25,T0033,P020,4,preventa
2026-06-25,T0037,P001,1,preventa
2026-06-25,T0037,P002,0,preventa
2026-06-25,T0037,P003,13,preventa
2026-06-25,T0037,P004,0,preventa
2026-06-25,T0037,P005,11,preventa
2026-06-25,T0037,P006,7,preventa
2026-06-25,T0037,P007,13,preventa
2026-06-25,T0037,P008,5,preventa
2026-06-25,T0037,P009,1,preventa
2026-06-25,T0037,P010,11,preventa
2026-06-25,T0037,P011,10,preventa
2026-06-25,T0037,P012,4,preventa
2026-06-25,T0037,P013,3,preventa
2026-06-25,T0037,P014,7,preventa
2026-06-25,T0037,P015,0,preventa
2026-06-25,T0037,P016,0,preventa
2026-06-25,T0037,P017,3,preventa
2026-06-25,T0037,P018,4,preventa
2026-06-25,T0037,P019,6,preventa
2026-06-25,T0037,P020,1,preventa
2026-06-26,T0001,P001,0,portal
2026-06-26,T0001,P002,9,portal
2026-06-26,T0001,P003,16,portal
2026-06-26,T0001,P004,13,portal
2026-06-26,T0001,P005,17,portal
2026-06-26,T0001,P006,16,portal
2026-06-26,T0001,P007,10,portal
2026-06-26,T0001,P008,0,portal
2026-06-26,T0001,P009,0,portal
2026-06-26,T0001,P010,3,portal
2026-06-26,T0001,P011,15,portal
2026-06-26,T0001,P012,12,portal
2026-06-26,T0001,P013,1,portal
2026-06-26,T0001,P014,7,portal
2026-06-26,T0001,P015,4,portal
2026-06-26,T0001,P016,20,portal
2026-06-26,T0001,P017,0,portal
2026-06-26,T0001,P018,0,portal
2026-06-26,T0001,P019,13,portal
2026-06-26,T0001,P020,5,portal
2026-06-26,T0002,P001,4,portal
2026-06-26,T0002,P002,16,portal
2026-06-26,T0002,P003,25,portal
2026-06-26,T0002,P004,38,portal
2026-06-26,T0002,P005,0,portal
2026-06-26,T0002,P006,0,portal
2026-06-26,T0002,P007,5,portal
2026-06-26,T0002,P008,0,portal
2026-06-26,T0002,P009,6,portal
2026-06-26,T0002,P010,26,portal
2026-06-26,T0002,P011,0,portal
2026-06-26,T0002,P012,20,portal
2026-06-26,T0002,P013,8,portal
2026-06-26,T0002,P014,2,portal
2026-06-26,T0002,P015,0,portal
2026-06-26,T0002,P016,0,portal
2026-06-26,T0002,P017,0,portal
2026-06-26,T0002,P018,5,portal
2026-06-26,T0002,P019,24,portal
2026-06-26,T0002,P020,5,portal
2026-06-26,T0003,P001,0,portal
2026-06-26,T0003,P002,6,portal
2026-06-26,T0003,P003,23,portal
2026-06-26,T0003,P004,0,portal
2026-06-26,T0003,P005,0,portal
2026-06-26,T0003,P006,0,portal
2026-06-26,T0003,P007,16,portal
2026-06-26,T0003,P008,11,portal
2026-06-26,T0003,P009,2,portal
2026-06-26,T0003,P010,16,portal
2026-06-26,T0003,P011,0,portal
2026-06-26,T0003,P012,6,portal
2026-06-26,T0003,P013,0,portal
2026-06-26,T0003,P014,15,portal
2026-06-26,T0003,P015,0,portal
2026-06-26,T0003,P016,9,portal
2026-06-26,T0003,P017,6,portal
2026-06-26,T0003,P018,2,portal
2026-06-26,T0003,P019,0,portal
2026-06-26,T0003,P020,0,portal
2026-06-26,T0004,P001,0,portal
2026-06-26,T0004,P002,0,portal
2026-06-26,T0004,P003,0,portal
2026-06-26,T0004,P004,0,portal
2026-06-26,T0004,P005,13,portal
2026-06-26,T0004,P006,0,portal
2026-06-26,T0004,P007,0,portal
2026-06-26,T0004,P008,1,portal
2026-06-26,T0004,P009,0,portal
2026-06-26,T0004,P010,15,portal
2026-06-26,T0004,P011,0,portal
2026-06-26,T0004,P012,11,portal
2026-06-26,T0004,P013,1,portal
2026-06-26,T0004,P014,10,portal
2026-06-26,T0004,P015,2,portal
2026-06-26,T0004,P016,20,portal
2026-06-26,T0004,P017,0,portal
2026-06-26,T0004,P018,1,portal
2026-06-26,T0004,P019,5,portal
2026-06-26,T0004,P020,1,portal
2026-06-26,T0005,P001,0,portal
2026-06-26,T0005,P002,12,portal
2026-06-26,T0005,P003,15,portal
2026-06-26,T0005,P004,16,portal
2026-06-26,T0005,P005,13,portal
2026-06-26,T0005,P006,1,portal
2026-06-26,T0005,P007,0,portal
2026-06-26,T0005,P008,10,portal
2026-06-26,T0005,P009,0,portal
2026-06-26,T0005,P010,0,portal
2026-06-26,T0005,P011,8,portal
2026-06-26,T0005,P012,3,portal
2026-06-26,T0005,P013,0,portal
2026-06-26,T0005,P014,8,portal
2026-06-26,T0005,P015,7,portal
2026-06-26,T0005,P016,0,portal
2026-06-26,T0005,P017,2,portal
2026-06-26,T0005,P018,2,portal
2026-06-26,T0005,P019,13,portal
2026-06-26,T0005,P020,5,portal
2026-06-26,T0006,P001,1,portal
2026-06-26,T0006,P002,0,portal
2026-06-26,T0006,P003,0,portal
2026-06-26,T0006,P004,48,portal
2026-06-26,T0006,P005,38,portal
2026-06-26,T0006,P006,54,portal
2026-06-26,T0006,P007,40,portal
2026-06-26,T0006,P008,0,portal
2026-06-26,T0006,P009,2,portal
2026-06-26,T0006,P010,37,portal
2026-06-26,T0006,P011,0,portal
2026-06-26,T0006,P012,23,portal
2026-06-26,T0006,P013,8,portal
2026-06-26,T0006,P014,29,portal
2026-06-26,T0006,P015,12,portal
2026-06-26,T0006,P016,0,portal
2026-06-26,T0006,P017,16,portal
2026-06-26,T0006,P018,5,portal
2026-06-26,T0006,P019,46,portal
2026-06-26,T0006,P020,0,portal
2026-06-26,T0007,P001,0,portal
2026-06-26,T0007,P002,11,portal
2026-06-26,T0007,P003,32,portal
2026-06-26,T0007,P004,22,portal
2026-06-26,T0007,P005,18,portal
2026-06-26,T0007,P006,33,portal
2026-06-26,T0007,P007,0,portal
2026-06-26,T0007,P008,0,portal
2026-06-26,T0007,P009,11,portal
2026-06-26,T0007,P010,0,portal
2026-06-26,T0007,P011,15,portal
2026-06-26,T0007,P012,0,portal
2026-06-26,T0007,P013,0,portal
2026-06-26,T0007,P014,0,portal
2026-06-26,T0007,P015,14,portal
2026-06-26,T0007,P016,38,portal
2026-06-26,T0007,P017,12,portal
2026-06-26,T0007,P018,4,portal
2026-06-26,T0007,P019,25,portal
2026-06-26,T0007,P020,4,portal
2026-06-26,T0008,P001,5,portal
2026-06-26,T0008,P002,24,portal
2026-06-26,T0008,P003,47,portal
2026-06-26,T0008,P004,40,portal
2026-06-26,T0008,P005,32,portal
2026-06-26,T0008,P006,0,portal
2026-06-26,T0008,P007,49,portal
2026-06-26,T0008,P008,36,portal
2026-06-26,T0008,P009,19,portal
2026-06-26,T0008,P010,34,portal
2026-06-26,T0008,P011,0,portal
2026-06-26,T0008,P012,18,portal
2026-06-26,T0008,P013,2,portal
2026-06-26,T0008,P014,4,portal
2026-06-26,T0008,P015,8,portal
2026-06-26,T0008,P016,0,portal
2026-06-26,T0008,P017,17,portal
2026-06-26,T0008,P018,0,portal
2026-06-26,T0008,P019,42,portal
2026-06-26,T0008,P020,0,portal
2026-06-26,T0009,P001,5,portal
2026-06-26,T0009,P002,11,portal
2026-06-26,T0009,P003,0,portal
2026-06-26,T0009,P004,32,portal
2026-06-26,T0009,P005,19,portal
2026-06-26,T0009,P006,0,portal
2026-06-26,T0009,P007,0,portal
2026-06-26,T0009,P008,21,portal
2026-06-26,T0009,P009,17,portal
2026-06-26,T0009,P010,0,portal
2026-06-26,T0009,P011,0,portal
2026-06-26,T0009,P012,19,portal
2026-06-26,T0009,P013,9,portal
2026-06-26,T0009,P014,27,portal
2026-06-26,T0009,P015,11,portal
2026-06-26,T0009,P016,45,portal
2026-06-26,T0009,P017,0,portal
2026-06-26,T0009,P018,4,portal
2026-06-26,T0009,P019,3,portal
2026-06-26,T0009,P020,0,portal
2026-06-26,T0010,P001,2,portal
2026-06-26,T0010,P002,14,portal
2026-06-26,T0010,P003,0,portal
2026-06-26,T0010,P004,18,portal
2026-06-26,T0010,P005,23,portal
2026-06-26,T0010,P006,20,portal
2026-06-26,T0010,P007,20,portal
2026-06-26,T0010,P008,12,portal
2026-06-26,T0010,P009,11,portal
2026-06-26,T0010,P010,15,portal
2026-06-26,T0010,P011,17,portal
2026-06-26,T0010,P012,9,portal
2026-06-26,T0010,P013,0,portal
2026-06-26,T0010,P014,10,portal
2026-06-26,T0010,P015,0,portal
2026-06-26,T0010,P016,25,portal
2026-06-26,T0010,P017,3,portal
2026-06-26,T0010,P018,0,portal
2026-06-26,T0010,P019,17,portal
2026-06-26,T0010,P020,0,portal
2026-06-26,T0011,P001,4,portal
2026-06-26,T0011,P002,7,portal
2026-06-26,T0011,P003,17,portal
2026-06-26,T0011,P004,8,portal
2026-06-26,T0011,P005,0,portal
2026-06-26,T0011,P006,1,portal
2026-06-26,T0011,P007,14,portal
2026-06-26,T0011,P008,0,portal
2026-06-26,T0011,P009,6,portal
2026-06-26,T0011,P010,0,portal
2026-06-26,T0011,P011,9,portal
2026-06-26,T0011,P012,1,portal
2026-06-26,T0011,P013,0,portal
2026-06-26,T0011,P014,8,portal
2026-06-26,T0011,P015,3,portal
2026-06-26,T0011,P016,2,portal
2026-06-26,T0011,P017,0,portal
2026-06-26,T0011,P018,0,portal
2026-06-26,T0011,P019,0,portal
2026-06-26,T0011,P020,0,portal
2026-06-26,T0012,P001,4,portal
2026-06-26,T0012,P002,5,portal
2026-06-26,T0012,P003,13,portal
2026-06-26,T0012,P004,10,portal
2026-06-26,T0012,P005,5,portal
2026-06-26,T0012,P006,15,portal
2026-06-26,T0012,P007,8,portal
2026-06-26,T0012,P008,0,portal
2026-06-26,T0012,P009,5,portal
2026-06-26,T0012,P010,2,portal
2026-06-26,T0012,P011,11,portal
2026-06-26,T0012,P012,4,portal
2026-06-26,T0012,P013,1,portal
2026-06-26,T0012,P014,0,portal
2026-06-26,T0012,P015,5,portal
2026-06-26,T0012,P016,13,portal
2026-06-26,T0012,P017,2,portal
2026-06-26,T0012,P018,1,portal
2026-06-26,T0012,P019,7,portal
2026-06-26,T0012,P020,0,portal
2026-06-26,T0013,P001,3,portal
2026-06-26,T0013,P002,6,portal
2026-06-26,T0013,P003,26,portal
2026-06-26,T0013,P004,21,portal
2026-06-26,T0013,P005,17,portal
2026-06-26,T0013,P006,0,portal
2026-06-26,T0013,P007,0,portal
2026-06-26,T0013,P008,13,portal
2026-06-26,T0013,P009,3,portal
2026-06-26,T0013,P010,8,portal
2026-06-26,T0013,P011,16,portal
2026-06-26,T0013,P012,10,portal
2026-06-26,T0013,P013,2,portal
2026-06-26,T0013,P014,0,portal
2026-06-26,T0013,P015,2,portal
2026-06-26,T0013,P016,25,portal
2026-06-26,T0013,P017,7,portal
2026-06-26,T0013,P018,0,portal
2026-06-26,T0013,P019,24,portal
2026-06-26,T0013,P020,0,portal
2026-06-26,T0014,P001,3,portal
2026-06-26,T0014,P002,0,portal
2026-06-26,T0014,P003,0,portal
2026-06-26,T0014,P004,2,portal
2026-06-26,T0014,P005,1,portal
2026-06-26,T0014,P006,22,portal
2026-06-26,T0014,P007,5,portal
2026-06-26,T0014,P008,0,portal
2026-06-26,T0014,P009,0,portal
2026-06-26,T0014,P010,0,portal
2026-06-26,T0014,P011,21,portal
2026-06-26,T0014,P012,0,portal
2026-06-26,T0014,P013,2,portal
2026-06-26,T0014,P014,0,portal
2026-06-26,T0014,P015,9,portal
2026-06-26,T0014,P016,0,portal
2026-06-26,T0014,P017,3,portal
2026-06-26,T0014,P018,0,portal
2026-06-26,T0014,P019,0,portal
2026-06-26,T0014,P020,5,portal
2026-06-26,T0017,P001,1,preventa
2026-06-26,T0017,P002,11,preventa
2026-06-26,T0017,P003,18,preventa
2026-06-26,T0017,P004,0,preventa
2026-06-26,T0017,P005,0,preventa
2026-06-26,T0017,P006,19,preventa
2026-06-26,T0017,P007,12,preventa
2026-06-26,T0017,P008,7,preventa
2026-06-26,T0017,P009,0,preventa
2026-06-26,T0017,P010,14,preventa
2026-06-26,T0017,P011,13,preventa
2026-06-26,T0017,P012,6,preventa
2026-06-26,T0017,P013,1,preventa
2026-06-26,T0017,P014,0,preventa
2026-06-26,T0017,P015,0,preventa
2026-06-26,T0017,P016,0,preventa
2026-06-26,T0017,P017,6,preventa
2026-06-26,T0017,P018,0,preventa
2026-06-26,T0017,P019,0,preventa
2026-06-26,T0017,P020,1,preventa
2026-06-26,T0028,P001,0,preventa
2026-06-26,T0028,P002,7,preventa
2026-06-26,T0028,P003,14,preventa
2026-06-26,T0028,P004,4,preventa
2026-06-26,T0028,P005,4,preventa
2026-06-26,T0028,P006,10,preventa
2026-06-26,T0028,P007,0,preventa
2026-06-26,T0028,P008,3,preventa
2026-06-26,T0028,P009,3,preventa
2026-06-26,T0028,P010,6,preventa
2026-06-26,T0028,P011,0,preventa
2026-06-26,T0028,P012,5,preventa
2026-06-26,T0028,P013,1,preventa
2026-06-26,T0028,P014,0,preventa
2026-06-26,T0028,P015,0,preventa
2026-06-26,T0028,P016,7,preventa
2026-06-26,T0028,P017,0,preventa
2026-06-26,T0028,P018,2,preventa
2026-06-26,T0028,P019,0,preventa
2026-06-26,T0028,P020,1,preventa
2026-06-26,T0035,P001,0,preventa
2026-06-26,T0035,P002,0,preventa
2026-06-26,T0035,P003,5,preventa
2026-06-26,T0035,P004,0,preventa
2026-06-26,T0035,P005,2,preventa
2026-06-26,T0035,P006,0,preventa
2026-06-26,T0035,P007,0,preventa
2026-06-26,T0035,P008,0,preventa
2026-06-26,T0035,P009,3,preventa
2026-06-26,T0035,P010,0,preventa
2026-06-26,T0035,P011,2,preventa
2026-06-26,T0035,P012,0,preventa
2026-06-26,T0035,P013,2,preventa
2026-06-26,T0035,P014,4,preventa
2026-06-26,T0035,P015,4,preventa
2026-06-26,T0035,P016,5,preventa
2026-06-26,T0035,P017,3,preventa
2026-06-26,T0035,P018,2,preventa
2026-06-26,T0035,P019,6,preventa
2026-06-26,T0035,P020,4,preventa
2026-06-27,T0001,P001,0,portal
2026-06-27,T0001,P002,7,portal
2026-06-27,T0001,P003,8,portal
2026-06-27,T0001,P004,8,portal
2026-06-27,T0001,P005,16,portal
2026-06-27,T0001,P006,14,portal
2026-06-27,T0001,P007,8,portal
2026-06-27,T0001,P008,0,portal
2026-06-27,T0001,P009,0,portal
2026-06-27,T0001,P010,1,portal
2026-06-27,T0001,P011,15,portal
2026-06-27,T0001,P012,11,portal
2026-06-27,T0001,P013,1,portal
2026-06-27,T0001,P014,7,portal
2026-06-27,T0001,P015,3,portal
2026-06-27,T0001,P016,17,portal
2026-06-27,T0001,P017,0,portal
2026-06-27,T0001,P018,0,portal
2026-06-27,T0001,P019,11,portal
2026-06-27,T0001,P020,4,portal
2026-06-27,T0002,P001,3,portal
2026-06-27,T0002,P002,14,portal
2026-06-27,T0002,P003,20,portal
2026-06-27,T0002,P004,32,portal
2026-06-27,T0002,P005,0,portal
2026-06-27,T0002,P006,0,portal
2026-06-27,T0002,P007,0,portal
2026-06-27,T0002,P008,0,portal
2026-06-27,T0002,P009,1,portal
2026-06-27,T0002,P010,19,portal
2026-06-27,T0002,P011,0,portal
2026-06-27,T0002,P012,18,portal
2026-06-27,T0002,P013,7,portal
2026-06-27,T0002,P014,0,portal
2026-06-27,T0002,P015,0,portal
2026-06-27,T0002,P016,0,portal
2026-06-27,T0002,P017,0,portal
2026-06-27,T0002,P018,4,portal
2026-06-27,T0002,P019,15,portal
2026-06-27,T0002,P020,4,portal
2026-06-27,T0003,P001,0,portal
2026-06-27,T0003,P002,4,portal
2026-06-27,T0003,P003,19,portal
2026-06-27,T0003,P004,0,portal
2026-06-27,T0003,P005,0,portal
2026-06-27,T0003,P006,0,portal
2026-06-27,T0003,P007,14,portal
2026-06-27,T0003,P008,8,portal
2026-06-27,T0003,P009,0,portal
2026-06-27,T0003,P010,13,portal
2026-06-27,T0003,P011,0,portal
2026-06-27,T0003,P012,4,portal
2026-06-27,T0003,P013,0,portal
2026-06-27,T0003,P014,12,portal
2026-06-27,T0003,P015,0,portal
2026-06-27,T0003,P016,3,portal
2026-06-27,T0003,P017,5,portal
2026-06-27,T0003,P018,2,portal
2026-06-27,T0003,P019,0,portal
2026-06-27,T0003,P020,0,portal
2026-06-27,T0004,P001,0,portal
2026-06-27,T0004,P002,0,portal
2026-06-27,T0004,P003,0,portal
2026-06-27,T0004,P004,0,portal
2026-06-27,T0004,P005,9,portal
2026-06-27,T0004,P006,0,portal
2026-06-27,T0004,P007,0,portal
2026-06-27,T0004,P008,1,portal
2026-06-27,T0004,P009,0,portal
2026-06-27,T0004,P010,11,portal
2026-06-27,T0004,P011,0,portal
2026-06-27,T0004,P012,10,portal
2026-06-27,T0004,P013,1,portal
2026-06-27,T0004,P014,9,portal
2026-06-27,T0004,P015,0,portal
2026-06-27,T0004,P016,15,portal
2026-06-27,T0004,P017,0,portal
2026-06-27,T0004,P018,0,portal
2026-06-27,T0004,P019,4,portal
2026-06-27,T0004,P020,1,portal
2026-06-27,T0005,P001,0,portal
2026-06-27,T0005,P002,11,portal
2026-06-27,T0005,P003,8,portal
2026-06-27,T0005,P004,11,portal
2026-06-27,T0005,P005,12,portal
2026-06-27,T0005,P006,0,portal
2026-06-27,T0005,P007,0,portal
2026-06-27,T0005,P008,2,portal
2026-06-27,T0005,P009,0,portal
2026-06-27,T0005,P010,0,portal
2026-06-27,T0005,P011,4,portal
2026-06-27,T0005,P012,2,portal
2026-06-27,T0005,P013,0,portal
2026-06-27,T0005,P014,6,portal
2026-06-27,T0005,P015,6,portal
2026-06-27,T0005,P016,0,portal
2026-06-27,T0005,P017,0,portal
2026-06-27,T0005,P018,1,portal
2026-06-27,T0005,P019,12,portal
2026-06-27,T0005,P020,5,portal
2026-06-27,T0006,P001,0,portal
2026-06-27,T0006,P002,0,portal
2026-06-27,T0006,P003,0,portal
2026-06-27,T0006,P004,38,portal
2026-06-27,T0006,P005,23,portal
2026-06-27,T0006,P006,52,portal
2026-06-27,T0006,P007,31,portal
2026-06-27,T0006,P008,0,portal
2026-06-27,T0006,P009,0,portal
2026-06-27,T0006,P010,29,portal
2026-06-27,T0006,P011,0,portal
2026-06-27,T0006,P012,20,portal
2026-06-27,T0006,P013,6,portal
2026-06-27,T0006,P014,17,portal
2026-06-27,T0006,P015,6,portal
2026-06-27,T0006,P016,0,portal
2026-06-27,T0006,P017,9,portal
2026-06-27,T0006,P018,5,portal
2026-06-27,T0006,P019,34,portal
2026-06-27,T0006,P020,0,portal
2026-06-27,T0007,P001,0,portal
2026-06-27,T0007,P002,9,portal
2026-06-27,T0007,P003,26,portal
2026-06-27,T0007,P004,15,portal
2026-06-27,T0007,P005,13,portal
2026-06-27,T0007,P006,28,portal
2026-06-27,T0007,P007,0,portal
2026-06-27,T0007,P008,0,portal
2026-06-27,T0007,P009,9,portal
2026-06-27,T0007,P010,0,portal
2026-06-27,T0007,P011,14,portal
2026-06-27,T0007,P012,0,portal
2026-06-27,T0007,P013,0,portal
2026-06-27,T0007,P014,0,portal
2026-06-27,T0007,P015,12,portal
2026-06-27,T0007,P016,30,portal
2026-06-27,T0007,P017,10,portal
2026-06-27,T0007,P018,3,portal
2026-06-27,T0007,P019,21,portal
2026-06-27,T0007,P020,4,portal
2026-06-27,T0008,P001,5,portal
2026-06-27,T0008,P002,17,portal
2026-06-27,T0008,P003,34,portal
2026-06-27,T0008,P004,28,portal
2026-06-27,T0008,P005,18,portal
2026-06-27,T0008,P006,0,portal
2026-06-27,T0008,P007,39,portal
2026-06-27,T0008,P008,29,portal
2026-06-27,T0008,P009,15,portal
2026-06-27,T0008,P010,27,portal
2026-06-27,T0008,P011,0,portal
2026-06-27,T0008,P012,14,portal
2026-06-27,T0008,P013,2,portal
2026-06-27,T0008,P014,0,portal
2026-06-27,T0008,P015,6,portal
2026-06-27,T0008,P016,0,portal
2026-06-27,T0008,P017,10,portal
2026-06-27,T0008,P018,0,portal
2026-06-27,T0008,P019,30,portal
2026-06-27,T0008,P020,0,portal
2026-06-27,T0009,P001,3,portal
2026-06-27,T0009,P002,7,portal
2026-06-27,T0009,P003,0,portal
2026-06-27,T0009,P004,24,portal
2026-06-27,T0009,P005,10,portal
2026-06-27,T0009,P006,0,portal
2026-06-27,T0009,P007,0,portal
2026-06-27,T0009,P008,18,portal
2026-06-27,T0009,P009,16,portal
2026-06-27,T0009,P010,0,portal
2026-06-27,T0009,P011,0,portal
2026-06-27,T0009,P012,18,portal
2026-06-27,T0009,P013,7,portal
2026-06-27,T0009,P014,19,portal
2026-06-27,T0009,P015,10,portal
2026-06-27,T0009,P016,35,portal
2026-06-27,T0009,P017,0,portal
2026-06-27,T0009,P018,1,portal
2026-06-27,T0009,P019,0,portal
2026-06-27,T0009,P020,0,portal
2026-06-27,T0010,P001,1,portal
2026-06-27,T0010,P002,11,portal
2026-06-27,T0010,P003,0,portal
2026-06-27,T0010,P004,12,portal
2026-06-27,T0010,P005,20,portal
2026-06-27,T0010,P006,17,portal
2026-06-27,T0010,P007,18,portal
2026-06-27,T0010,P008,4,portal
2026-06-27,T0010,P009,8,portal
2026-06-27,T0010,P010,12,portal
2026-06-27,T0010,P011,11,portal
2026-06-27,T0010,P012,4,portal
2026-06-27,T0010,P013,0,portal
2026-06-27,T0010,P014,7,portal
2026-06-27,T0010,P015,0,portal
2026-06-27,T0010,P016,17,portal
2026-06-27,T0010,P017,3,portal
2026-06-27,T0010,P018,0,portal
2026-06-27,T0010,P019,10,portal
2026-06-27,T0010,P020,0,portal
2026-06-27,T0011,P001,4,portal
2026-06-27,T0011,P002,6,portal
2026-06-27,T0011,P003,14,portal
2026-06-27,T0011,P004,3,portal
2026-06-27,T0011,P005,0,portal
2026-06-27,T0011,P006,0,portal
2026-06-27,T0011,P007,14,portal
2026-06-27,T0011,P008,0,portal
2026-06-27,T0011,P009,6,portal
2026-06-27,T0011,P010,0,portal
2026-06-27,T0011,P011,7,portal
2026-06-27,T0011,P012,0,portal
2026-06-27,T0011,P013,0,portal
2026-06-27,T0011,P014,6,portal
2026-06-27,T0011,P015,3,portal
2026-06-27,T0011,P016,0,portal
2026-06-27,T0011,P017,0,portal
2026-06-27,T0011,P018,0,portal
2026-06-27,T0011,P019,0,portal
2026-06-27,T0011,P020,0,portal
2026-06-27,T0012,P001,3,portal
2026-06-27,T0012,P002,2,portal
2026-06-27,T0012,P003,13,portal
2026-06-27,T0012,P004,8,portal
2026-06-27,T0012,P005,2,portal
2026-06-27,T0012,P006,14,portal
2026-06-27,T0012,P007,7,portal
2026-06-27,T0012,P008,0,portal
2026-06-27,T0012,P009,4,portal
2026-06-27,T0012,P010,0,portal
2026-06-27,T0012,P011,10,portal
2026-06-27,T0012,P012,1,portal
2026-06-27,T0012,P013,0,portal
2026-06-27,T0012,P014,0,portal
2026-06-27,T0012,P015,4,portal
2026-06-27,T0012,P016,10,portal
2026-06-27,T0012,P017,2,portal
2026-06-27,T0012,P018,0,portal
2026-06-27,T0012,P019,2,portal
2026-06-27,T0012,P020,0,portal
2026-06-27,T0013,P001,2,portal
2026-06-27,T0013,P002,1,portal
2026-06-27,T0013,P003,17,portal
2026-06-27,T0013,P004,17,portal
2026-06-27,T0013,P005,16,portal
2026-06-27,T0013,P006,0,portal
2026-06-27,T0013,P007,0,portal
2026-06-27,T0013,P008,9,portal
2026-06-27,T0013,P009,2,portal
2026-06-27,T0013,P010,6,portal
2026-06-27,T0013,P011,15,portal
2026-06-27,T0013,P012,8,portal
2026-06-27,T0013,P013,1,portal
2026-06-27,T0013,P014,0,portal
2026-06-27,T0013,P015,2,portal
2026-06-27,T0013,P016,20,portal
2026-06-27,T0013,P017,5,portal
2026-06-27,T0013,P018,0,portal
2026-06-27,T0013,P019,19,portal
2026-06-27,T0013,P020,0,portal
2026-06-27,T0014,P001,3,portal
2026-06-27,T0014,P002,0,portal
2026-06-27,T0014,P003,0,portal
2026-06-27,T0014,P004,0,portal
2026-06-27,T0014,P005,0,portal
2026-06-27,T0014,P006,15,portal
2026-06-27,T0014,P007,3,portal
2026-06-27,T0014,P008,0,portal
2026-06-27,T0014,P009,0,portal
2026-06-27,T0014,P010,0,portal
2026-06-27,T0014,P011,19,portal
2026-06-27,T0014,P012,0,portal
2026-06-27,T0014,P013,1,portal
2026-06-27,T0014,P014,0,portal
2026-06-27,T0014,P015,7,portal
2026-06-27,T0014,P016,0,portal
2026-06-27,T0014,P017,3,portal
2026-06-27,T0014,P018,0,portal
2026-06-27,T0014,P019,0,portal
2026-06-27,T0014,P020,4,portal
2026-06-28,T0001,P001,0,portal
2026-06-28,T0001,P002,6,portal
2026-06-28,T0001,P003,5,portal
2026-06-28,T0001,P004,7,portal
2026-06-28,T0001,P005,16,portal
2026-06-28,T0001,P006,14,portal
2026-06-28,T0001,P007,7,portal
2026-06-28,T0001,P008,0,portal
2026-06-28,T0001,P009,0,portal
2026-06-28,T0001,P010,0,portal
2026-06-28,T0001,P011,12,portal
2026-06-28,T0001,P012,10,portal
2026-06-28,T0001,P013,1,portal
2026-06-28,T0001,P014,6,portal
2026-06-28,T0001,P015,2,portal
2026-06-28,T0001,P016,15,portal
2026-06-28,T0001,P017,0,portal
2026-06-28,T0001,P018,0,portal
2026-06-28,T0001,P019,10,portal
2026-06-28,T0001,P020,2,portal
2026-06-28,T0002,P001,3,portal
2026-06-28,T0002,P002,9,portal
2026-06-28,T0002,P003,16,portal
2026-06-28,T0002,P004,26,portal
2026-06-28,T0002,P005,0,portal
2026-06-28,T0002,P006,0,portal
2026-06-28,T0002,P007,0,portal
2026-06-28,T0002,P008,0,portal
2026-06-28,T0002,P009,0,portal
2026-06-28,T0002,P010,13,portal
2026-06-28,T0002,P011,0,portal
2026-06-28,T0002,P012,14,portal
2026-06-28,T0002,P013,5,portal
2026-06-28,T0002,P014,0,portal
2026-06-28,T0002,P015,0,portal
2026-06-28,T0002,P016,0,portal
2026-06-28,T0002,P017,0,portal
2026-06-28,T0002,P018,3,portal
2026-06-28,T0002,P019,9,portal
2026-06-28,T0002,P020,4,portal
2026-06-28,T0003,P001,0,portal
2026-06-28,T0003,P002,4,portal
2026-06-28,T0003,P003,12,portal
2026-06-28,T0003,P004,0,portal
2026-06-28,T0003,P005,0,portal
2026-06-28,T0003,P006,0,portal
2026-06-28,T0003,P007,8,portal
2026-06-28,T0003,P008,7,portal
2026-06-28,T0003,P009,0,portal
2026-06-28,T0003,P010,10,portal
2026-06-28,T0003,P011,0,portal
2026-06-28,T0003,P012,1,portal
2026-06-28,T0003,P013,0,portal
2026-06-28,T0003,P014,10,portal
2026-06-28,T0003,P015,0,portal
2026-06-28,T0003,P016,3,portal
2026-06-28,T0003,P017,5,portal
2026-06-28,T0003,P018,0,portal
2026-06-28,T0003,P019,0,portal
2026-06-28,T0003,P020,0,portal
2026-06-28,T0004,P001,0,portal
2026-06-28,T0004,P002,0,portal
2026-06-28,T0004,P003,0,portal
2026-06-28,T0004,P004,0,portal
2026-06-28,T0004,P005,6,portal
2026-06-28,T0004,P006,0,portal
2026-06-28,T0004,P007,0,portal
2026-06-28,T0004,P008,0,portal
2026-06-28,T0004,P009,0,portal
2026-06-28,T0004,P010,9,portal
2026-06-28,T0004,P011,0,portal
2026-06-28,T0004,P012,9,portal
2026-06-28,T0004,P013,0,portal
2026-06-28,T0004,P014,6,portal
2026-06-28,T0004,P015,0,portal
2026-06-28,T0004,P016,15,portal
2026-06-28,T0004,P017,0,portal
2026-06-28,T0004,P018,0,portal
2026-06-28,T0004,P019,4,portal
2026-06-28,T0004,P020,1,portal
2026-06-28,T0005,P001,0,portal
2026-06-28,T0005,P002,7,portal
2026-06-28,T0005,P003,8,portal
2026-06-28,T0005,P004,7,portal
2026-06-28,T0005,P005,10,portal
2026-06-28,T0005,P006,0,portal
2026-06-28,T0005,P007,0,portal
2026-06-28,T0005,P008,0,portal
2026-06-28,T0005,P009,0,portal
2026-06-28,T0005,P010,0,portal
2026-06-28,T0005,P011,4,portal
2026-06-28,T0005,P012,1,portal
2026-06-28,T0005,P013,0,portal
2026-06-28,T0005,P014,4,portal
2026-06-28,T0005,P015,5,portal
2026-06-28,T0005,P016,0,portal
2026-06-28,T0005,P017,0,portal
2026-06-28,T0005,P018,1,portal
2026-06-28,T0005,P019,8,portal
2026-06-28,T0005,P020,4,portal
2026-06-28,T0006,P001,0,portal
2026-06-28,T0006,P002,0,portal
2026-06-28,T0006,P003,0,portal
2026-06-28,T0006,P004,29,portal
2026-06-28,T0006,P005,22,portal
2026-06-28,T0006,P006,40,portal
2026-06-28,T0006,P007,21,portal
2026-06-28,T0006,P008,0,portal
2026-06-28,T0006,P009,0,portal
2026-06-28,T0006,P010,25,portal
2026-06-28,T0006,P011,0,portal
2026-06-28,T0006,P012,14,portal
2026-06-28,T0006,P013,5,portal
2026-06-28,T0006,P014,8,portal
2026-06-28,T0006,P015,5,portal
2026-06-28,T0006,P016,0,portal
2026-06-28,T0006,P017,8,portal
2026-06-28,T0006,P018,3,portal
2026-06-28,T0006,P019,30,portal
2026-06-28,T0006,P020,0,portal
2026-06-28,T0007,P001,0,portal
2026-06-28,T0007,P002,3,portal
2026-06-28,T0007,P003,20,portal
2026-06-28,T0007,P004,11,portal
2026-06-28,T0007,P005,12,portal
2026-06-28,T0007,P006,21,portal
2026-06-28,T0007,P007,0,portal
2026-06-28,T0007,P008,0,portal
2026-06-28,T0007,P009,7,portal
2026-06-28,T0007,P010,0,portal
2026-06-28,T0007,P011,8,portal
2026-06-28,T0007,P012,0,portal
2026-06-28,T0007,P013,0,portal
2026-06-28,T0007,P014,0,portal
2026-06-28,T0007,P015,8,portal
2026-06-28,T0007,P016,22,portal
2026-06-28,T0007,P017,10,portal
2026-06-28,T0007,P018,2,portal
2026-06-28,T0007,P019,14,portal
2026-06-28,T0007,P020,3,portal
2026-06-28,T0008,P001,5,portal
2026-06-28,T0008,P002,15,portal
2026-06-28,T0008,P003,24,portal
2026-06-28,T0008,P004,22,portal
2026-06-28,T0008,P005,9,portal
2026-06-28,T0008,P006,0,portal
2026-06-28,T0008,P007,30,portal
2026-06-28,T0008,P008,25,portal
2026-06-28,T0008,P009,10,portal
2026-06-28,T0008,P010,12,portal
2026-06-28,T0008,P011,0,portal
2026-06-28,T0008,P012,8,portal
2026-06-28,T0008,P013,2,portal
2026-06-28,T0008,P014,0,portal
2026-06-28,T0008,P015,2,portal
2026-06-28,T0008,P016,0,portal
2026-06-28,T0008,P017,9,portal
2026-06-28,T0008,P018,0,portal
2026-06-28,T0008,P019,21,portal
2026-06-28,T0008,P020,0,portal
2026-06-28,T0009,P001,2,portal
2026-06-28,T0009,P002,7,portal
2026-06-28,T0009,P003,0,portal
2026-06-28,T0009,P004,15,portal
2026-06-28,T0009,P005,5,portal
2026-06-28,T0009,P006,0,portal
2026-06-28,T0009,P007,0,portal
2026-06-28,T0009,P008,15,portal
2026-06-28,T0009,P009,12,portal
2026-06-28,T0009,P010,0,portal
2026-06-28,T0009,P011,0,portal
2026-06-28,T0009,P012,14,portal
2026-06-28,T0009,P013,4,portal
2026-06-28,T0009,P014,14,portal
2026-06-28,T0009,P015,7,portal
2026-06-28,T0009,P016,33,portal
2026-06-28,T0009,P017,0,portal
2026-06-28,T0009,P018,0,portal
2026-06-28,T0009,P019,0,portal
2026-06-28,T0009,P020,0,portal
2026-06-28,T0010,P001,0,portal
2026-06-28,T0010,P002,10,portal
2026-06-28,T0010,P003,0,portal
2026-06-28,T0010,P004,9,portal
2026-06-28,T0010,P005,19,portal
2026-06-28,T0010,P006,15,portal
2026-06-28,T0010,P007,15,portal
2026-06-28,T0010,P008,4,portal
2026-06-28,T0010,P009,7,portal
2026-06-28,T0010,P010,7,portal
2026-06-28,T0010,P011,8,portal
2026-06-28,T0010,P012,4,portal
2026-06-28,T0010,P013,0,portal
2026-06-28,T0010,P014,0,portal
2026-06-28,T0010,P015,0,portal
2026-06-28,T0010,P016,14,portal
2026-06-28,T0010,P017,3,portal
2026-06-28,T0010,P018,0,portal
2026-06-28,T0010,P019,7,portal
2026-06-28,T0010,P020,0,portal
2026-06-28,T0011,P001,4,portal
2026-06-28,T0011,P002,4,portal
2026-06-28,T0011,P003,10,portal
2026-06-28,T0011,P004,2,portal
2026-06-28,T0011,P005,0,portal
2026-06-28,T0011,P006,0,portal
2026-06-28,T0011,P007,12,portal
2026-06-28,T0011,P008,0,portal
2026-06-28,T0011,P009,6,portal
2026-06-28,T0011,P010,0,portal
2026-06-28,T0011,P011,6,portal
2026-06-28,T0011,P012,0,portal
2026-06-28,T0011,P013,0,portal
2026-06-28,T0011,P014,6,portal
2026-06-28,T0011,P015,3,portal
2026-06-28,T0011,P016,0,portal
2026-06-28,T0011,P017,0,portal
2026-06-28,T0011,P018,0,portal
2026-06-28,T0011,P019,0,portal
2026-06-28,T0011,P020,0,portal
2026-06-28,T0012,P001,3,portal
2026-06-28,T0012,P002,2,portal
2026-06-28,T0012,P003,8,portal
2026-06-28,T0012,P004,8,portal
2026-06-28,T0012,P005,0,portal
2026-06-28,T0012,P006,14,portal
2026-06-28,T0012,P007,7,portal
2026-06-28,T0012,P008,0,portal
2026-06-28,T0012,P009,4,portal
2026-06-28,T0012,P010,0,portal
2026-06-28,T0012,P011,10,portal
2026-06-28,T0012,P012,1,portal
2026-06-28,T0012,P013,0,portal
2026-06-28,T0012,P014,0,portal
2026-06-28,T0012,P015,3,portal
2026-06-28,T0012,P016,8,portal
2026-06-28,T0012,P017,2,portal
2026-06-28,T0012,P018,0,portal
2026-06-28,T0012,P019,2,portal
2026-06-28,T0012,P020,0,portal
2026-06-28,T0013,P001,2,portal
2026-06-28,T0013,P002,0,portal
2026-06-28,T0013,P003,13,portal
2026-06-28,T0013,P004,13,portal
2026-06-28,T0013,P005,14,portal
2026-06-28,T0013,P006,0,portal
2026-06-28,T0013,P007,0,portal
2026-06-28,T0013,P008,5,portal
2026-06-28,T0013,P009,2,portal
2026-06-28,T0013,P010,3,portal
2026-06-28,T0013,P011,13,portal
2026-06-28,T0013,P012,7,portal
2026-06-28,T0013,P013,0,portal
2026-06-28,T0013,P014,0,portal
2026-06-28,T0013,P015,1,portal
2026-06-28,T0013,P016,17,portal
2026-06-28,T0013,P017,3,portal
2026-06-28,T0013,P018,0,portal
2026-06-28,T0013,P019,16,portal
2026-06-28,T0013,P020,0,portal
2026-06-28,T0014,P001,3,portal
2026-06-28,T0014,P002,0,portal
2026-06-28,T0014,P003,0,portal
2026-06-28,T0014,P004,0,portal
2026-06-28,T0014,P005,0,portal
2026-06-28,T0014,P006,9,portal
2026-06-28,T0014,P007,2,portal
2026-06-28,T0014,P008,0,portal
2026-06-28,T0014,P009,0,portal
2026-06-28,T0014,P010,0,portal
2026-06-28,T0014,P011,18,portal
2026-06-28,T0014,P012,0,portal
2026-06-28,T0014,P013,1,portal
2026-06-28,T0014,P014,0,portal
2026-06-28,T0014,P015,6,portal
2026-06-28,T0014,P016,0,portal
2026-06-28,T0014,P017,2,portal
2026-06-28,T0014,P018,0,portal
2026-06-28,T0014,P019,0,portal
2026-06-28,T0014,P020,3,portal
