fecha,tienda_id,producto_id,unidades,precio_efectivo
2026-06-01,T0001,P003,6,72.47
2026-06-01,T0001,P004,2,44.88
2026-06-01,T0001,P005,3,53.29
2026-06-01,T0001,P006,1,66.24
2026-06-01,T0001,P007,5,74.43
2026-06-01,T0001,P008,2,12.46
2026-06-01,T0001,P011,1,54.45
2026-06-01,T0001,P012,1,33.81
2026-06-01,T0001,P014,2,17.13
2026-06-01,T0001,P016,2,19.1
2026-06-01,T0001,P019,4,32.1
2026-06-01,T0001,P020,1,61.39
2026-06-01,T0002,P001,2,77.79
2026-06-01,T0002,P002,1,71.22
2026-06-01,T0002,P003,6,72.47
2026-06-01,T0002,P004,7,44.88
2026-06-01,T0002,P005,6,53.29
2026-06-01,T0002,P006,4,66.24
2026-06-01,T0002,P007,6,74.43
2026-06-01,T0002,P008,4,12.46
2026-06-01,T0002,P009,4,45.16
2026-06-01,T0002,P010,3,8.92
2026-06-01,T0002,P011,3,54.45
2026-06-01,T0002,P012,2,33.81
2026-06-01,T0002,P013,2,20.71
2026-06-01,T0002,P014,2,17.13
2026-06-01,T0002,P015,1,65.43
2026-06-01,T0002,P016,7,19.1
2026-06-01,T0002,P017,1,103.46
2026-06-01,T0002,P018,2,53.96
2026-06-01,T0002,P019,4,32.1
2026-06-01,T0002,P020,1,61.39
2026-06-01,T0003,P002,2,71.22
2026-06-01,T0003,P005,2,53.29
2026-06-01,T0003,P006,6,66.24
2026-06-01,T0003,P007,3,74.43
2026-06-01,T0003,P008,1,12.46
2026-06-01,T0003,P009,1,45.16
2026-06-01,T0003,P010,6,8.92
2026-06-01,T0003,P011,4,54.45
2026-06-01,T0003,P012,1,33.81
2026-06-01,T0003,P014,1,17.13
2026-06-01,T0003,P015,1,65.43
2026-06-01,T0003,P016,3,19.1
2026-06-01,T0003,P019,1,32.1
2026-06-01,T0004,P002,1,71.22
2026-06-01,T0004,P003,4,72.47
2026-06-01,T0004,P004,2,44.88
2026-06-01,T0004,P005,3,53.29
2026-06-01,T0004,P006,2,66.24
2026-06-01,T0004,P007,3,74.43
2026-06-01,T0004,P008,2,12.46
2026-06-01,T0004,P009,3,45.16
2026-06-01,T0004,P010,2,8.92
2026-06-01,T0004,P011,3,54.45
2026-06-01,T0004,P012,3,33.81
2026-06-01,T0004,P013,1,20.71
2026-06-01,T0004,P015,1,65.43
2026-06-01,T0004,P016,2,19.1
2026-06-01,T0004,P017,2,103.46
2026-06-01,T0004,P018,1,53.96
2026-06-01,T0004,P020,1,61.39
2026-06-01,T0005,P001,1,77.79
2026-06-01,T0005,P002,4,71.22
2026-06-01,T0005,P003,4,72.47
2026-06-01,T0005,P004,2,44.88
2026-06-01,T0005,P005,1,53.29
2026-06-01,T0005,P006,5,66.24
2026-06-01,T0005,P007,4,74.43
2026-06-01,T0005,P008,5,12.46
2026-06-01,T0005,P009,1,45.16
2026-06-01,T0005,P010,2,8.92
2026-06-01,T0005,P011,3,54.45
2026-06-01,T0005,P014,1,17.13
2026-06-01,T0005,P015,1,65.43
2026-06-01,T0005,P016,2,19.1
2026-06-01,T0005,P017,1,103.46
2026-06-01,T0005,P019,1,32.1
2026-06-01,T0006,P001,1,77.79
2026-06-01,T0006,P002,3,71.22
2026-06-01,T0006,P003,10,72.47
2026-06-01,T0006,P004,7,44.88
2026-06-01,T0006,P005,6,53.29
2026-06-01,T0006,P006,8,66.24
2026-06-01,T0006,P007,1,74.43
2026-06-01,T0006,P008,6,12.46
2026-06-01,T0006,P009,8,45.16
2026-06-01,T0006,P010,5,8.92
2026-06-01,T0006,P011,4,54.45
2026-06-01,T0006,P012,1,33.81
2026-06-01,T0006,P013,2,20.71
2026-06-01,T0006,P014,5,17.13
2026-06-01,T0006,P015,6,65.43
2026-06-01,T0006,P016,6,19.1
2026-06-01,T0006,P017,2,103.46
2026-06-01,T0006,P018,4,53.96
2026-06-01,T0006,P019,7,32.1
2026-06-01,T0006,P020,1,61.39
2026-06-01,T0007,P001,2,77.79
2026-06-01,T0007,P002,2,71.22
2026-06-01,T0007,P003,8,72.47
2026-06-01,T0007,P004,6,44.88
2026-06-01,T0007,P005,4,53.29
2026-06-01,T0007,P006,6,66.24
2026-06-01,T0007,P007,6,74.43
2026-06-01,T0007,P008,4,12.46
2026-06-01,T0007,P010,7,8.92
2026-06-01,T0007,P011,1,54.45
2026-06-01,T0007,P012,4,33.81
2026-06-01,T0007,P014,7,17.13
2026-06-01,T0007,P016,5,19.1
2026-06-01,T0007,P017,2,103.46
2026-06-01,T0007,P018,1,53.96
2026-06-01,T0007,P019,5,32.1
2026-06-01,T0007,P020,3,61.39
2026-06-01,T0008,P001,1,77.79
2026-06-01,T0008,P002,1,71.22
2026-06-01,T0008,P003,8,72.47
2026-06-01,T0008,P004,7,44.88
2026-06-01,T0008,P005,9,53.29
2026-06-01,T0008,P006,6,66.24
2026-06-01,T0008,P007,10,74.43
2026-06-01,T0008,P008,3,12.46
2026-06-01,T0008,P009,2,45.16
2026-06-01,T0008,P010,7,8.92
2026-06-01,T0008,P011,7,54.45
2026-06-01,T0008,P012,5,33.81
2026-06-01,T0008,P013,2,20.71
2026-06-01,T0008,P014,8,17.13
2026-06-01,T0008,P015,1,65.43
2026-06-01,T0008,P016,10,19.1
2026-06-01,T0008,P017,5,103.46
2026-06-01,T0008,P018,2,53.96
2026-06-01,T0008,P019,7,32.1
2026-06-01,T0008,P020,1,61.39
2026-06-01,T0009,P002,2,71.22
2026-06-01,T0009,P003,8,72.47
2026-06-01,T0009,P004,10,44.88
2026-06-01,T0009,P005,3,53.29
2026-06-01,T0009,P006,9,66.24
2026-06-01,T0009,P007,5,74.43
2026-06-01,T0009,P008,6,12.46
2026-06-01,T0009,P009,3,45.16
2026-06-01,T0009,P010,4,8.92
2026-06-01,T0009,P011,2,54.45
2026-06-01,T0009,P012,3,33.81
2026-06-01,T0009,P014,7,17.13
2026-06-01,T0009,P016,6,19.1
2026-06-01,T0009,P017,1,103.46
2026-06-01,T0009,P018,2,53.96
2026-06-01,T0009,P019,4,32.1
2026-06-01,T0010,P002,2,71.22
2026-06-01,T0010,P003,2,72.47
2026-06-01,T0010,P004,5,44.88
2026-06-01,T0010,P005,2,53.29
2026-06-01,T0010,P006,3,66.24
2026-06-01,T0010,P007,2,74.43
2026-06-01,T0010,P008,1,12.46
2026-06-01,T0010,P009,1,45.16
2026-06-01,T0010,P010,2,8.92
2026-06-01,T0010,P011,1,54.45
2026-06-01,T0010,P012,1,33.81
2026-06-01,T0010,P013,1,20.71
2026-06-01,T0010,P014,4,17.13
2026-06-01,T0010,P015,4,65.43
2026-06-01,T0010,P016,2,19.1
2026-06-01,T0010,P017,1,103.46
2026-06-01,T0010,P019,4,32.1
2026-06-01,T0010,P020,2,61.39
2026-06-01,T0011,P003,1,72.47
2026-06-01,T0011,P004,2,44.88
2026-06-01,T0011,P005,2,53.29
2026-06-01,T0011,P006,1,66.24
2026-06-01,T0011,P007,1,74.43
2026-06-01,T0011,P008,1,12.46
2026-06-01,T0011,P010,1,8.92
2026-06-01,T0011,P011,1,54.45
2026-06-01,T0011,P012,1,33.81
2026-06-01,T0011,P014,2,17.13
2026-06-01,T0011,P015,2,65.43
2026-06-01,T0011,P016,3,19.1
2026-06-01,T0011,P019,1,32.1
2026-06-01,T0012,P002,1,71.22
2026-06-01,T0012,P003,2,72.47
2026-06-01,T0012,P005,1,53.29
2026-06-01,T0012,P006,1,66.24
2026-06-01,T0012,P007,3,74.43
2026-06-01,T0012,P010,2,8.92
2026-06-01,T0012,P011,2,54.45
2026-06-01,T0012,P014,1,17.13
2026-06-01,T0012,P015,1,65.43
2026-06-01,T0012,P016,1,19.1
2026-06-01,T0012,P018,1,53.96
2026-06-01,T0012,P019,1,32.1
2026-06-01,T0012,P020,1,61.39
2026-06-01,T0013,P001,1,77.79
2026-06-01,T0013,P002,3,71.22
2026-06-01,T0013,P003,6,72.47
2026-06-01,T0013,P004,3,44.88
2026-06-01,T0013,P005,1,53.29
2026-06-01,T0013,P006,2,66.24
2026-06-01,T0013,P007,5,74.43
2026-06-01,T0013,P008,2,12.46
2026-06-01,T0013,P009,2,45.16
2026-06-01,T0013,P010,2,8.92
2026-06-01,T0013,P011,2,54.45
2026-06-01,T0013,P012,2,33.81
2026-06-01,T0013,P014,5,17.13
2026-06-01,T0013,P015,3,65.43
2026-06-01,T0013,P016,1,19.1
2026-06-01,T0014,P002,2,71.22
2026-06-01,T0014,P003,7,72.47
2026-06-01,T0014,P004,5,44.88
2026-06-01,T0014,P006,8,66.24
2026-06-01,T0014,P007,3,74.43
2026-06-01,T0014,P008,2,12.46
2026-06-01,T0014,P009,3,45.16
2026-06-01,T0014,P010,1,8.92
2026-06-01,T0014,P011,3,54.45
2026-06-01,T0014,P012,1,33.81
2026-06-01,T0014,P014,1,17.13
2026-06-01,T0014,P016,4,19.1
2026-06-01,T0014,P017,2,103.46
2026-06-01,T0014,P019,1,32.1
2026-06-01,T0015,P010,62,8.92
2026-06-01,T0016,P015,35,65.43
2026-06-01,T0016,P016,116,19.1
2026-06-01,T0016,P018,26,53.96
2026-06-01,T0017,P002,2,71.22
2026-06-01,T0017,P003,5,72.47
2026-06-01,T0017,P004,3,44.88
2026-06-01,T0017,P005,1,53.29
2026-06-01,T0017,P006,5,66.24
2026-06-01,T0017,P007,5,74.43
2026-06-01,T0017,P010,2,8.92
2026-06-01,T0017,P011,1,54.45
2026-06-01,T0017,P014,1,17.13
2026-06-01,T0017,P015,2,65.43
2026-06-01,T0017,P016,2,19.1
2026-06-01,T0017,P017,1,103.46
2026-06-01,T0017,P018,1,53.96
2026-06-01,T0017,P019,2,32.1
2026-06-01,T0018,P003,1,72.47
2026-06-01,T0018,P004,1,44.88
2026-06-01,T0018,P005,3,53.29
2026-06-01,T0018,P007,2,74.43
2026-06-01,T0018,P008,3,12.46
2026-06-01,T0018,P011,2,54.45
2026-06-01,T0018,P012,1,33.81
2026-06-01,T0018,P015,2,65.43
2026-06-01,T0018,P016,2,19.1
2026-06-01,T0018,P019,1,32.1
2026-06-01,T0019,P002,1,71.22
2026-06-01,T0019,P003,5,72.47
2026-06-01,T0019,P004,1,44.88
2026-06-01,T0019,P005,4,53.29
2026-06-01,T0019,P006,2,66.24
2026-06-01,T0019,P007,2,74.43
2026-06-01,T0019,P008,1,12.46
2026-06-01,T0019,P010,4,8.92
2026-06-01,T0019,P011,2,54.45
2026-06-01,T0019,P013,1,20.71
2026-06-01,T0019,P014,3,17.13
2026-06-01,T0019,P015,2,65.43
2026-06-01,T0019,P016,1,19.1
2026-06-01,T0019,P019,1,32.1
2026-06-01,T0019,P020,1,61.39
2026-06-01,T0020,P002,2,71.22
2026-06-01,T0020,P005,3,53.29
2026-06-01,T0020,P006,2,66.24
2026-06-01,T0020,P009,2,45.16
2026-06-01,T0020,P010,3,8.92
2026-06-01,T0020,P011,1,54.45
2026-06-01,T0020,P013,1,20.71
2026-06-01,T0020,P014,1,17.13
2026-06-01,T0020,P016,2,19.1
2026-06-01,T0020,P019,1,32.1
2026-06-01,T0021,P006,1,66.24
2026-06-01,T0021,P007,2,74.43
2026-06-01,T0021,P009,2,45.16
2026-06-01,T0021,P010,2,8.92
2026-06-01,T0021,P012,1,33.81
2026-06-01,T0021,P016,2,19.1
2026-06-01,T0021,P019,1,32.1
2026-06-01,T0022,P004,1,44.88
2026-06-01,T0022,P006,1,66.24
2026-06-01,T0022,P007,1,74.43
2026-06-01,T0022,P011,1,54.45
2026-06-01,T0022,P014,1,17.13
2026-06-01,T0022,P017,1,103.46
2026-06-01,T0023,P003,1,72.47
2026-06-01,T0023,P005,1,53.29
2026-06-01,T0023,P007,2,74.43
2026-06-01,T0023,P008,1,12.46
2026-06-01,T0023,P010,1,8.92
2026-06-01,T0023,P011,1,54.45
2026-06-01,T0023,P016,1,19.1
2026-06-01,T0024,P002,2,71.22
2026-06-01,T0024,P003,4,72.47
2026-06-01,T0024,P004,1,44.88
2026-06-01,T0024,P005,1,53.29
2026-06-01,T0024,P006,3,66.24
2026-06-01,T0024,P007,4,74.43
2026-06-01,T0024,P008,1,12.46
2026-06-01,T0024,P011,2,54.45
2026-06-01,T0024,P012,1,33.81
2026-06-01,T0024,P019,4,32.1
2026-06-01,T0025,P004,2,44.88
2026-06-01,T0025,P005,2,53.29
2026-06-01,T0025,P006,4,66.24
2026-06-01,T0025,P008,1,12.46
2026-06-01,T0025,P014,1,17.13
2026-06-01,T0025,P016,2,19.1
2026-06-01,T0025,P017,1,103.46
2026-06-01,T0025,P019,1,32.1
2026-06-01,T0026,P003,1,72.47
2026-06-01,T0026,P004,1,44.88
2026-06-01,T0026,P005,2,53.29
2026-06-01,T0026,P007,1,74.43
2026-06-01,T0026,P009,1,45.16
2026-06-01,T0026,P010,1,8.92
2026-06-01,T0026,P013,1,20.71
2026-06-01,T0026,P016,1,19.1
2026-06-01,T0026,P019,1,32.1
2026-06-01,T0027,P002,1,71.22
2026-06-01,T0027,P003,2,72.47
2026-06-01,T0027,P004,2,44.88
2026-06-01,T0027,P005,2,53.29
2026-06-01,T0027,P006,1,66.24
2026-06-01,T0027,P008,1,12.46
2026-06-01,T0027,P009,1,45.16
2026-06-01,T0027,P010,2,8.92
2026-06-01,T0027,P011,1,54.45
2026-06-01,T0027,P012,1,33.81
2026-06-01,T0027,P014,4,17.13
2026-06-01,T0027,P016,2,19.1
2026-06-01,T0027,P017,1,103.46
2026-06-01,T0028,P003,4,72.47
2026-06-01,T0028,P004,1,44.88
2026-06-01,T0028,P005,3,53.29
2026-06-01,T0028,P006,1,66.24
2026-06-01,T0028,P007,2,74.43
2026-06-01,T0028,P010,1,8.92
2026-06-01,T0028,P011,1,54.45
2026-06-01,T0028,P014,1,17.13
2026-06-01,T0028,P016,1,19.1
2026-06-01,T0028,P018,1,53.96
2026-06-01,T0028,P019,1,32.1
2026-06-01,T0029,P003,1,72.47
2026-06-01,T0029,P004,1,44.88
2026-06-01,T0029,P005,1,53.29
2026-06-01,T0029,P006,2,66.24
2026-06-01,T0029,P008,1,12.46
2026-06-01,T0029,P011,2,54.45
2026-06-01,T0029,P012,1,33.81
2026-06-01,T0029,P014,3,17.13
2026-06-01,T0029,P016,2,19.1
2026-06-01,T0029,P018,1,53.96
2026-06-01,T0029,P019,2,32.1
2026-06-01,T0030,P002,3,71.22
2026-06-01,T0030,P003,3,72.47
2026-06-01,T0030,P004,1,44.88
2026-06-01,T0030,P005,3,53.29
2026-06-01,T0030,P006,4,66.24
2026-06-01,T0030,P007,3,74.43
2026-06-01,T0030,P008,2,12.46
2026-06-01,T0030,P010,2,8.92
2026-06-01,T0030,P011,1,54.45
2026-06-01,T0030,P012,1,33.81
2026-06-01,T0030,P014,1,17.13
2026-06-01,T0030,P015,1,65.43
2026-06-01,T0030,P016,2,19.1
2026-06-01,T0030,P018,2,53.96
2026-06-01,T0030,P019,1,32.1
2026-06-01,T0031,P002,1,71.22
2026-06-01,T0031,P003,1,72.47
2026-06-01,T0031,P004,2,44.88
2026-06-01,T0031,P005,5,53.29
2026-06-01,T0031,P006,2,66.24
2026-06-01,T0031,P007,2,74.43
2026-06-01,T0031,P008,2,12.46
2026-06-01,T0031,P009,2,45.16
2026-06-01,T0031,P010,1,8.92
2026-06-01,T0031,P011,1,54.45
2026-06-01,T0031,P012,1,33.81
2026-06-01,T0031,P016,3,19.1
2026-06-01,T0031,P019,2,32.1
2026-06-01,T0032,P003,5,72.47
2026-06-01,T0032,P004,2,44.88
2026-06-01,T0032,P006,3,66.24
2026-06-01,T0032,P007,2,74.43
2026-06-01,T0032,P008,3,12.46
2026-06-01,T0032,P009,1,45.16
2026-06-01,T0032,P010,2,8.92
2026-06-01,T0032,P011,1,54.45
2026-06-01,T0032,P013,1,20.71
2026-06-01,T0032,P014,2,17.13
2026-06-01,T0032,P015,2,65.43
2026-06-01,T0032,P016,2,19.1
2026-06-01,T0032,P020,1,61.39
2026-06-01,T0033,P002,2,71.22
2026-06-01,T0033,P003,1,72.47
2026-06-01,T0033,P006,1,66.24
2026-06-01,T0033,P013,1,20.71
2026-06-01,T0033,P015,1,65.43
2026-06-01,T0033,P019,1,32.1
2026-06-01,T0034,P003,3,72.47
2026-06-01,T0034,P004,2,44.88
2026-06-01,T0034,P005,1,53.29
2026-06-01,T0034,P007,3,74.43
2026-06-01,T0034,P008,1,12.46
2026-06-01,T0034,P010,1,8.92
2026-06-01,T0034,P011,2,54.45
2026-06-01,T0034,P014,3,17.13
2026-06-01,T0034,P015,1,65.43
2026-06-01,T0034,P016,1,19.1
2026-06-01,T0034,P017,1,103.46
2026-06-01,T0034,P019,1,32.1
2026-06-01,T0035,P003,1,72.47
2026-06-01,T0035,P006,1,66.24
2026-06-01,T0035,P007,2,74.43
2026-06-01,T0035,P008,1,12.46
2026-06-01,T0035,P015,2,65.43
2026-06-01,T0035,P016,2,19.1
2026-06-01,T0035,P019,2,32.1
2026-06-01,T0036,P003,1,72.47
2026-06-01,T0036,P006,1,66.24
2026-06-01,T0036,P007,1,74.43
2026-06-01,T0036,P010,2,8.92
2026-06-01,T0036,P011,2,54.45
2026-06-01,T0036,P014,1,17.13
2026-06-01,T0036,P016,2,19.1
2026-06-01,T0036,P019,1,32.1
2026-06-01,T0037,P003,3,72.47
2026-06-01,T0037,P004,3,44.88
2026-06-01,T0037,P005,3,53.29
2026-06-01,T0037,P006,1,66.24
2026-06-01,T0037,P008,3,12.46
2026-06-01,T0037,P010,1,8.92
2026-06-01,T0037,P011,1,54.45
2026-06-01,T0037,P016,1,19.1
2026-06-01,T0037,P019,1,32.1
2026-06-01,T0038,P004,1,44.88
2026-06-01,T0038,P006,3,66.24
2026-06-01,T0038,P008,3,12.46
2026-06-01,T0038,P010,1,8.92
2026-06-01,T0038,P014,3,17.13
2026-06-01,T0038,P015,1,65.43
2026-06-01,T0038,P016,3,19.1
2026-06-01,T0038,P018,1,53.96
2026-06-01,T0038,P019,3,32.1
2026-06-01,T0039,P002,3,71.22
2026-06-01,T0039,P003,1,72.47
2026-06-01,T0039,P004,1,44.88
2026-06-01,T0039,P005,2,53.29
2026-06-01,T0039,P006,1,66.24
2026-06-01,T0039,P007,2,74.43
2026-06-01,T0039,P008,2,12.46
2026-06-01,T0039,P009,6,45.16
2026-06-01,T0039,P010,2,8.92
2026-06-01,T0039,P011,5,54.45
2026-06-01,T0039,P012,1,33.81
2026-06-01,T0039,P014,1,17.13
2026-06-01,T0039,P015,1,65.43
2026-06-01,T0039,P016,3,19.1
2026-06-01,T0039,P017,1,103.46
2026-06-01,T0039,P019,4,32.1
2026-06-01,T0040,P002,1,71.22
2026-06-01,T0040,P003,4,72.47
2026-06-01,T0040,P004,1,44.88
2026-06-01,T0040,P005,2,53.29
2026-06-01,T0040,P006,2,66.24
2026-06-01,T0040,P007,2,74.43
2026-06-01,T0040,P008,3,12.46
2026-06-01,T0040,P009,2,45.16
2026-06-01,T0040,P010,6,8.92
2026-06-01,T0040,P011,4,54.45
2026-06-01,T0040,P014,4,17.13
2026-06-01,T0040,P015,1,65.43
2026-06-01,T0040,P016,5,19.1
2026-06-01,T0040,P019,3,32.1
2026-06-02,T0001,P002,2,71.22
2026-06-02,T0001,P003,1,72.47
2026-06-02,T0001,P004,2,44.88
2026-06-02,T0001,P006,4,66.24
2026-06-02,T0001,P007,2,74.43
2026-06-02,T0001,P008,1,12.46
2026-06-02,T0001,P009,2,45.16
2026-06-02,T0001,P011,2,54.45
2026-06-02,T0001,P012,2,33.81
2026-06-02,T0001,P013,1,20.71
2026-06-02,T0001,P014,1,17.13
2026-06-02,T0001,P016,3,19.1
2026-06-02,T0001,P018,1,53.96
2026-06-02,T0001,P019,3,32.1
2026-06-02,T0002,P002,1,71.22
2026-06-02,T0002,P003,9,72.47
2026-06-02,T0002,P004,5,44.88
2026-06-02,T0002,P005,2,53.29
2026-06-02,T0002,P006,4,66.24
2026-06-02,T0002,P007,5,74.43
2026-06-02,T0002,P008,2,12.46
2026-06-02,T0002,P010,3,8.92
2026-06-02,T0002,P011,5,54.45
2026-06-02,T0002,P012,3,33.81
2026-06-02,T0002,P014,5,17.13
2026-06-02,T0002,P015,5,65.43
2026-06-02,T0002,P016,7,19.1
2026-06-02,T0002,P017,2,103.46
2026-06-02,T0002,P018,1,53.96
2026-06-02,T0002,P019,5,32.1
2026-06-02,T0002,P020,2,61.39
2026-06-02,T0003,P003,5,72.47
2026-06-02,T0003,P004,4,44.88
2026-06-02,T0003,P005,4,53.29
2026-06-02,T0003,P006,1,66.24
2026-06-02,T0003,P007,3,74.43
2026-06-02,T0003,P008,2,12.46
2026-06-02,T0003,P010,2,8.92
2026-06-02,T0003,P011,1,54.45
2026-06-02,T0003,P012,1,33.81
2026-06-02,T0003,P013,2,20.71
2026-06-02,T0003,P014,5,17.13
2026-06-02,T0003,P016,2,19.1
2026-06-02,T0003,P017,1,103.46
2026-06-02,T0003,P019,3,32.1
2026-06-02,T0003,P020,2,61.39
2026-06-02,T0004,P002,1,71.22
2026-06-02,T0004,P003,1,72.47
2026-06-02,T0004,P004,3,44.88
2026-06-02,T0004,P005,2,53.29
2026-06-02,T0004,P006,1,66.24
2026-06-02,T0004,P007,2,74.43
2026-06-02,T0004,P008,1,12.46
2026-06-02,T0004,P009,2,45.16
2026-06-02,T0004,P010,2,8.92
2026-06-02,T0004,P011,2,54.45
2026-06-02,T0004,P012,1,33.81
2026-06-02,T0004,P013,1,20.71
2026-06-02,T0004,P014,1,17.13
2026-06-02,T0004,P015,2,65.43
2026-06-02,T0004,P016,2,19.1
2026-06-02,T0004,P018,1,53.96
2026-06-02,T0004,P019,3,32.1
2026-06-02,T0004,P020,1,61.39
2026-06-02,T0005,P002,1,71.22
2026-06-02,T0005,P003,2,72.47
2026-06-02,T0005,P004,8,44.88
2026-06-02,T0005,P005,2,53.29
2026-06-02,T0005,P006,3,66.24
2026-06-02,T0005,P008,2,12.46
2026-06-02,T0005,P010,2,8.92
2026-06-02,T0005,P011,3,54.45
2026-06-02,T0005,P012,1,33.81
2026-06-02,T0005,P014,4,17.13
2026-06-02,T0005,P015,2,65.43
2026-06-02,T0005,P016,1,19.1
2026-06-02,T0005,P017,1,103.46
2026-06-02,T0005,P019,2,32.1
2026-06-02,T0005,P020,1,61.39
2026-06-02,T0006,P001,2,77.79
2026-06-02,T0006,P002,5,71.22
2026-06-02,T0006,P003,8,72.47
2026-06-02,T0006,P004,11,44.88
2026-06-02,T0006,P005,6,53.29
2026-06-02,T0006,P006,11,66.24
2026-06-02,T0006,P007,8,74.43
2026-06-02,T0006,P008,4,12.46
2026-06-02,T0006,P009,1,45.16
2026-06-02,T0006,P010,6,8.92
2026-06-02,T0006,P011,5,54.45
2026-06-02,T0006,P012,3,33.81
2026-06-02,T0006,P014,1,17.13
2026-06-02,T0006,P015,1,65.43
2026-06-02,T0006,P016,4,19.1
2026-06-02,T0006,P017,2,103.46
2026-06-02,T0006,P019,10,32.1
2026-06-02,T0006,P020,1,61.39
2026-06-02,T0007,P002,2,71.22
2026-06-02,T0007,P003,6,72.47
2026-06-02,T0007,P004,2,44.88
2026-06-02,T0007,P005,5,53.29
2026-06-02,T0007,P006,3,66.24
2026-06-02,T0007,P007,7,74.43
2026-06-02,T0007,P008,5,12.46
2026-06-02,T0007,P009,4,45.16
2026-06-02,T0007,P010,3,8.92
2026-06-02,T0007,P012,1,33.81
2026-06-02,T0007,P014,7,17.13
2026-06-02,T0007,P015,1,65.43
2026-06-02,T0007,P016,6,19.1
2026-06-02,T0007,P018,2,53.96
2026-06-02,T0007,P019,7,32.1
2026-06-02,T0007,P020,2,61.39
2026-06-02,T0008,P002,3,71.22
2026-06-02,T0008,P003,5,72.47
2026-06-02,T0008,P004,6,44.88
2026-06-02,T0008,P005,6,53.29
2026-06-02,T0008,P006,4,66.24
2026-06-02,T0008,P007,7,74.43
2026-06-02,T0008,P008,4,12.46
2026-06-02,T0008,P009,2,45.16
2026-06-02,T0008,P010,6,8.92
2026-06-02,T0008,P011,7,54.45
2026-06-02,T0008,P012,1,33.81
2026-06-02,T0008,P013,1,20.71
2026-06-02,T0008,P014,8,17.13
2026-06-02,T0008,P015,2,65.43
2026-06-02,T0008,P016,11,19.1
2026-06-02,T0008,P017,1,103.46
2026-06-02,T0008,P019,9,32.1
2026-06-02,T0008,P020,3,61.39
2026-06-02,T0009,P001,1,77.79
2026-06-02,T0009,P002,6,71.22
2026-06-02,T0009,P003,6,72.47
2026-06-02,T0009,P004,4,44.88
2026-06-02,T0009,P005,2,53.29
2026-06-02,T0009,P006,9,66.24
2026-06-02,T0009,P007,5,74.43
2026-06-02,T0009,P008,2,12.46
2026-06-02,T0009,P009,2,45.16
2026-06-02,T0009,P010,2,8.92
2026-06-02,T0009,P011,5,54.45
2026-06-02,T0009,P012,1,33.81
2026-06-02,T0009,P014,6,17.13
2026-06-02,T0009,P016,9,19.1
2026-06-02,T0009,P017,2,103.46
2026-06-02,T0009,P019,2,32.1
2026-06-02,T0010,P002,2,71.22
2026-06-02,T0010,P003,6,72.47
2026-06-02,T0010,P004,5,44.88
2026-06-02,T0010,P005,2,53.29
2026-06-02,T0010,P006,5,66.24
2026-06-02,T0010,P007,6,74.43
2026-06-02,T0010,P008,3,12.46
2026-06-02,T0010,P011,2,54.45
2026-06-02,T0010,P013,2,20.71
2026-06-02,T0010,P014,8,17.13
2026-06-02,T0010,P016,8,19.1
2026-06-02,T0010,P017,1,103.46
2026-06-02,T0010,P018,2,53.96
2026-06-02,T0010,P019,7,32.1
2026-06-02,T0011,P002,1,71.22
2026-06-02,T0011,P003,2,72.47
2026-06-02,T0011,P005,6,53.29
2026-06-02,T0011,P006,1,66.24
2026-06-02,T0011,P007,2,74.43
2026-06-02,T0011,P009,1,45.16
2026-06-02,T0011,P010,3,8.92
2026-06-02,T0011,P011,2,54.45
2026-06-02,T0011,P012,1,33.81
2026-06-02,T0011,P014,3,17.13
2026-06-02,T0011,P015,2,65.43
2026-06-02,T0011,P016,4,19.1
2026-06-02,T0011,P019,1,32.1
2026-06-02,T0012,P001,1,77.79
2026-06-02,T0012,P002,1,71.22
2026-06-02,T0012,P004,2,44.88
2026-06-02,T0012,P005,2,53.29
2026-06-02,T0012,P006,1,66.24
2026-06-02,T0012,P007,2,74.43
2026-06-02,T0012,P008,1,12.46
2026-06-02,T0012,P009,2,45.16
2026-06-02,T0012,P010,3,8.92
2026-06-02,T0012,P014,1,17.13
2026-06-02,T0012,P015,1,65.43
2026-06-02,T0012,P016,2,19.1
2026-06-02,T0012,P019,4,32.1
2026-06-02,T0012,P020,1,61.39
2026-06-02,T0013,P001,1,77.79
2026-06-02,T0013,P002,2,71.22
2026-06-02,T0013,P003,4,72.47
2026-06-02,T0013,P004,9,44.88
2026-06-02,T0013,P005,7,53.29
2026-06-02,T0013,P006,4,66.24
2026-06-02,T0013,P007,2,74.43
2026-06-02,T0013,P008,1,12.46
2026-06-02,T0013,P009,1,45.16
2026-06-02,T0013,P010,2,8.92
2026-06-02,T0013,P011,3,54.45
2026-06-02,T0013,P013,1,20.71
2026-06-02,T0013,P014,2,17.13
2026-06-02,T0013,P015,2,65.43
2026-06-02,T0013,P016,3,19.1
2026-06-02,T0013,P019,1,32.1
2026-06-02,T0013,P020,2,61.39
2026-06-02,T0014,P002,3,71.22
2026-06-02,T0014,P003,1,72.47
2026-06-02,T0014,P004,5,44.88
2026-06-02,T0014,P005,2,53.29
2026-06-02,T0014,P006,3,66.24
2026-06-02,T0014,P007,2,74.43
2026-06-02,T0014,P013,1,20.71
2026-06-02,T0014,P014,5,17.13
2026-06-02,T0014,P016,1,19.1
2026-06-02,T0014,P017,5,103.46
2026-06-02,T0014,P018,1,53.96
2026-06-02,T0014,P019,4,32.1
2026-06-02,T0014,P020,1,61.39
2026-06-02,T0015,P003,88,72.47
2026-06-02,T0016,P002,55,71.22
2026-06-02,T0016,P003,124,72.47
2026-06-02,T0016,P014,83,17.13
2026-06-02,T0016,P019,113,32.1
2026-06-02,T0016,P020,15,61.39
2026-06-02,T0017,P001,1,77.79
2026-06-02,T0017,P003,1,72.47
2026-06-02,T0017,P006,2,66.24
2026-06-02,T0017,P007,2,74.43
2026-06-02,T0017,P008,1,12.46
2026-06-02,T0017,P009,1,45.16
2026-06-02,T0017,P010,1,8.92
2026-06-02,T0017,P011,3,54.45
2026-06-02,T0017,P012,1,33.81
2026-06-02,T0017,P014,1,17.13
2026-06-02,T0017,P016,3,19.1
2026-06-02,T0017,P019,1,32.1
2026-06-02,T0018,P002,1,71.22
2026-06-02,T0018,P003,1,72.47
2026-06-02,T0018,P004,1,44.88
2026-06-02,T0018,P007,2,74.43
2026-06-02,T0018,P008,4,12.46
2026-06-02,T0018,P010,1,8.92
2026-06-02,T0018,P011,2,54.45
2026-06-02,T0018,P012,1,33.81
2026-06-02,T0018,P014,2,17.13
2026-06-02,T0018,P019,4,32.1
2026-06-02,T0018,P020,1,61.39
2026-06-02,T0019,P002,4,71.22
2026-06-02,T0019,P003,6,72.47
2026-06-02,T0019,P004,3,44.88
2026-06-02,T0019,P005,2,53.29
2026-06-02,T0019,P006,1,66.24
2026-06-02,T0019,P007,2,74.43
2026-06-02,T0019,P008,1,12.46
2026-06-02,T0019,P009,1,45.16
2026-06-02,T0019,P010,5,8.92
2026-06-02,T0019,P011,3,54.45
2026-06-02,T0019,P012,1,33.81
2026-06-02,T0019,P014,2,17.13
2026-06-02,T0019,P016,3,19.1
2026-06-02,T0019,P017,2,103.46
2026-06-02,T0019,P019,2,32.1
2026-06-02,T0019,P020,1,61.39
2026-06-02,T0020,P001,2,77.79
2026-06-02,T0020,P002,2,71.22
2026-06-02,T0020,P003,1,72.47
2026-06-02,T0020,P004,1,44.88
2026-06-02,T0020,P005,1,53.29
2026-06-02,T0020,P006,3,66.24
2026-06-02,T0020,P007,1,74.43
2026-06-02,T0020,P009,1,45.16
2026-06-02,T0020,P011,2,54.45
2026-06-02,T0020,P013,1,20.71
2026-06-02,T0020,P014,1,17.13
2026-06-02,T0020,P015,1,65.43
2026-06-02,T0020,P016,2,19.1
2026-06-02,T0020,P017,1,103.46
2026-06-02,T0020,P020,1,61.39
2026-06-02,T0021,P002,1,71.22
2026-06-02,T0021,P004,3,44.88
2026-06-02,T0021,P005,2,53.29
2026-06-02,T0021,P006,1,66.24
2026-06-02,T0021,P007,1,74.43
2026-06-02,T0021,P008,1,12.46
2026-06-02,T0021,P009,2,45.16
2026-06-02,T0021,P010,1,8.92
2026-06-02,T0021,P012,1,33.81
2026-06-02,T0021,P013,1,20.71
2026-06-02,T0021,P014,1,17.13
2026-06-02,T0021,P016,2,19.1
2026-06-02,T0021,P018,1,53.96
2026-06-02,T0022,P004,3,44.88
2026-06-02,T0022,P005,1,53.29
2026-06-02,T0022,P007,1,74.43
2026-06-02,T0022,P008,1,12.46
2026-06-02,T0022,P010,1,8.92
2026-06-02,T0022,P011,2,54.45
2026-06-02,T0022,P014,1,17.13
2026-06-02,T0022,P015,1,65.43
2026-06-02,T0022,P016,1,19.1
2026-06-02,T0023,P002,1,71.22
2026-06-02,T0023,P004,3,44.88
2026-06-02,T0023,P006,3,66.24
2026-06-02,T0023,P008,1,12.46
2026-06-02,T0023,P009,1,45.16
2026-06-02,T0023,P010,1,8.92
2026-06-02,T0023,P011,2,54.45
2026-06-02,T0023,P012,1,33.81
2026-06-02,T0023,P014,4,17.13
2026-06-02,T0023,P016,2,19.1
2026-06-02,T0024,P002,1,71.22
2026-06-02,T0024,P003,2,72.47
2026-06-02,T0024,P004,2,44.88
2026-06-02,T0024,P005,2,53.29
2026-06-02,T0024,P008,4,12.46
2026-06-02,T0024,P011,2,54.45
2026-06-02,T0024,P012,1,33.81
2026-06-02,T0024,P014,3,17.13
2026-06-02,T0024,P015,1,65.43
2026-06-02,T0024,P016,4,19.1
2026-06-02,T0024,P018,1,53.96
2026-06-02,T0024,P019,1,32.1
2026-06-02,T0025,P003,1,72.47
2026-06-02,T0025,P004,2,44.88
2026-06-02,T0025,P006,3,66.24
2026-06-02,T0025,P007,2,74.43
2026-06-02,T0025,P009,1,45.16
2026-06-02,T0025,P011,1,54.45
2026-06-02,T0025,P014,1,17.13
2026-06-02,T0025,P016,2,19.1
2026-06-02,T0025,P020,1,61.39
2026-06-02,T0026,P002,2,71.22
2026-06-02,T0026,P003,1,72.47
2026-06-02,T0026,P004,1,44.88
2026-06-02,T0026,P006,1,66.24
2026-06-02,T0026,P007,1,74.43
2026-06-02,T0026,P013,1,20.71
2026-06-02,T0026,P014,1,17.13
2026-06-02,T0026,P020,1,61.39
2026-06-02,T0027,P003,3,72.47
2026-06-02,T0027,P004,1,44.88
2026-06-02,T0027,P006,1,66.24
2026-06-02,T0027,P008,1,12.46
2026-06-02,T0027,P009,1,45.16
2026-06-02,T0027,P010,2,8.92
2026-06-02,T0027,P011,1,54.45
2026-06-02,T0027,P012,1,33.81
2026-06-02,T0027,P014,1,17.13
2026-06-02,T0027,P016,1,19.1
2026-06-02,T0027,P019,2,32.1
2026-06-02,T0028,P001,1,77.79
2026-06-02,T0028,P002,1,71.22
2026-06-02,T0028,P004,3,44.88
2026-06-02,T0028,P005,3,53.29
2026-06-02,T0028,P006,2,66.24
2026-06-02,T0028,P007,1,74.43
2026-06-02,T0028,P008,1,12.46
2026-06-02,T0028,P009,1,45.16
2026-06-02,T0028,P010,4,8.92
2026-06-02,T0028,P011,2,54.45
2026-06-02,T0028,P012,1,33.81
2026-06-02,T0028,P013,1,20.71
2026-06-02,T0028,P014,1,17.13
2026-06-02,T0028,P015,1,65.43
2026-06-02,T0028,P016,2,19.1
2026-06-02,T0028,P017,1,103.46
2026-06-02,T0029,P001,1,77.79
2026-06-02,T0029,P002,2,71.22
2026-06-02,T0029,P003,2,72.47
2026-06-02,T0029,P004,2,44.88
2026-06-02,T0029,P005,3,53.29
2026-06-02,T0029,P006,1,66.24
2026-06-02,T0029,P007,1,74.43
2026-06-02,T0029,P008,1,12.46
2026-06-02,T0029,P010,1,8.92
2026-06-02,T0029,P011,1,54.45
2026-06-02,T0029,P015,1,65.43
2026-06-02,T0029,P016,2,19.1
2026-06-02,T0029,P019,1,32.1
2026-06-02,T0029,P020,1,61.39
2026-06-02,T0030,P002,3,71.22
2026-06-02,T0030,P004,3,44.88
2026-06-02,T0030,P005,2,53.29
2026-06-02,T0030,P006,1,66.24
2026-06-02,T0030,P007,3,74.43
2026-06-02,T0030,P008,1,12.46
2026-06-02,T0030,P009,1,45.16
2026-06-02,T0030,P010,1,8.92
2026-06-02,T0030,P011,2,54.45
2026-06-02,T0030,P012,3,33.81
2026-06-02,T0030,P014,2,17.13
2026-06-02,T0030,P016,1,19.1
2026-06-02,T0030,P018,1,53.96
2026-06-02,T0030,P019,2,32.1
2026-06-02,T0031,P002,1,71.22
2026-06-02,T0031,P003,1,72.47
2026-06-02,T0031,P004,5,44.88
2026-06-02,T0031,P005,1,53.29
2026-06-02,T0031,P007,3,74.43
2026-06-02,T0031,P008,2,12.46
2026-06-02,T0031,P009,1,45.16
2026-06-02,T0031,P010,4,8.92
2026-06-02,T0031,P011,2,54.45
2026-06-02,T0031,P012,2,33.81
2026-06-02,T0031,P014,3,17.13
2026-06-02,T0031,P015,1,65.43
2026-06-02,T0031,P019,4,32.1
2026-06-02,T0032,P002,2,71.22
2026-06-02,T0032,P004,1,44.88
2026-06-02,T0032,P006,1,66.24
2026-06-02,T0032,P007,1,74.43
2026-06-02,T0032,P008,1,12.46
2026-06-02,T0032,P010,3,8.92
2026-06-02,T0032,P011,2,54.45
2026-06-02,T0032,P014,1,17.13
2026-06-02,T0032,P015,4,65.43
2026-06-02,T0032,P016,7,19.1
2026-06-02,T0032,P017,1,103.46
2026-06-02,T0032,P018,1,53.96
2026-06-02,T0032,P019,1,32.1
2026-06-02,T0032,P020,1,61.39
2026-06-02,T0033,P003,1,72.47
2026-06-02,T0033,P005,1,53.29
2026-06-02,T0033,P006,2,66.24
2026-06-02,T0033,P007,1,74.43
2026-06-02,T0033,P008,1,12.46
2026-06-02,T0033,P009,1,45.16
2026-06-02,T0033,P010,1,8.92
2026-06-02,T0033,P011,1,54.45
2026-06-02,T0033,P012,1,33.81
2026-06-02,T0033,P014,1,17.13
2026-06-02,T0033,P015,1,65.43
2026-06-02,T0033,P017,1,103.46
2026-06-02,T0034,P002,3,71.22
2026-06-02,T0034,P003,1,72.47
2026-06-02,T0034,P004,1,44.88
2026-06-02,T0034,P005,1,53.29
2026-06-02,T0034,P007,1,74.43
2026-06-02,T0034,P009,1,45.16
2026-06-02,T0034,P010,1,8.92
2026-06-02,T0034,P012,1,33.81
2026-06-02,T0034,P014,3,17.13
2026-06-02,T0034,P016,1,19.1
2026-06-02,T0035,P003,2,72.47
2026-06-02,T0035,P004,1,44.88
2026-06-02,T0035,P005,2,53.29
2026-06-02,T0035,P006,1,66.24
2026-06-02,T0035,P009,2,45.16
2026-06-02,T0035,P010,1,8.92
2026-06-02,T0035,P011,1,54.45
2026-06-02,T0035,P013,1,20.71
2026-06-02,T0035,P014,2,17.13
2026-06-02,T0035,P015,1,65.43
2026-06-02,T0035,P016,1,19.1
2026-06-02,T0035,P017,1,103.46
2026-06-02,T0036,P002,1,71.22
2026-06-02,T0036,P003,1,72.47
2026-06-02,T0036,P006,3,66.24
2026-06-02,T0036,P014,1,17.13
2026-06-02,T0037,P002,1,71.22
2026-06-02,T0037,P003,1,72.47
2026-06-02,T0037,P006,2,66.24
2026-06-02,T0037,P008,1,12.46
2026-06-02,T0037,P010,2,8.92
2026-06-02,T0037,P011,5,54.45
2026-06-02,T0037,P012,1,33.81
2026-06-02,T0037,P014,3,17.13
2026-06-02,T0037,P015,1,65.43
2026-06-02,T0037,P016,2,19.1
2026-06-02,T0038,P002,1,71.22
2026-06-02,T0038,P003,2,72.47
2026-06-02,T0038,P004,2,44.88
2026-06-02,T0038,P005,1,53.29
2026-06-02,T0038,P006,2,66.24
2026-06-02,T0038,P007,2,74.43
2026-06-02,T0038,P009,1,45.16
2026-06-02,T0038,P010,3,8.92
2026-06-02,T0038,P011,1,54.45
2026-06-02,T0038,P012,2,33.81
2026-06-02,T0038,P014,2,17.13
2026-06-02,T0038,P015,3,65.43
2026-06-02,T0038,P016,6,19.1
2026-06-02,T0038,P017,1,103.46
2026-06-02,T0038,P018,1,53.96
2026-06-02,T0038,P019,3,32.1
2026-06-02,T0038,P020,1,61.39
2026-06-02,T0039,P002,3,71.22
2026-06-02,T0039,P003,5,72.47
2026-06-02,T0039,P004,2,44.88
2026-06-02,T0039,P006,3,66.24
2026-06-02,T0039,P007,3,74.43
2026-06-02,T0039,P008,3,12.46
2026-06-02,T0039,P009,2,45.16
2026-06-02,T0039,P011,2,54.45
2026-06-02,T0039,P013,1,20.71
2026-06-02,T0039,P016,3,19.1
2026-06-02,T0039,P017,2,103.46
2026-06-02,T0040,P002,2,71.22
2026-06-02,T0040,P003,3,72.47
2026-06-02,T0040,P004,5,44.88
2026-06-02,T0040,P005,1,53.29
2026-06-02,T0040,P006,3,66.24
2026-06-02,T0040,P007,5,74.43
2026-06-02,T0040,P008,2,12.46
2026-06-02,T0040,P011,2,54.45
2026-06-02,T0040,P014,1,17.13
2026-06-02,T0040,P015,5,65.43
2026-06-02,T0040,P016,4,19.1
2026-06-02,T0040,P017,2,103.46
2026-06-02,T0040,P019,4,32.1
2026-06-03,T0001,P001,1,77.79
2026-06-03,T0001,P002,1,71.22
2026-06-03,T0001,P003,6,72.47
2026-06-03,T0001,P004,1,44.88
2026-06-03,T0001,P005,4,53.29
2026-06-03,T0001,P006,3,66.24
2026-06-03,T0001,P007,5,74.43
2026-06-03,T0001,P008,1,12.46
2026-06-03,T0001,P009,1,45.16
2026-06-03,T0001,P010,2,8.92
2026-06-03,T0001,P011,4,54.45
2026-06-03,T0001,P014,5,17.13
2026-06-03,T0001,P016,2,19.1
2026-06-03,T0001,P018,1,53.96
2026-06-03,T0001,P019,2,32.1
2026-06-03,T0002,P002,4,71.22
2026-06-03,T0002,P003,4,72.47
2026-06-03,T0002,P004,4,44.88
2026-06-03,T0002,P005,6,53.29
2026-06-03,T0002,P006,7,66.24
2026-06-03,T0002,P007,2,74.43
2026-06-03,T0002,P008,3,12.46
2026-06-03,T0002,P009,1,45.16
2026-06-03,T0002,P010,2,8.92
2026-06-03,T0002,P011,8,54.45
2026-06-03,T0002,P012,1,33.81
2026-06-03,T0002,P014,2,17.13
2026-06-03,T0002,P015,3,65.43
2026-06-03,T0002,P016,7,19.1
2026-06-03,T0002,P017,3,103.46
2026-06-03,T0002,P018,2,53.96
2026-06-03,T0002,P019,5,32.1
2026-06-03,T0002,P020,4,61.39
2026-06-03,T0003,P002,1,71.22
2026-06-03,T0003,P003,2,72.47
2026-06-03,T0003,P004,2,44.88
2026-06-03,T0003,P005,5,53.29
2026-06-03,T0003,P006,2,66.24
2026-06-03,T0003,P007,5,74.43
2026-06-03,T0003,P008,3,12.46
2026-06-03,T0003,P009,1,45.16
2026-06-03,T0003,P010,3,8.92
2026-06-03,T0003,P011,1,54.45
2026-06-03,T0003,P012,1,33.81
2026-06-03,T0003,P013,1,20.71
2026-06-03,T0003,P014,2,17.13
2026-06-03,T0003,P015,2,65.43
2026-06-03,T0003,P016,5,19.1
2026-06-03,T0003,P017,2,103.46
2026-06-03,T0003,P018,1,53.96
2026-06-03,T0003,P019,3,32.1
2026-06-03,T0004,P002,1,71.22
2026-06-03,T0004,P003,4,72.47
2026-06-03,T0004,P004,5,44.88
2026-06-03,T0004,P005,2,53.29
2026-06-03,T0004,P006,2,66.24
2026-06-03,T0004,P007,3,74.43
2026-06-03,T0004,P008,1,12.46
2026-06-03,T0004,P010,4,8.92
2026-06-03,T0004,P011,4,54.45
2026-06-03,T0004,P012,4,33.81
2026-06-03,T0004,P013,1,20.71
2026-06-03,T0004,P014,3,17.13
2026-06-03,T0004,P016,2,19.1
2026-06-03,T0004,P019,1,32.1
2026-06-03,T0005,P002,1,71.22
2026-06-03,T0005,P003,3,72.47
2026-06-03,T0005,P004,1,44.88
2026-06-03,T0005,P005,4,53.29
2026-06-03,T0005,P006,2,66.24
2026-06-03,T0005,P009,2,45.16
2026-06-03,T0005,P011,2,54.45
2026-06-03,T0005,P012,1,33.81
2026-06-03,T0005,P014,3,17.13
2026-06-03,T0005,P016,3,19.1
2026-06-03,T0005,P019,2,32.1
2026-06-03,T0005,P020,1,61.39
2026-06-03,T0006,P002,6,71.22
2026-06-03,T0006,P003,5,72.47
2026-06-03,T0006,P004,9,44.88
2026-06-03,T0006,P005,5,53.29
2026-06-03,T0006,P006,13,66.24
2026-06-03,T0006,P007,10,74.43
2026-06-03,T0006,P008,4,12.46
2026-06-03,T0006,P009,5,45.16
2026-06-03,T0006,P010,6,8.92
2026-06-03,T0006,P011,5,54.45
2026-06-03,T0006,P012,3,33.81
2026-06-03,T0006,P013,5,20.71
2026-06-03,T0006,P014,8,17.13
2026-06-03,T0006,P015,2,65.43
2026-06-03,T0006,P016,5,19.1
2026-06-03,T0006,P017,2,103.46
2026-06-03,T0006,P018,3,53.96
2026-06-03,T0006,P019,8,32.1
2026-06-03,T0006,P020,1,61.39
2026-06-03,T0007,P001,1,77.79
2026-06-03,T0007,P002,1,71.22
2026-06-03,T0007,P003,9,72.47
2026-06-03,T0007,P004,4,44.88
2026-06-03,T0007,P005,9,53.29
2026-06-03,T0007,P006,2,66.24
2026-06-03,T0007,P007,4,74.43
2026-06-03,T0007,P008,5,12.46
2026-06-03,T0007,P009,3,45.16
2026-06-03,T0007,P010,4,8.92
2026-06-03,T0007,P011,2,54.45
2026-06-03,T0007,P014,5,17.13
2026-06-03,T0007,P015,2,65.43
2026-06-03,T0007,P016,13,19.1
2026-06-03,T0007,P017,2,103.46
2026-06-03,T0007,P018,2,53.96
2026-06-03,T0007,P019,6,32.1
2026-06-03,T0007,P020,2,61.39
2026-06-03,T0008,P001,1,77.79
2026-06-03,T0008,P002,6,71.22
2026-06-03,T0008,P003,2,72.47
2026-06-03,T0008,P004,14,44.88
2026-06-03,T0008,P005,9,53.29
2026-06-03,T0008,P006,5,66.24
2026-06-03,T0008,P007,12,74.43
2026-06-03,T0008,P008,5,12.46
2026-06-03,T0008,P009,6,45.16
2026-06-03,T0008,P010,9,8.92
2026-06-03,T0008,P011,6,54.45
2026-06-03,T0008,P012,4,33.81
2026-06-03,T0008,P014,5,17.13
2026-06-03,T0008,P015,6,65.43
2026-06-03,T0008,P016,9,19.1
2026-06-03,T0008,P017,1,103.46
2026-06-03,T0008,P018,1,53.96
2026-06-03,T0008,P019,6,32.1
2026-06-03,T0008,P020,2,61.39
2026-06-03,T0009,P002,1,71.22
2026-06-03,T0009,P003,2,72.47
2026-06-03,T0009,P004,8,44.88
2026-06-03,T0009,P005,4,53.29
2026-06-03,T0009,P006,8,66.24
2026-06-03,T0009,P007,5,74.43
2026-06-03,T0009,P008,4,12.46
2026-06-03,T0009,P009,4,45.16
2026-06-03,T0009,P010,2,8.92
2026-06-03,T0009,P011,3,54.45
2026-06-03,T0009,P012,1,33.81
2026-06-03,T0009,P014,4,17.13
2026-06-03,T0009,P015,2,65.43
2026-06-03,T0009,P016,5,19.1
2026-06-03,T0009,P017,2,103.46
2026-06-03,T0009,P018,1,53.96
2026-06-03,T0009,P019,8,32.1
2026-06-03,T0009,P020,3,61.39
2026-06-03,T0010,P002,1,71.22
2026-06-03,T0010,P003,2,72.47
2026-06-03,T0010,P004,2,44.88
2026-06-03,T0010,P005,2,53.29
2026-06-03,T0010,P006,2,66.24
2026-06-03,T0010,P007,3,74.43
2026-06-03,T0010,P008,2,12.46
2026-06-03,T0010,P010,4,8.92
2026-06-03,T0010,P011,2,54.45
2026-06-03,T0010,P012,2,33.81
2026-06-03,T0010,P013,1,20.71
2026-06-03,T0010,P014,5,17.13
2026-06-03,T0010,P016,2,19.1
2026-06-03,T0010,P019,1,32.1
2026-06-03,T0010,P020,3,61.39
2026-06-03,T0011,P002,2,71.22
2026-06-03,T0011,P003,6,72.47
2026-06-03,T0011,P004,3,44.88
2026-06-03,T0011,P005,4,53.29
2026-06-03,T0011,P006,3,66.24
2026-06-03,T0011,P007,7,74.43
2026-06-03,T0011,P008,3,12.46
2026-06-03,T0011,P010,2,8.92
2026-06-03,T0011,P011,2,54.45
2026-06-03,T0011,P014,3,17.13
2026-06-03,T0011,P015,1,65.43
2026-06-03,T0011,P016,4,19.1
2026-06-03,T0011,P017,1,103.46
2026-06-03,T0011,P018,1,53.96
2026-06-03,T0011,P019,3,32.1
2026-06-03,T0012,P001,1,77.79
2026-06-03,T0012,P002,2,71.22
2026-06-03,T0012,P003,3,72.47
2026-06-03,T0012,P004,2,44.88
2026-06-03,T0012,P005,2,53.29
2026-06-03,T0012,P006,4,66.24
2026-06-03,T0012,P008,2,12.46
2026-06-03,T0012,P009,1,45.16
2026-06-03,T0012,P011,2,54.45
2026-06-03,T0012,P013,1,20.71
2026-06-03,T0012,P014,3,17.13
2026-06-03,T0012,P016,1,19.1
2026-06-03,T0012,P019,2,32.1
2026-06-03,T0013,P002,3,71.22
2026-06-03,T0013,P003,5,72.47
2026-06-03,T0013,P004,3,44.88
2026-06-03,T0013,P005,2,53.29
2026-06-03,T0013,P006,3,66.24
2026-06-03,T0013,P007,4,74.43
2026-06-03,T0013,P008,5,12.46
2026-06-03,T0013,P009,1,45.16
2026-06-03,T0013,P010,3,8.92
2026-06-03,T0013,P014,2,17.13
2026-06-03,T0013,P015,1,65.43
2026-06-03,T0013,P016,3,19.1
2026-06-03,T0013,P019,2,32.1
2026-06-03,T0014,P002,3,71.22
2026-06-03,T0014,P003,5,72.47
2026-06-03,T0014,P004,4,44.88
2026-06-03,T0014,P005,1,53.29
2026-06-03,T0014,P006,7,66.24
2026-06-03,T0014,P007,5,74.43
2026-06-03,T0014,P008,4,12.46
2026-06-03,T0014,P009,1,45.16
2026-06-03,T0014,P010,5,8.92
2026-06-03,T0014,P011,2,54.45
2026-06-03,T0014,P012,1,33.81
2026-06-03,T0014,P013,1,20.71
2026-06-03,T0014,P014,3,17.13
2026-06-03,T0014,P015,1,65.43
2026-06-03,T0014,P016,2,19.1
2026-06-03,T0014,P017,2,103.46
2026-06-03,T0014,P019,1,32.1
2026-06-03,T0015,P005,65,53.29
2026-06-03,T0016,P002,59,71.22
2026-06-03,T0016,P004,110,44.88
2026-06-03,T0016,P007,126,74.43
2026-06-03,T0016,P015,29,65.43
2026-06-03,T0016,P018,18,53.96
2026-06-03,T0016,P020,26,61.39
2026-06-03,T0017,P003,3,72.47
2026-06-03,T0017,P004,3,44.88
2026-06-03,T0017,P005,1,53.29
2026-06-03,T0017,P006,5,66.24
2026-06-03,T0017,P007,3,74.43
2026-06-03,T0017,P008,1,12.46
2026-06-03,T0017,P009,2,45.16
2026-06-03,T0017,P010,3,8.92
2026-06-03,T0017,P011,3,54.45
2026-06-03,T0017,P012,2,33.81
2026-06-03,T0017,P013,1,20.71
2026-06-03,T0017,P014,1,17.13
2026-06-03,T0017,P019,1,32.1
2026-06-03,T0017,P020,1,61.39
2026-06-03,T0018,P004,1,44.88
2026-06-03,T0018,P005,2,53.29
2026-06-03,T0018,P007,1,74.43
2026-06-03,T0018,P008,2,12.46
2026-06-03,T0018,P010,1,8.92
2026-06-03,T0018,P011,2,54.45
2026-06-03,T0018,P014,2,17.13
2026-06-03,T0018,P015,1,65.43
2026-06-03,T0018,P016,4,19.1
2026-06-03,T0018,P017,1,103.46
2026-06-03,T0018,P019,3,32.1
2026-06-03,T0019,P003,5,72.47
2026-06-03,T0019,P004,5,44.88
2026-06-03,T0019,P005,3,53.29
2026-06-03,T0019,P006,1,66.24
2026-06-03,T0019,P007,3,74.43
2026-06-03,T0019,P010,2,8.92
2026-06-03,T0019,P011,4,54.45
2026-06-03,T0019,P013,1,20.71
2026-06-03,T0019,P014,3,17.13
2026-06-03,T0019,P016,5,19.1
2026-06-03,T0019,P019,2,32.1
2026-06-03,T0019,P020,2,61.39
2026-06-03,T0020,P001,1,77.79
2026-06-03,T0020,P003,3,72.47
2026-06-03,T0020,P004,3,44.88
2026-06-03,T0020,P006,3,66.24
2026-06-03,T0020,P007,1,74.43
2026-06-03,T0020,P008,2,12.46
2026-06-03,T0020,P010,3,8.92
2026-06-03,T0020,P011,2,54.45
2026-06-03,T0020,P012,1,33.81
2026-06-03,T0020,P013,1,20.71
2026-06-03,T0020,P014,1,17.13
2026-06-03,T0020,P017,2,103.46
2026-06-03,T0020,P020,1,61.39
2026-06-03,T0021,P002,3,71.22
2026-06-03,T0021,P003,3,72.47
2026-06-03,T0021,P004,1,44.88
2026-06-03,T0021,P005,1,53.29
2026-06-03,T0021,P007,1,74.43
2026-06-03,T0021,P010,3,8.92
2026-06-03,T0021,P012,1,33.81
2026-06-03,T0021,P015,1,65.43
2026-06-03,T0021,P016,2,19.1
2026-06-03,T0021,P019,2,32.1
2026-06-03,T0022,P002,2,71.22
2026-06-03,T0022,P003,2,72.47
2026-06-03,T0022,P004,1,44.88
2026-06-03,T0022,P006,1,66.24
2026-06-03,T0022,P007,1,74.43
2026-06-03,T0022,P008,1,12.46
2026-06-03,T0022,P011,1,54.45
2026-06-03,T0022,P014,1,17.13
2026-06-03,T0022,P018,2,53.96
2026-06-03,T0022,P019,1,32.1
2026-06-03,T0023,P003,4,72.47
2026-06-03,T0023,P004,1,44.88
2026-06-03,T0023,P005,2,53.29
2026-06-03,T0023,P007,2,74.43
2026-06-03,T0023,P008,1,12.46
2026-06-03,T0023,P009,1,45.16
2026-06-03,T0023,P010,3,8.92
2026-06-03,T0023,P011,1,54.45
2026-06-03,T0023,P014,1,17.13
2026-06-03,T0024,P003,1,72.47
2026-06-03,T0024,P004,3,44.88
2026-06-03,T0024,P005,1,53.29
2026-06-03,T0024,P006,2,66.24
2026-06-03,T0024,P007,2,74.43
2026-06-03,T0024,P009,1,45.16
2026-06-03,T0024,P012,1,33.81
2026-06-03,T0024,P016,1,19.1
2026-06-03,T0024,P019,3,32.1
2026-06-03,T0025,P003,1,72.47
2026-06-03,T0025,P004,2,44.88
2026-06-03,T0025,P006,1,66.24
2026-06-03,T0025,P010,1,8.92
2026-06-03,T0025,P011,1,54.45
2026-06-03,T0025,P012,1,33.81
2026-06-03,T0025,P014,1,17.13
2026-06-03,T0025,P016,3,19.1
2026-06-03,T0026,P002,1,71.22
2026-06-03,T0026,P005,1,53.29
2026-06-03,T0026,P007,1,74.43
2026-06-03,T0026,P009,1,45.16
2026-06-03,T0026,P013,1,20.71
2026-06-03,T0026,P019,2,32.1
2026-06-03,T0027,P004,1,44.88
2026-06-03,T0027,P005,2,53.29
2026-06-03,T0027,P010,1,8.92
2026-06-03,T0027,P012,2,33.81
2026-06-03,T0027,P014,2,17.13
2026-06-03,T0027,P016,1,19.1
2026-06-03,T0027,P019,4,32.1
2026-06-03,T0027,P020,1,61.39
2026-06-03,T0028,P002,1,71.22
2026-06-03,T0028,P003,3,72.47
2026-06-03,T0028,P004,1,44.88
2026-06-03,T0028,P006,3,66.24
2026-06-03,T0028,P007,4,74.43
2026-06-03,T0028,P008,1,12.46
2026-06-03,T0028,P009,1,45.16
2026-06-03,T0028,P010,3,8.92
2026-06-03,T0028,P014,2,17.13
2026-06-03,T0028,P016,1,19.1
2026-06-03,T0028,P019,2,32.1
2026-06-03,T0029,P002,1,71.22
2026-06-03,T0029,P004,1,44.88
2026-06-03,T0029,P005,2,53.29
2026-06-03,T0029,P006,3,66.24
2026-06-03,T0029,P007,2,74.43
2026-06-03,T0029,P009,1,45.16
2026-06-03,T0029,P012,1,33.81
2026-06-03,T0029,P016,1,19.1
2026-06-03,T0030,P001,2,77.79
2026-06-03,T0030,P002,5,71.22
2026-06-03,T0030,P003,2,72.47
2026-06-03,T0030,P004,1,44.88
2026-06-03,T0030,P005,3,53.29
2026-06-03,T0030,P006,4,66.24
2026-06-03,T0030,P007,2,74.43
2026-06-03,T0030,P008,2,12.46
2026-06-03,T0030,P009,1,45.16
2026-06-03,T0030,P010,2,8.92
2026-06-03,T0030,P011,5,54.45
2026-06-03,T0030,P014,2,17.13
2026-06-03,T0030,P015,1,65.43
2026-06-03,T0030,P016,1,19.1
2026-06-03,T0030,P017,1,103.46
2026-06-03,T0030,P020,1,61.39
2026-06-03,T0031,P002,2,71.22
2026-06-03,T0031,P003,1,72.47
2026-06-03,T0031,P004,3,44.88
2026-06-03,T0031,P005,2,53.29
2026-06-03,T0031,P006,4,66.24
2026-06-03,T0031,P007,2,74.43
2026-06-03,T0031,P010,1,8.92
2026-06-03,T0031,P012,2,33.81
2026-06-03,T0031,P014,2,17.13
2026-06-03,T0031,P015,1,65.43
2026-06-03,T0031,P016,2,19.1
2026-06-03,T0031,P017,1,103.46
2026-06-03,T0032,P001,2,77.79
2026-06-03,T0032,P003,2,72.47
2026-06-03,T0032,P005,2,53.29
2026-06-03,T0032,P006,1,66.24
2026-06-03,T0032,P008,2,12.46
2026-06-03,T0032,P009,2,45.16
2026-06-03,T0032,P010,2,8.92
2026-06-03,T0032,P011,1,54.45
2026-06-03,T0032,P013,1,20.71
2026-06-03,T0032,P014,3,17.13
2026-06-03,T0032,P015,1,65.43
2026-06-03,T0032,P016,4,19.1
2026-06-03,T0032,P018,1,53.96
2026-06-03,T0032,P019,5,32.1
2026-06-03,T0033,P004,1,44.88
2026-06-03,T0033,P005,1,53.29
2026-06-03,T0033,P007,2,74.43
2026-06-03,T0033,P008,1,12.46
2026-06-03,T0033,P011,1,54.45
2026-06-03,T0033,P014,2,17.13
2026-06-03,T0033,P015,1,65.43
2026-06-03,T0033,P017,2,103.46
2026-06-03,T0034,P002,1,71.22
2026-06-03,T0034,P003,2,72.47
2026-06-03,T0034,P004,1,44.88
2026-06-03,T0034,P006,1,66.24
2026-06-03,T0034,P007,2,74.43
2026-06-03,T0034,P008,1,12.46
2026-06-03,T0034,P012,1,33.81
2026-06-03,T0034,P019,3,32.1
2026-06-03,T0034,P020,1,61.39
2026-06-03,T0035,P002,1,71.22
2026-06-03,T0035,P003,3,72.47
2026-06-03,T0035,P008,1,12.46
2026-06-03,T0035,P010,1,8.92
2026-06-03,T0035,P015,1,65.43
2026-06-03,T0035,P016,2,19.1
2026-06-03,T0036,P003,2,72.47
2026-06-03,T0036,P004,1,44.88
2026-06-03,T0036,P005,1,53.29
2026-06-03,T0036,P006,2,66.24
2026-06-03,T0036,P007,1,74.43
2026-06-03,T0036,P010,1,8.92
2026-06-03,T0036,P012,1,33.81
2026-06-03,T0036,P014,3,17.13
2026-06-03,T0036,P017,2,103.46
2026-06-03,T0037,P002,1,71.22
2026-06-03,T0037,P003,3,72.47
2026-06-03,T0037,P004,1,44.88
2026-06-03,T0037,P005,1,53.29
2026-06-03,T0037,P006,1,66.24
2026-06-03,T0037,P007,2,74.43
2026-06-03,T0037,P012,2,33.81
2026-06-03,T0037,P016,4,19.1
2026-06-03,T0037,P019,2,32.1
2026-06-03,T0038,P002,1,71.22
2026-06-03,T0038,P003,1,72.47
2026-06-03,T0038,P004,4,44.88
2026-06-03,T0038,P005,1,53.29
2026-06-03,T0038,P006,2,66.24
2026-06-03,T0038,P007,3,74.43
2026-06-03,T0038,P008,2,12.46
2026-06-03,T0038,P009,2,45.16
2026-06-03,T0038,P010,1,8.92
2026-06-03,T0038,P011,2,54.45
2026-06-03,T0038,P013,1,20.71
2026-06-03,T0038,P014,4,17.13
2026-06-03,T0038,P016,1,19.1
2026-06-03,T0038,P017,1,103.46
2026-06-03,T0038,P019,2,32.1
2026-06-03,T0039,P002,1,71.22
2026-06-03,T0039,P003,4,72.47
2026-06-03,T0039,P004,3,44.88
2026-06-03,T0039,P005,2,53.29
2026-06-03,T0039,P006,6,66.24
2026-06-03,T0039,P007,1,74.43
2026-06-03,T0039,P008,1,12.46
2026-06-03,T0039,P009,1,45.16
2026-06-03,T0039,P010,1,8.92
2026-06-03,T0039,P011,1,54.45
2026-06-03,T0039,P013,1,20.71
2026-06-03,T0039,P014,2,17.13
2026-06-03,T0039,P017,1,103.46
2026-06-03,T0039,P019,3,32.1
2026-06-03,T0040,P002,1,71.22
2026-06-03,T0040,P003,3,72.47
2026-06-03,T0040,P004,4,44.88
2026-06-03,T0040,P005,1,53.29
2026-06-03,T0040,P006,2,66.24
2026-06-03,T0040,P007,4,74.43
2026-06-03,T0040,P008,1,12.46
2026-06-03,T0040,P010,2,8.92
2026-06-03,T0040,P011,1,54.45
2026-06-03,T0040,P012,3,33.81
2026-06-03,T0040,P014,1,17.13
2026-06-03,T0040,P015,1,65.43
2026-06-03,T0040,P016,2,19.1
2026-06-03,T0040,P017,1,103.46
2026-06-03,T0040,P018,2,53.96
2026-06-03,T0040,P019,3,32.1
2026-06-04,T0001,P002,1,71.22
2026-06-04,T0001,P003,1,72.47
2026-06-04,T0001,P004,1,44.88
2026-06-04,T0001,P005,4,53.29
2026-06-04,T0001,P006,3,66.24
2026-06-04,T0001,P007,1,74.43
2026-06-04,T0001,P009,3,45.16
2026-06-04,T0001,P010,4,8.92
2026-06-04,T0001,P011,1,54.45
2026-06-04,T0001,P012,1,33.81
2026-06-04,T0001,P014,5,17.13
2026-06-04,T0001,P015,1,65.43
2026-06-04,T0001,P016,4,19.1
2026-06-04,T0001,P017,2,103.46
2026-06-04,T0001,P019,4,32.1
2026-06-04,T0002,P002,2,71.22
2026-06-04,T0002,P003,9,72.47
2026-06-04,T0002,P004,6,44.88
2026-06-04,T0002,P005,2,53.29
2026-06-04,T0002,P006,5,66.24
2026-06-04,T0002,P007,4,74.43
2026-06-04,T0002,P008,3,12.46
2026-06-04,T0002,P009,3,45.16
2026-06-04,T0002,P010,2,8.92
2026-06-04,T0002,P011,3,54.45
2026-06-04,T0002,P012,2,33.81
2026-06-04,T0002,P014,5,17.13
2026-06-04,T0002,P016,5,19.1
2026-06-04,T0002,P017,2,103.46
2026-06-04,T0002,P019,3,32.1
2026-06-04,T0002,P020,1,61.39
2026-06-04,T0003,P001,1,77.79
2026-06-04,T0003,P002,5,71.22
2026-06-04,T0003,P003,4,72.47
2026-06-04,T0003,P004,1,44.88
2026-06-04,T0003,P005,3,53.29
2026-06-04,T0003,P006,2,66.24
2026-06-04,T0003,P007,4,74.43
2026-06-04,T0003,P008,1,12.46
2026-06-04,T0003,P010,2,8.92
2026-06-04,T0003,P011,3,54.45
2026-06-04,T0003,P013,2,20.71
2026-06-04,T0003,P014,1,17.13
2026-06-04,T0003,P016,3,19.1
2026-06-04,T0003,P018,2,53.96
2026-06-04,T0003,P019,2,32.1
2026-06-04,T0004,P002,2,71.22
2026-06-04,T0004,P003,3,72.47
2026-06-04,T0004,P004,1,44.88
2026-06-04,T0004,P005,2,53.29
2026-06-04,T0004,P006,1,66.24
2026-06-04,T0004,P007,3,74.43
2026-06-04,T0004,P008,1,12.46
2026-06-04,T0004,P009,1,45.16
2026-06-04,T0004,P010,2,8.92
2026-06-04,T0004,P011,1,54.45
2026-06-04,T0004,P012,1,33.81
2026-06-04,T0004,P014,2,17.13
2026-06-04,T0004,P015,2,65.43
2026-06-04,T0004,P016,2,19.1
2026-06-04,T0004,P019,3,32.1
2026-06-04,T0004,P020,1,61.39
2026-06-04,T0005,P002,3,71.22
2026-06-04,T0005,P003,1,72.47
2026-06-04,T0005,P004,2,44.88
2026-06-04,T0005,P005,4,53.29
2026-06-04,T0005,P006,2,66.24
2026-06-04,T0005,P008,2,12.46
2026-06-04,T0005,P009,1,45.16
2026-06-04,T0005,P010,1,8.92
2026-06-04,T0005,P012,1,33.81
2026-06-04,T0005,P014,5,17.13
2026-06-04,T0005,P015,1,65.43
2026-06-04,T0005,P016,3,19.1
2026-06-04,T0005,P018,1,53.96
2026-06-04,T0005,P019,1,32.1
2026-06-04,T0005,P020,1,61.39
2026-06-04,T0006,P002,2,71.22
2026-06-04,T0006,P003,16,72.47
2026-06-04,T0006,P004,7,44.88
2026-06-04,T0006,P005,5,53.29
2026-06-04,T0006,P006,8,66.24
2026-06-04,T0006,P007,10,74.43
2026-06-04,T0006,P008,5,12.46
2026-06-04,T0006,P009,4,45.16
2026-06-04,T0006,P010,11,8.92
2026-06-04,T0006,P011,5,54.45
2026-06-04,T0006,P012,4,33.81
2026-06-04,T0006,P013,1,20.71
2026-06-04,T0006,P014,9,17.13
2026-06-04,T0006,P015,1,65.43
2026-06-04,T0006,P016,4,19.1
2026-06-04,T0006,P017,3,103.46
2026-06-04,T0006,P018,1,53.96
2026-06-04,T0006,P019,6,32.1
2026-06-04,T0007,P001,2,77.79
2026-06-04,T0007,P002,2,71.22
2026-06-04,T0007,P003,4,72.47
2026-06-04,T0007,P004,3,44.88
2026-06-04,T0007,P005,5,53.29
2026-06-04,T0007,P006,3,66.24
2026-06-04,T0007,P007,2,74.43
2026-06-04,T0007,P008,3,12.46
2026-06-04,T0007,P009,3,45.16
2026-06-04,T0007,P010,7,8.92
2026-06-04,T0007,P011,2,54.45
2026-06-04,T0007,P012,1,33.81
2026-06-04,T0007,P014,6,17.13
2026-06-04,T0007,P016,5,19.1
2026-06-04,T0007,P017,1,103.46
2026-06-04,T0007,P018,3,53.96
2026-06-04,T0007,P019,8,32.1
2026-06-04,T0007,P020,1,61.39
2026-06-04,T0008,P001,2,77.79
2026-06-04,T0008,P002,4,71.22
2026-06-04,T0008,P003,10,72.47
2026-06-04,T0008,P004,8,44.88
2026-06-04,T0008,P005,11,53.29
2026-06-04,T0008,P006,6,66.24
2026-06-04,T0008,P007,4,74.43
2026-06-04,T0008,P008,8,12.46
2026-06-04,T0008,P009,2,45.16
2026-06-04,T0008,P010,6,8.92
2026-06-04,T0008,P011,8,54.45
2026-06-04,T0008,P012,2,33.81
2026-06-04,T0008,P014,5,17.13
2026-06-04,T0008,P015,4,65.43
2026-06-04,T0008,P016,1,19.1
2026-06-04,T0008,P017,4,103.46
2026-06-04,T0008,P018,3,53.96
2026-06-04,T0008,P019,11,32.1
2026-06-04,T0008,P020,2,61.39
2026-06-04,T0009,P001,1,77.79
2026-06-04,T0009,P002,3,71.22
2026-06-04,T0009,P003,8,72.47
2026-06-04,T0009,P004,6,44.88
2026-06-04,T0009,P005,1,53.29
2026-06-04,T0009,P006,8,66.24
2026-06-04,T0009,P007,6,74.43
2026-06-04,T0009,P008,2,12.46
2026-06-04,T0009,P009,1,45.16
2026-06-04,T0009,P010,4,8.92
2026-06-04,T0009,P011,4,54.45
2026-06-04,T0009,P012,2,33.81
2026-06-04,T0009,P014,11,17.13
2026-06-04,T0009,P015,1,65.43
2026-06-04,T0009,P016,6,19.1
2026-06-04,T0009,P017,1,103.46
2026-06-04,T0009,P018,2,53.96
2026-06-04,T0009,P019,4,32.1
2026-06-04,T0009,P020,3,61.39
2026-06-04,T0010,P002,4,71.22
2026-06-04,T0010,P003,1,72.47
2026-06-04,T0010,P004,2,44.88
2026-06-04,T0010,P005,2,53.29
2026-06-04,T0010,P006,1,66.24
2026-06-04,T0010,P007,2,74.43
2026-06-04,T0010,P008,3,12.46
2026-06-04,T0010,P009,1,45.16
2026-06-04,T0010,P010,4,8.92
2026-06-04,T0010,P011,2,54.45
2026-06-04,T0010,P013,2,20.71
2026-06-04,T0010,P014,8,17.13
2026-06-04,T0010,P015,1,65.43
2026-06-04,T0010,P016,3,19.1
2026-06-04,T0010,P017,1,103.46
2026-06-04,T0010,P019,6,32.1
2026-06-04,T0010,P020,1,61.39
2026-06-04,T0011,P002,1,71.22
2026-06-04,T0011,P003,1,72.47
2026-06-04,T0011,P004,4,44.88
2026-06-04,T0011,P006,1,66.24
2026-06-04,T0011,P008,2,12.46
2026-06-04,T0011,P009,1,45.16
2026-06-04,T0011,P010,1,8.92
2026-06-04,T0011,P011,1,54.45
2026-06-04,T0011,P012,1,33.81
2026-06-04,T0011,P014,2,17.13
2026-06-04,T0011,P015,2,65.43
2026-06-04,T0011,P016,2,19.1
2026-06-04,T0011,P017,2,103.46
2026-06-04,T0011,P019,2,32.1
2026-06-04,T0011,P020,1,61.39
2026-06-04,T0012,P001,1,77.79
2026-06-04,T0012,P002,1,71.22
2026-06-04,T0012,P004,2,44.88
2026-06-04,T0012,P005,1,53.29
2026-06-04,T0012,P006,2,66.24
2026-06-04,T0012,P007,1,74.43
2026-06-04,T0012,P008,1,12.46
2026-06-04,T0012,P009,2,45.16
2026-06-04,T0012,P010,2,8.92
2026-06-04,T0012,P011,4,54.45
2026-06-04,T0012,P012,2,33.81
2026-06-04,T0012,P015,1,65.43
2026-06-04,T0012,P016,3,19.1
2026-06-04,T0012,P019,3,32.1
2026-06-04,T0013,P001,2,77.79
2026-06-04,T0013,P002,2,71.22
2026-06-04,T0013,P003,3,72.47
2026-06-04,T0013,P004,9,44.88
2026-06-04,T0013,P006,8,66.24
2026-06-04,T0013,P007,5,74.43
2026-06-04,T0013,P008,3,12.46
2026-06-04,T0013,P009,1,45.16
2026-06-04,T0013,P010,2,8.92
2026-06-04,T0013,P011,4,54.45
2026-06-04,T0013,P012,2,33.81
2026-06-04,T0013,P014,5,17.13
2026-06-04,T0013,P016,2,19.1
2026-06-04,T0013,P018,1,53.96
2026-06-04,T0013,P019,5,32.1
2026-06-04,T0013,P020,1,61.39
2026-06-04,T0014,P002,2,71.22
2026-06-04,T0014,P003,5,72.47
2026-06-04,T0014,P004,5,44.88
2026-06-04,T0014,P005,2,53.29
2026-06-04,T0014,P006,2,66.24
2026-06-04,T0014,P007,4,74.43
2026-06-04,T0014,P008,5,12.46
2026-06-04,T0014,P010,2,8.92
2026-06-04,T0014,P011,3,54.45
2026-06-04,T0014,P012,1,33.81
2026-06-04,T0014,P013,1,20.71
2026-06-04,T0014,P014,3,17.13
2026-06-04,T0014,P015,1,65.43
2026-06-04,T0014,P016,3,19.1
2026-06-04,T0014,P017,1,103.46
2026-06-04,T0014,P018,1,53.96
2026-06-04,T0014,P019,2,32.1
2026-06-04,T0015,P005,57,53.29
2026-06-04,T0015,P006,70,66.24
2026-06-04,T0015,P007,79,74.43
2026-06-04,T0015,P012,24,33.81
2026-06-04,T0015,P014,66,17.13
2026-06-04,T0015,P015,17,65.43
2026-06-04,T0015,P016,71,19.1
2026-06-04,T0016,P001,7,77.79
2026-06-04,T0016,P008,69,12.46
2026-06-04,T0016,P013,17,20.71
2026-06-04,T0016,P017,42,103.46
2026-06-04,T0017,P003,2,72.47
2026-06-04,T0017,P004,1,44.88
2026-06-04,T0017,P005,3,53.29
2026-06-04,T0017,P006,5,66.24
2026-06-04,T0017,P007,2,74.43
2026-06-04,T0017,P008,4,12.46
2026-06-04,T0017,P010,5,8.92
2026-06-04,T0017,P011,1,54.45
2026-06-04,T0017,P012,4,33.81
2026-06-04,T0017,P014,2,17.13
2026-06-04,T0017,P015,1,65.43
2026-06-04,T0017,P016,6,19.1
2026-06-04,T0017,P017,1,103.46
2026-06-04,T0017,P019,1,32.1
2026-06-04,T0018,P004,1,44.88
2026-06-04,T0018,P006,1,66.24
2026-06-04,T0018,P007,3,74.43
2026-06-04,T0018,P009,1,45.16
2026-06-04,T0018,P012,2,33.81
2026-06-04,T0018,P014,1,17.13
2026-06-04,T0018,P016,2,19.1
2026-06-04,T0018,P017,1,103.46
2026-06-04,T0018,P019,1,32.1
2026-06-04,T0019,P003,2,72.47
2026-06-04,T0019,P004,5,44.88
2026-06-04,T0019,P005,4,53.29
2026-06-04,T0019,P006,4,66.24
2026-06-04,T0019,P007,1,74.43
2026-06-04,T0019,P008,1,12.46
2026-06-04,T0019,P010,7,8.92
2026-06-04,T0019,P011,4,54.45
2026-06-04,T0019,P012,2,33.81
2026-06-04,T0019,P014,1,17.13
2026-06-04,T0019,P016,1,19.1
2026-06-04,T0019,P018,1,53.96
2026-06-04,T0019,P019,1,32.1
2026-06-04,T0020,P004,1,44.88
2026-06-04,T0020,P005,2,53.29
2026-06-04,T0020,P006,2,66.24
2026-06-04,T0020,P007,2,74.43
2026-06-04,T0020,P008,1,12.46
2026-06-04,T0020,P010,4,8.92
2026-06-04,T0020,P011,1,54.45
2026-06-04,T0020,P014,1,17.13
2026-06-04,T0020,P015,2,65.43
2026-06-04,T0020,P016,1,19.1
2026-06-04,T0020,P019,2,32.1
2026-06-04,T0021,P003,1,72.47
2026-06-04,T0021,P004,2,44.88
2026-06-04,T0021,P005,1,53.29
2026-06-04,T0021,P006,4,66.24
2026-06-04,T0021,P007,2,74.43
2026-06-04,T0021,P008,3,12.46
2026-06-04,T0021,P009,1,45.16
2026-06-04,T0021,P010,1,8.92
2026-06-04,T0021,P013,2,20.71
2026-06-04,T0021,P015,1,65.43
2026-06-04,T0021,P016,2,19.1
2026-06-04,T0021,P017,1,103.46
2026-06-04,T0021,P019,1,32.1
2026-06-04,T0022,P003,2,72.47
2026-06-04,T0022,P004,1,44.88
2026-06-04,T0022,P005,1,53.29
2026-06-04,T0022,P006,1,66.24
2026-06-04,T0022,P007,3,74.43
2026-06-04,T0022,P015,1,65.43
2026-06-04,T0022,P016,1,19.1
2026-06-04,T0023,P007,2,74.43
2026-06-04,T0023,P008,2,12.46
2026-06-04,T0023,P009,1,45.16
2026-06-04,T0023,P010,1,8.92
2026-06-04,T0023,P011,1,54.45
2026-06-04,T0023,P014,2,17.13
2026-06-04,T0023,P016,3,19.1
2026-06-04,T0023,P017,1,103.46
2026-06-04,T0023,P019,1,32.1
2026-06-04,T0024,P002,1,71.22
2026-06-04,T0024,P004,3,44.88
2026-06-04,T0024,P005,2,53.29
2026-06-04,T0024,P007,1,74.43
2026-06-04,T0024,P010,1,8.92
2026-06-04,T0024,P011,3,54.45
2026-06-04,T0024,P014,2,17.13
2026-06-04,T0024,P015,2,65.43
2026-06-04,T0024,P017,2,103.46
2026-06-04,T0024,P018,1,53.96
2026-06-04,T0024,P019,1,32.1
2026-06-04,T0025,P002,1,71.22
2026-06-04,T0025,P004,1,44.88
2026-06-04,T0025,P008,1,12.46
2026-06-04,T0025,P010,3,8.92
2026-06-04,T0025,P011,1,54.45
2026-06-04,T0025,P015,1,65.43
2026-06-04,T0025,P016,2,19.1
2026-06-04,T0025,P019,1,32.1
2026-06-04,T0025,P020,1,61.39
2026-06-04,T0026,P002,1,71.22
2026-06-04,T0026,P003,1,72.47
2026-06-04,T0026,P005,1,53.29
2026-06-04,T0026,P006,1,66.24
2026-06-04,T0026,P007,1,74.43
2026-06-04,T0026,P009,1,45.16
2026-06-04,T0026,P010,2,8.92
2026-06-04,T0026,P012,1,33.81
2026-06-04,T0026,P014,1,17.13
2026-06-04,T0026,P015,1,65.43
2026-06-04,T0026,P019,2,32.1
2026-06-04,T0027,P002,1,71.22
2026-06-04,T0027,P003,3,72.47
2026-06-04,T0027,P005,2,53.29
2026-06-04,T0027,P007,3,74.43
2026-06-04,T0027,P008,1,12.46
2026-06-04,T0027,P009,1,45.16
2026-06-04,T0027,P011,1,54.45
2026-06-04,T0027,P014,2,17.13
2026-06-04,T0027,P016,2,19.1
2026-06-04,T0027,P017,1,103.46
2026-06-04,T0027,P019,1,32.1
2026-06-04,T0028,P002,1,71.22
2026-06-04,T0028,P004,2,44.88
2026-06-04,T0028,P006,3,66.24
2026-06-04,T0028,P007,2,74.43
2026-06-04,T0028,P008,2,12.46
2026-06-04,T0028,P009,2,45.16
2026-06-04,T0028,P010,1,8.92
2026-06-04,T0028,P011,1,54.45
2026-06-04,T0028,P015,1,65.43
2026-06-04,T0028,P016,4,19.1
2026-06-04,T0028,P019,1,32.1
2026-06-04,T0029,P002,1,71.22
2026-06-04,T0029,P004,1,44.88
2026-06-04,T0029,P005,3,53.29
2026-06-04,T0029,P006,4,66.24
2026-06-04,T0029,P008,1,12.46
2026-06-04,T0029,P010,2,8.92
2026-06-04,T0029,P011,1,54.45
2026-06-04,T0029,P014,1,17.13
2026-06-04,T0029,P015,1,65.43
2026-06-04,T0029,P016,5,19.1
2026-06-04,T0029,P018,1,53.96
2026-06-04,T0030,P002,2,71.22
2026-06-04,T0030,P003,1,72.47
2026-06-04,T0030,P004,2,44.88
2026-06-04,T0030,P005,1,53.29
2026-06-04,T0030,P007,1,74.43
2026-06-04,T0030,P008,2,12.46
2026-06-04,T0030,P009,2,45.16
2026-06-04,T0030,P010,1,8.92
2026-06-04,T0030,P011,3,54.45
2026-06-04,T0030,P015,1,65.43
2026-06-04,T0030,P016,2,19.1
2026-06-04,T0030,P017,1,103.46
2026-06-04,T0030,P019,1,32.1
2026-06-04,T0030,P020,1,61.39
2026-06-04,T0031,P002,3,71.22
2026-06-04,T0031,P003,4,72.47
2026-06-04,T0031,P004,2,44.88
2026-06-04,T0031,P005,1,53.29
2026-06-04,T0031,P006,1,66.24
2026-06-04,T0031,P008,6,12.46
2026-06-04,T0031,P010,4,8.92
2026-06-04,T0031,P011,2,54.45
2026-06-04,T0031,P012,1,33.81
2026-06-04,T0031,P014,4,17.13
2026-06-04,T0031,P015,4,65.43
2026-06-04,T0031,P016,2,19.1
2026-06-04,T0031,P019,1,32.1
2026-06-04,T0031,P020,1,61.39
2026-06-04,T0032,P002,2,71.22
2026-06-04,T0032,P003,1,72.47
2026-06-04,T0032,P004,1,44.88
2026-06-04,T0032,P005,1,53.29
2026-06-04,T0032,P007,4,74.43
2026-06-04,T0032,P008,1,12.46
2026-06-04,T0032,P010,2,8.92
2026-06-04,T0032,P011,1,54.45
2026-06-04,T0032,P012,1,33.81
2026-06-04,T0032,P013,1,20.71
2026-06-04,T0032,P014,1,17.13
2026-06-04,T0032,P016,3,19.1
2026-06-04,T0032,P017,2,103.46
2026-06-04,T0032,P018,2,53.96
2026-06-04,T0032,P019,1,32.1
2026-06-04,T0032,P020,1,61.39
2026-06-04,T0033,P001,1,77.79
2026-06-04,T0033,P003,2,72.47
2026-06-04,T0033,P004,2,44.88
2026-06-04,T0033,P006,1,66.24
2026-06-04,T0033,P007,2,74.43
2026-06-04,T0033,P011,1,54.45
2026-06-04,T0033,P012,1,33.81
2026-06-04,T0033,P014,1,17.13
2026-06-04,T0033,P018,1,53.96
2026-06-04,T0034,P001,1,77.79
2026-06-04,T0034,P002,3,71.22
2026-06-04,T0034,P005,3,53.29
2026-06-04,T0034,P006,2,66.24
2026-06-04,T0034,P007,3,74.43
2026-06-04,T0034,P008,1,12.46
2026-06-04,T0034,P009,2,45.16
2026-06-04,T0034,P010,2,8.92
2026-06-04,T0034,P011,2,54.45
2026-06-04,T0034,P012,1,33.81
2026-06-04,T0034,P014,3,17.13
2026-06-04,T0034,P015,1,65.43
2026-06-04,T0034,P016,1,19.1
2026-06-04,T0034,P019,1,32.1
2026-06-04,T0035,P003,1,72.47
2026-06-04,T0035,P007,1,74.43
2026-06-04,T0035,P010,1,8.92
2026-06-04,T0035,P012,1,33.81
2026-06-04,T0035,P016,2,19.1
2026-06-04,T0035,P020,1,61.39
2026-06-04,T0036,P004,1,44.88
2026-06-04,T0036,P005,1,53.29
2026-06-04,T0036,P006,1,66.24
2026-06-04,T0036,P008,2,12.46
2026-06-04,T0036,P009,1,45.16
2026-06-04,T0036,P014,1,17.13
2026-06-04,T0036,P015,1,65.43
2026-06-04,T0036,P019,2,32.1
2026-06-04,T0037,P002,2,71.22
2026-06-04,T0037,P003,1,72.47
2026-06-04,T0037,P004,4,44.88
2026-06-04,T0037,P005,1,53.29
2026-06-04,T0037,P006,2,66.24
2026-06-04,T0037,P007,2,74.43
2026-06-04,T0037,P010,1,8.92
2026-06-04,T0037,P014,2,17.13
2026-06-04,T0037,P015,2,65.43
2026-06-04,T0037,P016,1,19.1
2026-06-04,T0037,P018,1,53.96
2026-06-04,T0037,P019,1,32.1
2026-06-04,T0037,P020,1,61.39
2026-06-04,T0038,P001,1,77.79
2026-06-04,T0038,P002,6,71.22
2026-06-04,T0038,P003,1,72.47
2026-06-04,T0038,P004,1,44.88
2026-06-04,T0038,P006,1,66.24
2026-06-04,T0038,P011,1,54.45
2026-06-04,T0038,P012,1,33.81
2026-06-04,T0038,P014,1,17.13
2026-06-04,T0038,P016,2,19.1
2026-06-04,T0038,P017,1,103.46
2026-06-04,T0038,P020,1,61.39
2026-06-04,T0039,P003,1,72.47
2026-06-04,T0039,P004,3,44.88
2026-06-04,T0039,P006,3,66.24
2026-06-04,T0039,P007,3,74.43
2026-06-04,T0039,P008,1,12.46
2026-06-04,T0039,P009,2,45.16
2026-06-04,T0039,P010,4,8.92
2026-06-04,T0039,P011,3,54.45
2026-06-04,T0039,P012,2,33.81
2026-06-04,T0039,P014,2,17.13
2026-06-04,T0039,P015,1,65.43
2026-06-04,T0039,P016,2,19.1
2026-06-04,T0039,P018,2,53.96
2026-06-04,T0039,P019,3,32.1
2026-06-04,T0039,P020,1,61.39
2026-06-04,T0040,P003,4,72.47
2026-06-04,T0040,P004,1,44.88
2026-06-04,T0040,P005,3,53.29
2026-06-04,T0040,P006,2,66.24
2026-06-04,T0040,P007,3,74.43
2026-06-04,T0040,P008,1,12.46
2026-06-04,T0040,P009,3,45.16
2026-06-04,T0040,P010,3,8.92
2026-06-04,T0040,P011,2,54.45
2026-06-04,T0040,P012,1,33.81
2026-06-04,T0040,P016,3,19.1
2026-06-04,T0040,P018,2,53.96
2026-06-04,T0040,P019,3,32.1
2026-06-05,T0001,P002,3,71.22
2026-06-05,T0001,P003,10,72.47
2026-06-05,T0001,P004,1,44.88
2026-06-05,T0001,P005,6,53.29
2026-06-05,T0001,P006,6,66.24
2026-06-05,T0001,P007,4,74.43
2026-06-05,T0001,P008,1,12.46
2026-06-05,T0001,P010,4,8.92
2026-06-05,T0001,P011,6,54.45
2026-06-05,T0001,P014,3,17.13
2026-06-05,T0001,P016,6,19.1
2026-06-05,T0001,P017,1,103.46
2026-06-05,T0001,P019,4,32.1
2026-06-05,T0001,P020,1,61.39
2026-06-05,T0002,P001,1,77.79
2026-06-05,T0002,P002,5,71.22
2026-06-05,T0002,P003,7,72.47
2026-06-05,T0002,P004,7,44.88
2026-06-05,T0002,P005,2,53.29
2026-06-05,T0002,P006,10,66.24
2026-06-05,T0002,P008,5,12.46
2026-06-05,T0002,P009,6,45.16
2026-06-05,T0002,P010,7,8.92
2026-06-05,T0002,P011,6,54.45
2026-06-05,T0002,P012,1,33.81
2026-06-05,T0002,P013,2,20.71
2026-06-05,T0002,P014,7,17.13
2026-06-05,T0002,P016,7,19.1
2026-06-05,T0002,P017,3,103.46
2026-06-05,T0002,P019,8,32.1
2026-06-05,T0002,P020,1,61.39
2026-06-05,T0003,P001,1,77.79
2026-06-05,T0003,P002,3,71.22
2026-06-05,T0003,P003,3,72.47
2026-06-05,T0003,P004,3,44.88
2026-06-05,T0003,P005,2,53.29
2026-06-05,T0003,P006,4,66.24
2026-06-05,T0003,P007,4,74.43
2026-06-05,T0003,P009,1,45.16
2026-06-05,T0003,P010,3,8.92
2026-06-05,T0003,P011,2,54.45
2026-06-05,T0003,P012,1,33.81
2026-06-05,T0003,P014,4,17.13
2026-06-05,T0003,P016,3,19.1
2026-06-05,T0003,P019,5,32.1
2026-06-05,T0004,P001,1,77.79
2026-06-05,T0004,P002,2,71.22
2026-06-05,T0004,P003,3,72.47
2026-06-05,T0004,P004,3,44.88
2026-06-05,T0004,P005,2,53.29
2026-06-05,T0004,P006,4,66.24
2026-06-05,T0004,P007,8,74.43
2026-06-05,T0004,P008,4,12.46
2026-06-05,T0004,P009,3,45.16
2026-06-05,T0004,P010,7,8.92
2026-06-05,T0004,P011,6,54.45
2026-06-05,T0004,P012,5,33.81
2026-06-05,T0004,P013,1,20.71
2026-06-05,T0004,P014,1,17.13
2026-06-05,T0004,P015,2,65.43
2026-06-05,T0004,P016,5,19.1
2026-06-05,T0004,P017,3,103.46
2026-06-05,T0004,P018,1,53.96
2026-06-05,T0004,P019,2,32.1
2026-06-05,T0005,P001,1,77.79
2026-06-05,T0005,P002,3,71.22
2026-06-05,T0005,P003,4,72.47
2026-06-05,T0005,P004,2,44.88
2026-06-05,T0005,P005,3,53.29
2026-06-05,T0005,P006,3,66.24
2026-06-05,T0005,P007,4,74.43
2026-06-05,T0005,P008,3,12.46
2026-06-05,T0005,P010,3,8.92
2026-06-05,T0005,P011,3,54.45
2026-06-05,T0005,P012,4,33.81
2026-06-05,T0005,P014,2,17.13
2026-06-05,T0005,P016,7,19.1
2026-06-05,T0005,P019,4,32.1
2026-06-05,T0006,P001,3,77.79
2026-06-05,T0006,P002,7,71.22
2026-06-05,T0006,P003,16,72.47
2026-06-05,T0006,P004,10,44.88
2026-06-05,T0006,P005,11,53.29
2026-06-05,T0006,P006,9,66.24
2026-06-05,T0006,P008,11,12.46
2026-06-05,T0006,P009,3,45.16
2026-06-05,T0006,P010,12,8.92
2026-06-05,T0006,P011,5,54.45
2026-06-05,T0006,P012,4,33.81
2026-06-05,T0006,P013,3,20.71
2026-06-05,T0006,P014,7,17.13
2026-06-05,T0006,P015,11,65.43
2026-06-05,T0006,P016,19,19.1
2026-06-05,T0006,P017,1,103.46
2026-06-05,T0006,P018,1,53.96
2026-06-05,T0006,P019,6,32.1
2026-06-05,T0006,P020,2,61.39
2026-06-05,T0007,P001,1,77.79
2026-06-05,T0007,P002,4,71.22
2026-06-05,T0007,P003,8,72.47
2026-06-05,T0007,P004,4,44.88
2026-06-05,T0007,P005,3,53.29
2026-06-05,T0007,P006,7,66.24
2026-06-05,T0007,P007,8,74.43
2026-06-05,T0007,P008,4,12.46
2026-06-05,T0007,P009,3,45.16
2026-06-05,T0007,P010,8,8.92
2026-06-05,T0007,P011,4,54.45
2026-06-05,T0007,P012,5,33.81
2026-06-05,T0007,P013,3,20.71
2026-06-05,T0007,P014,6,17.13
2026-06-05,T0007,P015,3,65.43
2026-06-05,T0007,P016,5,19.1
2026-06-05,T0007,P017,3,103.46
2026-06-05,T0007,P018,2,53.96
2026-06-05,T0007,P019,2,32.1
2026-06-05,T0007,P020,2,61.39
2026-06-05,T0008,P001,1,77.79
2026-06-05,T0008,P002,3,71.22
2026-06-05,T0008,P003,15,72.47
2026-06-05,T0008,P004,9,44.88
2026-06-05,T0008,P005,5,53.29
2026-06-05,T0008,P006,6,66.24
2026-06-05,T0008,P007,10,74.43
2026-06-05,T0008,P008,4,12.46
2026-06-05,T0008,P010,4,8.92
2026-06-05,T0008,P011,6,54.45
2026-06-05,T0008,P012,6,33.81
2026-06-05,T0008,P013,1,20.71
2026-06-05,T0008,P014,13,17.13
2026-06-05,T0008,P015,6,65.43
2026-06-05,T0008,P016,14,19.1
2026-06-05,T0008,P017,4,103.46
2026-06-05,T0008,P018,3,53.96
2026-06-05,T0008,P019,5,32.1
2026-06-05,T0008,P020,1,61.39
2026-06-05,T0009,P001,3,77.79
2026-06-05,T0009,P002,8,71.22
2026-06-05,T0009,P003,4,72.47
2026-06-05,T0009,P004,11,44.88
2026-06-05,T0009,P005,4,53.29
2026-06-05,T0009,P006,10,66.24
2026-06-05,T0009,P007,9,74.43
2026-06-05,T0009,P008,7,12.46
2026-06-05,T0009,P009,5,45.16
2026-06-05,T0009,P010,12,8.92
2026-06-05,T0009,P011,3,54.45
2026-06-05,T0009,P012,2,33.81
2026-06-05,T0009,P014,6,17.13
2026-06-05,T0009,P015,4,65.43
2026-06-05,T0009,P016,9,19.1
2026-06-05,T0009,P017,6,103.46
2026-06-05,T0009,P018,3,53.96
2026-06-05,T0009,P019,7,32.1
2026-06-05,T0009,P020,1,61.39
2026-06-05,T0010,P002,2,71.22
2026-06-05,T0010,P003,7,72.47
2026-06-05,T0010,P004,3,44.88
2026-06-05,T0010,P005,2,53.29
2026-06-05,T0010,P006,5,66.24
2026-06-05,T0010,P007,4,74.43
2026-06-05,T0010,P008,5,12.46
2026-06-05,T0010,P010,5,8.92
2026-06-05,T0010,P011,6,54.45
2026-06-05,T0010,P012,2,33.81
2026-06-05,T0010,P014,4,17.13
2026-06-05,T0010,P016,3,19.1
2026-06-05,T0010,P017,2,103.46
2026-06-05,T0010,P019,3,32.1
2026-06-05,T0010,P020,2,61.39
2026-06-05,T0011,P003,4,72.47
2026-06-05,T0011,P004,5,44.88
2026-06-05,T0011,P005,1,53.29
2026-06-05,T0011,P006,3,66.24
2026-06-05,T0011,P007,4,74.43
2026-06-05,T0011,P008,1,12.46
2026-06-05,T0011,P009,1,45.16
2026-06-05,T0011,P010,1,8.92
2026-06-05,T0011,P011,5,54.45
2026-06-05,T0011,P012,3,33.81
2026-06-05,T0011,P014,1,17.13
2026-06-05,T0011,P016,6,19.1
2026-06-05,T0011,P017,1,103.46
2026-06-05,T0011,P018,1,53.96
2026-06-05,T0011,P019,1,32.1
2026-06-05,T0011,P020,2,61.39
2026-06-05,T0012,P002,2,71.22
2026-06-05,T0012,P003,5,72.47
2026-06-05,T0012,P004,5,44.88
2026-06-05,T0012,P005,2,53.29
2026-06-05,T0012,P006,5,66.24
2026-06-05,T0012,P008,1,12.46
2026-06-05,T0012,P010,1,8.92
2026-06-05,T0012,P011,2,54.45
2026-06-05,T0012,P012,2,33.81
2026-06-05,T0012,P013,1,20.71
2026-06-05,T0012,P014,4,17.13
2026-06-05,T0012,P015,2,65.43
2026-06-05,T0012,P016,2,19.1
2026-06-05,T0012,P018,1,53.96
2026-06-05,T0012,P019,1,32.1
2026-06-05,T0012,P020,1,61.39
2026-06-05,T0013,P002,1,71.22
2026-06-05,T0013,P003,4,72.47
2026-06-05,T0013,P004,7,44.88
2026-06-05,T0013,P005,6,53.29
2026-06-05,T0013,P006,4,66.24
2026-06-05,T0013,P007,5,74.43
2026-06-05,T0013,P008,2,12.46
2026-06-05,T0013,P009,1,45.16
2026-06-05,T0013,P010,4,8.92
2026-06-05,T0013,P011,3,54.45
2026-06-05,T0013,P012,1,33.81
2026-06-05,T0013,P014,5,17.13
2026-06-05,T0013,P016,4,19.1
2026-06-05,T0013,P018,1,53.96
2026-06-05,T0013,P019,5,32.1
2026-06-05,T0014,P001,1,77.79
2026-06-05,T0014,P002,1,71.22
2026-06-05,T0014,P003,3,72.47
2026-06-05,T0014,P004,5,44.88
2026-06-05,T0014,P005,1,53.29
2026-06-05,T0014,P006,6,66.24
2026-06-05,T0014,P008,3,12.46
2026-06-05,T0014,P009,2,45.16
2026-06-05,T0014,P010,4,8.92
2026-06-05,T0014,P011,1,54.45
2026-06-05,T0014,P015,1,65.43
2026-06-05,T0014,P016,4,19.1
2026-06-05,T0014,P017,2,103.46
2026-06-05,T0014,P019,3,32.1
2026-06-05,T0014,P020,1,61.39
2026-06-05,T0015,P007,92,74.43
2026-06-05,T0015,P011,69,54.45
2026-06-05,T0015,P016,119,19.1
2026-06-05,T0015,P018,23,53.96
2026-06-05,T0016,P003,203,72.47
2026-06-05,T0016,P004,162,44.88
2026-06-05,T0016,P010,150,8.92
2026-06-05,T0016,P011,112,54.45
2026-06-05,T0017,P002,1,71.22
2026-06-05,T0017,P003,3,72.47
2026-06-05,T0017,P004,1,44.88
2026-06-05,T0017,P005,3,53.29
2026-06-05,T0017,P006,1,66.24
2026-06-05,T0017,P007,4,74.43
2026-06-05,T0017,P008,2,12.46
2026-06-05,T0017,P009,2,45.16
2026-06-05,T0017,P010,1,8.92
2026-06-05,T0017,P011,3,54.45
2026-06-05,T0017,P012,1,33.81
2026-06-05,T0017,P013,1,20.71
2026-06-05,T0017,P014,3,17.13
2026-06-05,T0017,P015,1,65.43
2026-06-05,T0017,P016,6,19.1
2026-06-05,T0017,P017,1,103.46
2026-06-05,T0017,P019,3,32.1
2026-06-05,T0018,P002,2,71.22
2026-06-05,T0018,P003,4,72.47
2026-06-05,T0018,P004,2,44.88
2026-06-05,T0018,P007,2,74.43
2026-06-05,T0018,P008,1,12.46
2026-06-05,T0018,P009,3,45.16
2026-06-05,T0018,P010,4,8.92
2026-06-05,T0018,P011,1,54.45
2026-06-05,T0018,P012,1,33.81
2026-06-05,T0018,P014,1,17.13
2026-06-05,T0018,P016,2,19.1
2026-06-05,T0018,P018,1,53.96
2026-06-05,T0018,P019,3,32.1
2026-06-05,T0019,P002,4,71.22
2026-06-05,T0019,P003,5,72.47
2026-06-05,T0019,P004,3,44.88
2026-06-05,T0019,P006,4,66.24
2026-06-05,T0019,P008,4,12.46
2026-06-05,T0019,P010,3,8.92
2026-06-05,T0019,P011,1,54.45
2026-06-05,T0019,P012,2,33.81
2026-06-05,T0019,P014,4,17.13
2026-06-05,T0019,P016,2,19.1
2026-06-05,T0019,P019,3,32.1
2026-06-05,T0019,P020,1,61.39
2026-06-05,T0020,P003,1,72.47
2026-06-05,T0020,P004,4,44.88
2026-06-05,T0020,P005,1,53.29
2026-06-05,T0020,P006,1,66.24
2026-06-05,T0020,P007,6,74.43
2026-06-05,T0020,P009,2,45.16
2026-06-05,T0020,P010,3,8.92
2026-06-05,T0020,P011,1,54.45
2026-06-05,T0020,P016,3,19.1
2026-06-05,T0020,P018,1,53.96
2026-06-05,T0020,P019,1,32.1
2026-06-05,T0021,P001,1,77.79
2026-06-05,T0021,P002,1,71.22
2026-06-05,T0021,P003,4,72.47
2026-06-05,T0021,P004,3,44.88
2026-06-05,T0021,P005,1,53.29
2026-06-05,T0021,P006,3,66.24
2026-06-05,T0021,P007,2,74.43
2026-06-05,T0021,P008,1,12.46
2026-06-05,T0021,P009,1,45.16
2026-06-05,T0021,P010,3,8.92
2026-06-05,T0021,P011,4,54.45
2026-06-05,T0021,P014,2,17.13
2026-06-05,T0021,P016,2,19.1
2026-06-05,T0021,P019,2,32.1
2026-06-05,T0022,P003,3,72.47
2026-06-05,T0022,P004,2,44.88
2026-06-05,T0022,P005,2,53.29
2026-06-05,T0022,P007,3,74.43
2026-06-05,T0022,P009,1,45.16
2026-06-05,T0022,P010,2,8.92
2026-06-05,T0022,P011,2,54.45
2026-06-05,T0022,P012,1,33.81
2026-06-05,T0022,P016,1,19.1
2026-06-05,T0022,P017,1,103.46
2026-06-05,T0022,P019,1,32.1
2026-06-05,T0023,P001,2,77.79
2026-06-05,T0023,P004,1,44.88
2026-06-05,T0023,P005,2,53.29
2026-06-05,T0023,P006,2,66.24
2026-06-05,T0023,P007,2,74.43
2026-06-05,T0023,P011,1,54.45
2026-06-05,T0023,P013,2,20.71
2026-06-05,T0023,P014,1,17.13
2026-06-05,T0024,P002,1,71.22
2026-06-05,T0024,P003,2,72.47
2026-06-05,T0024,P004,3,44.88
2026-06-05,T0024,P005,5,53.29
2026-06-05,T0024,P008,1,12.46
2026-06-05,T0024,P009,2,45.16
2026-06-05,T0024,P011,1,54.45
2026-06-05,T0024,P012,1,33.81
2026-06-05,T0024,P015,1,65.43
2026-06-05,T0024,P016,1,19.1
2026-06-05,T0024,P017,1,103.46
2026-06-05,T0024,P019,4,32.1
2026-06-05,T0025,P002,1,71.22
2026-06-05,T0025,P003,2,72.47
2026-06-05,T0025,P004,1,44.88
2026-06-05,T0025,P005,2,53.29
2026-06-05,T0025,P008,3,12.46
2026-06-05,T0025,P014,1,17.13
2026-06-05,T0025,P019,2,32.1
2026-06-05,T0026,P001,1,77.79
2026-06-05,T0026,P004,4,44.88
2026-06-05,T0026,P006,1,66.24
2026-06-05,T0026,P007,4,74.43
2026-06-05,T0026,P008,1,12.46
2026-06-05,T0026,P014,2,17.13
2026-06-05,T0026,P015,1,65.43
2026-06-05,T0026,P016,1,19.1
2026-06-05,T0026,P019,1,32.1
2026-06-05,T0026,P020,1,61.39
2026-06-05,T0027,P002,3,71.22
2026-06-05,T0027,P003,1,72.47
2026-06-05,T0027,P004,1,44.88
2026-06-05,T0027,P006,3,66.24
2026-06-05,T0027,P007,3,74.43
2026-06-05,T0027,P008,1,12.46
2026-06-05,T0027,P009,1,45.16
2026-06-05,T0027,P010,2,8.92
2026-06-05,T0027,P011,1,54.45
2026-06-05,T0027,P012,2,33.81
2026-06-05,T0027,P014,2,17.13
2026-06-05,T0027,P015,1,65.43
2026-06-05,T0027,P016,4,19.1
2026-06-05,T0027,P018,3,53.96
2026-06-05,T0027,P019,1,32.1
2026-06-05,T0028,P002,1,71.22
2026-06-05,T0028,P003,3,72.47
2026-06-05,T0028,P004,2,44.88
2026-06-05,T0028,P005,1,53.29
2026-06-05,T0028,P006,4,66.24
2026-06-05,T0028,P008,1,12.46
2026-06-05,T0028,P009,2,45.16
2026-06-05,T0028,P010,1,8.92
2026-06-05,T0028,P012,2,33.81
2026-06-05,T0028,P016,1,19.1
2026-06-05,T0028,P017,1,103.46
2026-06-05,T0028,P018,2,53.96
2026-06-05,T0029,P002,1,71.22
2026-06-05,T0029,P003,3,72.47
2026-06-05,T0029,P004,2,44.88
2026-06-05,T0029,P005,1,53.29
2026-06-05,T0029,P006,2,66.24
2026-06-05,T0029,P007,2,74.43
2026-06-05,T0029,P008,3,12.46
2026-06-05,T0029,P009,1,45.16
2026-06-05,T0029,P010,1,8.92
2026-06-05,T0029,P014,6,17.13
2026-06-05,T0029,P015,3,65.43
2026-06-05,T0029,P016,3,19.1
2026-06-05,T0029,P019,1,32.1
2026-06-05,T0029,P020,1,61.39
2026-06-05,T0030,P002,1,71.22
2026-06-05,T0030,P003,1,72.47
2026-06-05,T0030,P004,3,44.88
2026-06-05,T0030,P007,3,74.43
2026-06-05,T0030,P008,3,12.46
2026-06-05,T0030,P009,2,45.16
2026-06-05,T0030,P010,3,8.92
2026-06-05,T0030,P011,2,54.45
2026-06-05,T0030,P012,1,33.81
2026-06-05,T0030,P013,1,20.71
2026-06-05,T0030,P014,2,17.13
2026-06-05,T0030,P016,2,19.1
2026-06-05,T0030,P017,2,103.46
2026-06-05,T0030,P018,2,53.96
2026-06-05,T0030,P019,2,32.1
2026-06-05,T0030,P020,1,61.39
2026-06-05,T0031,P002,1,71.22
2026-06-05,T0031,P003,3,72.47
2026-06-05,T0031,P004,5,44.88
2026-06-05,T0031,P005,3,53.29
2026-06-05,T0031,P006,6,66.24
2026-06-05,T0031,P007,1,74.43
2026-06-05,T0031,P008,1,12.46
2026-06-05,T0031,P009,1,45.16
2026-06-05,T0031,P010,2,8.92
2026-06-05,T0031,P012,2,33.81
2026-06-05,T0031,P014,2,17.13
2026-06-05,T0031,P016,4,19.1
2026-06-05,T0031,P019,6,32.1
2026-06-05,T0031,P020,1,61.39
2026-06-05,T0032,P002,3,71.22
2026-06-05,T0032,P003,6,72.47
2026-06-05,T0032,P004,8,44.88
2026-06-05,T0032,P005,3,53.29
2026-06-05,T0032,P006,1,66.24
2026-06-05,T0032,P007,3,74.43
2026-06-05,T0032,P009,2,45.16
2026-06-05,T0032,P010,3,8.92
2026-06-05,T0032,P011,3,54.45
2026-06-05,T0032,P014,1,17.13
2026-06-05,T0032,P016,2,19.1
2026-06-05,T0032,P017,1,103.46
2026-06-05,T0032,P018,1,53.96
2026-06-05,T0032,P019,5,32.1
2026-06-05,T0032,P020,1,61.39
2026-06-05,T0033,P002,1,71.22
2026-06-05,T0033,P003,1,72.47
2026-06-05,T0033,P005,2,53.29
2026-06-05,T0033,P006,4,66.24
2026-06-05,T0033,P007,1,74.43
2026-06-05,T0033,P010,2,8.92
2026-06-05,T0033,P011,1,54.45
2026-06-05,T0033,P012,2,33.81
2026-06-05,T0033,P014,1,17.13
2026-06-05,T0033,P015,1,65.43
2026-06-05,T0033,P016,1,19.1
2026-06-05,T0033,P017,1,103.46
2026-06-05,T0033,P018,1,53.96
2026-06-05,T0033,P019,4,32.1
2026-06-05,T0033,P020,2,61.39
2026-06-05,T0034,P003,4,72.47
2026-06-05,T0034,P004,7,44.88
2026-06-05,T0034,P005,1,53.29
2026-06-05,T0034,P006,1,66.24
2026-06-05,T0034,P007,1,74.43
2026-06-05,T0034,P009,1,45.16
2026-06-05,T0034,P010,1,8.92
2026-06-05,T0034,P012,3,33.81
2026-06-05,T0034,P013,2,20.71
2026-06-05,T0034,P014,1,17.13
2026-06-05,T0034,P015,2,65.43
2026-06-05,T0034,P016,4,19.1
2026-06-05,T0034,P019,2,32.1
2026-06-05,T0035,P002,1,71.22
2026-06-05,T0035,P004,1,44.88
2026-06-05,T0035,P005,1,53.29
2026-06-05,T0035,P006,2,66.24
2026-06-05,T0035,P009,2,45.16
2026-06-05,T0035,P010,1,8.92
2026-06-05,T0035,P014,1,17.13
2026-06-05,T0036,P003,4,72.47
2026-06-05,T0036,P004,1,44.88
2026-06-05,T0036,P005,2,53.29
2026-06-05,T0036,P006,2,66.24
2026-06-05,T0036,P007,1,74.43
2026-06-05,T0036,P010,2,8.92
2026-06-05,T0036,P014,1,17.13
2026-06-05,T0036,P015,1,65.43
2026-06-05,T0036,P016,1,19.1
2026-06-05,T0036,P019,1,32.1
2026-06-05,T0036,P020,1,61.39
2026-06-05,T0037,P001,1,77.79
2026-06-05,T0037,P002,2,71.22
2026-06-05,T0037,P003,1,72.47
2026-06-05,T0037,P004,3,44.88
2026-06-05,T0037,P005,1,53.29
2026-06-05,T0037,P006,2,66.24
2026-06-05,T0037,P008,1,12.46
2026-06-05,T0037,P009,1,45.16
2026-06-05,T0037,P010,2,8.92
2026-06-05,T0037,P011,2,54.45
2026-06-05,T0037,P013,1,20.71
2026-06-05,T0037,P014,3,17.13
2026-06-05,T0037,P015,1,65.43
2026-06-05,T0037,P016,4,19.1
2026-06-05,T0037,P018,1,53.96
2026-06-05,T0038,P003,1,72.47
2026-06-05,T0038,P005,1,53.29
2026-06-05,T0038,P006,3,66.24
2026-06-05,T0038,P008,3,12.46
2026-06-05,T0038,P009,1,45.16
2026-06-05,T0038,P010,4,8.92
2026-06-05,T0038,P011,2,54.45
2026-06-05,T0038,P012,1,33.81
2026-06-05,T0038,P014,2,17.13
2026-06-05,T0038,P016,2,19.1
2026-06-05,T0038,P017,1,103.46
2026-06-05,T0038,P019,4,32.1
2026-06-05,T0038,P020,1,61.39
2026-06-05,T0039,P002,2,71.22
2026-06-05,T0039,P003,2,72.47
2026-06-05,T0039,P004,5,44.88
2026-06-05,T0039,P005,6,53.29
2026-06-05,T0039,P006,5,66.24
2026-06-05,T0039,P007,6,74.43
2026-06-05,T0039,P008,2,12.46
2026-06-05,T0039,P010,2,8.92
2026-06-05,T0039,P012,2,33.81
2026-06-05,T0039,P013,2,20.71
2026-06-05,T0039,P014,1,17.13
2026-06-05,T0039,P015,2,65.43
2026-06-05,T0039,P016,6,19.1
2026-06-05,T0039,P017,3,103.46
2026-06-05,T0039,P019,3,32.1
2026-06-05,T0040,P002,2,71.22
2026-06-05,T0040,P003,6,72.47
2026-06-05,T0040,P004,5,44.88
2026-06-05,T0040,P005,3,53.29
2026-06-05,T0040,P006,2,66.24
2026-06-05,T0040,P007,1,74.43
2026-06-05,T0040,P008,1,12.46
2026-06-05,T0040,P009,1,45.16
2026-06-05,T0040,P010,3,8.92
2026-06-05,T0040,P011,3,54.45
2026-06-05,T0040,P012,3,33.81
2026-06-05,T0040,P014,3,17.13
2026-06-05,T0040,P015,2,65.43
2026-06-05,T0040,P016,3,19.1
2026-06-05,T0040,P019,4,32.1
2026-06-06,T0001,P001,2,77.79
2026-06-06,T0001,P003,8,72.47
2026-06-06,T0001,P004,5,44.88
2026-06-06,T0001,P005,1,53.29
2026-06-06,T0001,P006,7,66.24
2026-06-06,T0001,P007,3,74.43
2026-06-06,T0001,P009,1,45.16
2026-06-06,T0001,P010,3,8.92
2026-06-06,T0001,P011,1,54.45
2026-06-06,T0001,P012,2,33.81
2026-06-06,T0001,P014,3,17.13
2026-06-06,T0001,P015,1,65.43
2026-06-06,T0001,P016,9,19.1
2026-06-06,T0001,P018,2,53.96
2026-06-06,T0001,P019,6,32.1
2026-06-06,T0001,P020,1,61.39
2026-06-06,T0002,P001,2,77.79
2026-06-06,T0002,P002,7,71.22
2026-06-06,T0002,P003,10,72.47
2026-06-06,T0002,P004,8,44.88
2026-06-06,T0002,P005,4,53.29
2026-06-06,T0002,P006,6,66.24
2026-06-06,T0002,P008,1,12.46
2026-06-06,T0002,P009,3,45.16
2026-06-06,T0002,P010,6,8.92
2026-06-06,T0002,P011,5,54.45
2026-06-06,T0002,P012,2,33.81
2026-06-06,T0002,P013,1,20.71
2026-06-06,T0002,P014,4,17.13
2026-06-06,T0002,P015,2,65.43
2026-06-06,T0002,P016,8,19.1
2026-06-06,T0002,P017,1,103.46
2026-06-06,T0002,P018,2,53.96
2026-06-06,T0002,P019,9,32.1
2026-06-06,T0002,P020,2,61.39
2026-06-06,T0003,P002,2,71.22
2026-06-06,T0003,P003,2,72.47
2026-06-06,T0003,P004,1,44.88
2026-06-06,T0003,P005,3,53.29
2026-06-06,T0003,P006,2,66.24
2026-06-06,T0003,P007,4,74.43
2026-06-06,T0003,P008,3,12.46
2026-06-06,T0003,P009,2,45.16
2026-06-06,T0003,P010,3,8.92
2026-06-06,T0003,P014,5,17.13
2026-06-06,T0003,P015,2,65.43
2026-06-06,T0003,P016,6,19.1
2026-06-06,T0003,P017,2,103.46
2026-06-06,T0003,P019,3,32.1
2026-06-06,T0004,P001,1,77.79
2026-06-06,T0004,P002,1,71.22
2026-06-06,T0004,P003,2,72.47
2026-06-06,T0004,P004,1,44.88
2026-06-06,T0004,P005,4,53.29
2026-06-06,T0004,P006,3,66.24
2026-06-06,T0004,P007,3,74.43
2026-06-06,T0004,P008,2,12.46
2026-06-06,T0004,P009,2,45.16
2026-06-06,T0004,P010,3,8.92
2026-06-06,T0004,P011,3,54.45
2026-06-06,T0004,P013,1,20.71
2026-06-06,T0004,P014,5,17.13
2026-06-06,T0004,P016,3,19.1
2026-06-06,T0004,P017,1,103.46
2026-06-06,T0004,P019,2,32.1
2026-06-06,T0005,P002,2,71.22
2026-06-06,T0005,P003,3,72.47
2026-06-06,T0005,P004,3,44.88
2026-06-06,T0005,P005,3,53.29
2026-06-06,T0005,P006,2,66.24
2026-06-06,T0005,P007,1,74.43
2026-06-06,T0005,P008,1,12.46
2026-06-06,T0005,P009,2,45.16
2026-06-06,T0005,P010,2,8.92
2026-06-06,T0005,P011,2,54.45
2026-06-06,T0005,P012,1,33.81
2026-06-06,T0005,P013,2,20.71
2026-06-06,T0005,P014,4,17.13
2026-06-06,T0005,P015,2,65.43
2026-06-06,T0005,P016,2,19.1
2026-06-06,T0005,P017,2,103.46
2026-06-06,T0005,P018,1,53.96
2026-06-06,T0005,P019,4,32.1
2026-06-06,T0005,P020,4,61.39
2026-06-06,T0006,P001,2,77.79
2026-06-06,T0006,P002,7,71.22
2026-06-06,T0006,P003,9,72.47
2026-06-06,T0006,P004,5,44.88
2026-06-06,T0006,P005,13,53.29
2026-06-06,T0006,P006,5,66.24
2026-06-06,T0006,P008,5,12.46
2026-06-06,T0006,P009,2,45.16
2026-06-06,T0006,P010,7,8.92
2026-06-06,T0006,P011,8,54.45
2026-06-06,T0006,P012,6,33.81
2026-06-06,T0006,P013,2,20.71
2026-06-06,T0006,P014,7,17.13
2026-06-06,T0006,P015,4,65.43
2026-06-06,T0006,P016,9,19.1
2026-06-06,T0006,P017,4,103.46
2026-06-06,T0006,P018,1,53.96
2026-06-06,T0006,P019,10,32.1
2026-06-06,T0006,P020,1,61.39
2026-06-06,T0007,P002,8,71.22
2026-06-06,T0007,P003,6,72.47
2026-06-06,T0007,P004,6,44.88
2026-06-06,T0007,P005,8,53.29
2026-06-06,T0007,P006,3,66.24
2026-06-06,T0007,P007,5,74.43
2026-06-06,T0007,P008,2,12.46
2026-06-06,T0007,P009,4,45.16
2026-06-06,T0007,P010,3,8.92
2026-06-06,T0007,P011,5,54.45
2026-06-06,T0007,P012,5,33.81
2026-06-06,T0007,P013,1,20.71
2026-06-06,T0007,P014,4,17.13
2026-06-06,T0007,P015,1,65.43
2026-06-06,T0007,P016,3,19.1
2026-06-06,T0007,P017,1,103.46
2026-06-06,T0007,P018,1,53.96
2026-06-06,T0007,P019,10,32.1
2026-06-06,T0007,P020,3,61.39
2026-06-06,T0008,P001,2,77.79
2026-06-06,T0008,P002,4,71.22
2026-06-06,T0008,P003,7,72.47
2026-06-06,T0008,P004,16,44.88
2026-06-06,T0008,P005,10,53.29
2026-06-06,T0008,P006,10,66.24
2026-06-06,T0008,P007,7,74.43
2026-06-06,T0008,P008,2,12.46
2026-06-06,T0008,P009,3,45.16
2026-06-06,T0008,P010,11,8.92
2026-06-06,T0008,P011,9,54.45
2026-06-06,T0008,P012,3,33.81
2026-06-06,T0008,P013,1,20.71
2026-06-06,T0008,P014,5,17.13
2026-06-06,T0008,P015,5,65.43
2026-06-06,T0008,P016,10,19.1
2026-06-06,T0008,P017,5,103.46
2026-06-06,T0008,P018,2,53.96
2026-06-06,T0008,P019,12,32.1
2026-06-06,T0008,P020,3,61.39
2026-06-06,T0009,P002,3,71.22
2026-06-06,T0009,P003,8,72.47
2026-06-06,T0009,P004,6,44.88
2026-06-06,T0009,P005,10,53.29
2026-06-06,T0009,P006,7,66.24
2026-06-06,T0009,P007,6,74.43
2026-06-06,T0009,P008,7,12.46
2026-06-06,T0009,P009,2,45.16
2026-06-06,T0009,P010,5,8.92
2026-06-06,T0009,P011,6,54.45
2026-06-06,T0009,P012,4,33.81
2026-06-06,T0009,P013,2,20.71
2026-06-06,T0009,P014,8,17.13
2026-06-06,T0009,P015,6,65.43
2026-06-06,T0009,P016,6,19.1
2026-06-06,T0009,P018,2,53.96
2026-06-06,T0009,P019,7,32.1
2026-06-06,T0010,P002,1,71.22
2026-06-06,T0010,P003,5,72.47
2026-06-06,T0010,P004,6,44.88
2026-06-06,T0010,P005,2,53.29
2026-06-06,T0010,P006,4,66.24
2026-06-06,T0010,P007,3,74.43
2026-06-06,T0010,P008,3,12.46
2026-06-06,T0010,P009,3,45.16
2026-06-06,T0010,P010,4,8.92
2026-06-06,T0010,P011,3,54.45
2026-06-06,T0010,P012,1,33.81
2026-06-06,T0010,P014,3,17.13
2026-06-06,T0010,P015,1,65.43
2026-06-06,T0010,P016,6,19.1
2026-06-06,T0010,P017,2,103.46
2026-06-06,T0010,P019,3,32.1
2026-06-06,T0010,P020,1,61.39
2026-06-06,T0011,P002,5,71.22
2026-06-06,T0011,P003,3,72.47
2026-06-06,T0011,P004,3,44.88
2026-06-06,T0011,P005,3,53.29
2026-06-06,T0011,P006,2,66.24
2026-06-06,T0011,P007,4,74.43
2026-06-06,T0011,P010,2,8.92
2026-06-06,T0011,P011,3,54.45
2026-06-06,T0011,P012,2,33.81
2026-06-06,T0011,P013,2,20.71
2026-06-06,T0011,P014,3,17.13
2026-06-06,T0011,P016,3,19.1
2026-06-06,T0011,P017,1,103.46
2026-06-06,T0011,P019,5,32.1
2026-06-06,T0012,P002,2,71.22
2026-06-06,T0012,P003,1,72.47
2026-06-06,T0012,P004,3,44.88
2026-06-06,T0012,P006,2,66.24
2026-06-06,T0012,P008,1,12.46
2026-06-06,T0012,P009,2,45.16
2026-06-06,T0012,P010,2,8.92
2026-06-06,T0012,P011,2,54.45
2026-06-06,T0012,P014,1,17.13
2026-06-06,T0012,P016,3,19.1
2026-06-06,T0012,P017,3,103.46
2026-06-06,T0012,P019,6,32.1
2026-06-06,T0012,P020,1,61.39
2026-06-06,T0013,P002,2,71.22
2026-06-06,T0013,P003,3,72.47
2026-06-06,T0013,P004,1,44.88
2026-06-06,T0013,P005,3,53.29
2026-06-06,T0013,P006,5,66.24
2026-06-06,T0013,P007,4,74.43
2026-06-06,T0013,P008,2,12.46
2026-06-06,T0013,P009,1,45.16
2026-06-06,T0013,P010,3,8.92
2026-06-06,T0013,P011,3,54.45
2026-06-06,T0013,P012,3,33.81
2026-06-06,T0013,P013,1,20.71
2026-06-06,T0013,P014,3,17.13
2026-06-06,T0013,P016,5,19.1
2026-06-06,T0013,P017,3,103.46
2026-06-06,T0013,P018,1,53.96
2026-06-06,T0013,P019,1,32.1
2026-06-06,T0013,P020,4,61.39
2026-06-06,T0014,P001,1,77.79
2026-06-06,T0014,P002,2,71.22
2026-06-06,T0014,P003,2,72.47
2026-06-06,T0014,P004,5,44.88
2026-06-06,T0014,P005,8,53.29
2026-06-06,T0014,P006,5,66.24
2026-06-06,T0014,P008,1,12.46
2026-06-06,T0014,P009,1,45.16
2026-06-06,T0014,P010,7,8.92
2026-06-06,T0014,P011,4,54.45
2026-06-06,T0014,P012,1,33.81
2026-06-06,T0014,P013,2,20.71
2026-06-06,T0014,P014,4,17.13
2026-06-06,T0014,P015,1,65.43
2026-06-06,T0014,P016,5,19.1
2026-06-06,T0014,P018,1,53.96
2026-06-06,T0014,P019,5,32.1
2026-06-06,T0014,P020,3,61.39
2026-06-06,T0015,P013,15,20.71
2026-06-06,T0015,P019,106,32.1
2026-06-06,T0016,P006,154,66.24
2026-06-06,T0016,P010,121,8.92
2026-06-06,T0016,P019,35,32.1
2026-06-06,T0016,P020,35,61.39
2026-06-06,T0017,P001,1,77.79
2026-06-06,T0017,P002,3,71.22
2026-06-06,T0017,P003,3,72.47
2026-06-06,T0017,P004,3,44.88
2026-06-06,T0017,P005,2,53.29
2026-06-06,T0017,P006,2,66.24
2026-06-06,T0017,P008,1,12.46
2026-06-06,T0017,P009,1,45.16
2026-06-06,T0017,P010,4,8.92
2026-06-06,T0017,P011,1,54.45
2026-06-06,T0017,P012,1,33.81
2026-06-06,T0017,P014,3,17.13
2026-06-06,T0017,P015,1,65.43
2026-06-06,T0017,P016,4,19.1
2026-06-06,T0017,P017,1,103.46
2026-06-06,T0017,P018,2,53.96
2026-06-06,T0017,P019,2,32.1
2026-06-06,T0017,P020,1,61.39
2026-06-06,T0018,P002,2,71.22
2026-06-06,T0018,P003,1,72.47
2026-06-06,T0018,P004,3,44.88
2026-06-06,T0018,P006,2,66.24
2026-06-06,T0018,P010,2,8.92
2026-06-06,T0018,P011,3,54.45
2026-06-06,T0018,P012,2,33.81
2026-06-06,T0018,P014,1,17.13
2026-06-06,T0018,P015,1,65.43
2026-06-06,T0018,P016,2,19.1
2026-06-06,T0018,P019,3,32.1
2026-06-06,T0018,P020,1,61.39
2026-06-06,T0019,P001,1,77.79
2026-06-06,T0019,P002,1,71.22
2026-06-06,T0019,P003,2,72.47
2026-06-06,T0019,P004,2,44.88
2026-06-06,T0019,P005,2,53.29
2026-06-06,T0019,P006,1,66.24
2026-06-06,T0019,P008,1,12.46
2026-06-06,T0019,P010,3,8.92
2026-06-06,T0019,P014,2,17.13
2026-06-06,T0019,P016,5,19.1
2026-06-06,T0019,P018,1,53.96
2026-06-06,T0019,P019,4,32.1
2026-06-06,T0019,P020,1,61.39
2026-06-06,T0020,P003,6,72.47
2026-06-06,T0020,P004,2,44.88
2026-06-06,T0020,P005,3,53.29
2026-06-06,T0020,P006,3,66.24
2026-06-06,T0020,P007,3,74.43
2026-06-06,T0020,P008,3,12.46
2026-06-06,T0020,P010,2,8.92
2026-06-06,T0020,P012,2,33.81
2026-06-06,T0020,P014,3,17.13
2026-06-06,T0020,P015,2,65.43
2026-06-06,T0020,P016,2,19.1
2026-06-06,T0020,P017,1,103.46
2026-06-06,T0020,P019,3,32.1
2026-06-06,T0020,P020,1,61.39
2026-06-06,T0021,P002,1,71.22
2026-06-06,T0021,P003,2,72.47
2026-06-06,T0021,P004,1,44.88
2026-06-06,T0021,P005,1,53.29
2026-06-06,T0021,P006,2,66.24
2026-06-06,T0021,P007,1,74.43
2026-06-06,T0021,P008,2,12.46
2026-06-06,T0021,P010,3,8.92
2026-06-06,T0021,P011,3,54.45
2026-06-06,T0021,P012,1,33.81
2026-06-06,T0021,P013,1,20.71
2026-06-06,T0021,P014,3,17.13
2026-06-06,T0021,P015,1,65.43
2026-06-06,T0021,P016,1,19.1
2026-06-06,T0021,P017,1,103.46
2026-06-06,T0021,P019,1,32.1
2026-06-06,T0022,P002,2,71.22
2026-06-06,T0022,P003,1,72.47
2026-06-06,T0022,P004,1,44.88
2026-06-06,T0022,P010,1,8.92
2026-06-06,T0022,P012,1,33.81
2026-06-06,T0022,P013,2,20.71
2026-06-06,T0022,P014,1,17.13
2026-06-06,T0022,P015,1,65.43
2026-06-06,T0022,P016,1,19.1
2026-06-06,T0022,P017,1,103.46
2026-06-06,T0022,P019,2,32.1
2026-06-06,T0023,P003,1,72.47
2026-06-06,T0023,P004,1,44.88
2026-06-06,T0023,P006,3,66.24
2026-06-06,T0023,P007,1,74.43
2026-06-06,T0023,P010,1,8.92
2026-06-06,T0023,P011,1,54.45
2026-06-06,T0023,P013,1,20.71
2026-06-06,T0023,P016,3,19.1
2026-06-06,T0023,P017,1,103.46
2026-06-06,T0023,P019,1,32.1
2026-06-06,T0024,P002,1,71.22
2026-06-06,T0024,P003,1,72.47
2026-06-06,T0024,P004,1,44.88
2026-06-06,T0024,P005,2,53.29
2026-06-06,T0024,P006,3,66.24
2026-06-06,T0024,P008,4,12.46
2026-06-06,T0024,P010,2,8.92
2026-06-06,T0024,P011,1,54.45
2026-06-06,T0024,P014,2,17.13
2026-06-06,T0024,P015,1,65.43
2026-06-06,T0024,P016,1,19.1
2026-06-06,T0024,P018,1,53.96
2026-06-06,T0024,P019,3,32.1
2026-06-06,T0025,P001,1,77.79
2026-06-06,T0025,P003,1,72.47
2026-06-06,T0025,P004,1,44.88
2026-06-06,T0025,P005,2,53.29
2026-06-06,T0025,P006,1,66.24
2026-06-06,T0025,P009,1,45.16
2026-06-06,T0025,P010,1,8.92
2026-06-06,T0025,P015,1,65.43
2026-06-06,T0025,P018,1,53.96
2026-06-06,T0026,P003,5,72.47
2026-06-06,T0026,P004,2,44.88
2026-06-06,T0026,P007,1,74.43
2026-06-06,T0026,P008,1,12.46
2026-06-06,T0026,P010,4,8.92
2026-06-06,T0026,P014,1,17.13
2026-06-06,T0026,P016,2,19.1
2026-06-06,T0026,P019,2,32.1
2026-06-06,T0027,P003,3,72.47
2026-06-06,T0027,P004,2,44.88
2026-06-06,T0027,P005,2,53.29
2026-06-06,T0027,P006,4,66.24
2026-06-06,T0027,P007,2,74.43
2026-06-06,T0027,P008,1,12.46
2026-06-06,T0027,P012,1,33.81
2026-06-06,T0027,P014,3,17.13
2026-06-06,T0027,P016,4,19.1
2026-06-06,T0027,P019,1,32.1
2026-06-06,T0027,P020,2,61.39
2026-06-06,T0028,P002,1,71.22
2026-06-06,T0028,P003,3,72.47
2026-06-06,T0028,P004,2,44.88
2026-06-06,T0028,P005,1,53.29
2026-06-06,T0028,P006,2,66.24
2026-06-06,T0028,P011,2,54.45
2026-06-06,T0028,P013,1,20.71
2026-06-06,T0028,P014,2,17.13
2026-06-06,T0028,P016,4,19.1
2026-06-06,T0028,P018,1,53.96
2026-06-06,T0028,P019,1,32.1
2026-06-06,T0029,P001,1,77.79
2026-06-06,T0029,P002,2,71.22
2026-06-06,T0029,P003,5,72.47
2026-06-06,T0029,P004,1,44.88
2026-06-06,T0029,P005,1,53.29
2026-06-06,T0029,P006,3,66.24
2026-06-06,T0029,P008,2,12.46
2026-06-06,T0029,P010,7,8.92
2026-06-06,T0029,P012,1,33.81
2026-06-06,T0029,P013,1,20.71
2026-06-06,T0029,P014,4,17.13
2026-06-06,T0029,P016,3,19.1
2026-06-06,T0029,P019,2,32.1
2026-06-06,T0030,P003,4,72.47
2026-06-06,T0030,P004,4,44.88
2026-06-06,T0030,P005,1,53.29
2026-06-06,T0030,P006,5,66.24
2026-06-06,T0030,P007,2,74.43
2026-06-06,T0030,P008,1,12.46
2026-06-06,T0030,P009,1,45.16
2026-06-06,T0030,P010,1,8.92
2026-06-06,T0030,P011,1,54.45
2026-06-06,T0030,P014,2,17.13
2026-06-06,T0030,P015,1,65.43
2026-06-06,T0030,P016,2,19.1
2026-06-06,T0030,P017,1,103.46
2026-06-06,T0030,P019,4,32.1
2026-06-06,T0030,P020,1,61.39
2026-06-06,T0031,P001,1,77.79
2026-06-06,T0031,P002,2,71.22
2026-06-06,T0031,P003,5,72.47
2026-06-06,T0031,P004,4,44.88
2026-06-06,T0031,P005,6,53.29
2026-06-06,T0031,P006,3,66.24
2026-06-06,T0031,P007,2,74.43
2026-06-06,T0031,P008,1,12.46
2026-06-06,T0031,P009,1,45.16
2026-06-06,T0031,P010,5,8.92
2026-06-06,T0031,P011,1,54.45
2026-06-06,T0031,P012,2,33.81
2026-06-06,T0031,P014,1,17.13
2026-06-06,T0031,P015,2,65.43
2026-06-06,T0031,P017,1,103.46
2026-06-06,T0032,P001,1,77.79
2026-06-06,T0032,P002,1,71.22
2026-06-06,T0032,P003,5,72.47
2026-06-06,T0032,P004,5,44.88
2026-06-06,T0032,P005,2,53.29
2026-06-06,T0032,P006,3,66.24
2026-06-06,T0032,P007,7,74.43
2026-06-06,T0032,P008,4,12.46
2026-06-06,T0032,P010,4,8.92
2026-06-06,T0032,P011,2,54.45
2026-06-06,T0032,P012,1,33.81
2026-06-06,T0032,P014,4,17.13
2026-06-06,T0032,P015,2,65.43
2026-06-06,T0032,P016,6,19.1
2026-06-06,T0032,P017,2,103.46
2026-06-06,T0032,P019,3,32.1
2026-06-06,T0033,P003,2,72.47
2026-06-06,T0033,P004,1,44.88
2026-06-06,T0033,P005,1,53.29
2026-06-06,T0033,P006,1,66.24
2026-06-06,T0033,P007,1,74.43
2026-06-06,T0033,P008,3,12.46
2026-06-06,T0033,P009,1,45.16
2026-06-06,T0033,P011,3,54.45
2026-06-06,T0034,P002,1,71.22
2026-06-06,T0034,P003,2,72.47
2026-06-06,T0034,P004,6,44.88
2026-06-06,T0034,P007,2,74.43
2026-06-06,T0034,P008,1,12.46
2026-06-06,T0034,P010,1,8.92
2026-06-06,T0034,P011,1,54.45
2026-06-06,T0034,P012,1,33.81
2026-06-06,T0034,P014,2,17.13
2026-06-06,T0035,P001,1,77.79
2026-06-06,T0035,P002,1,71.22
2026-06-06,T0035,P004,1,44.88
2026-06-06,T0035,P005,2,53.29
2026-06-06,T0035,P006,3,66.24
2026-06-06,T0035,P008,1,12.46
2026-06-06,T0035,P010,1,8.92
2026-06-06,T0035,P011,2,54.45
2026-06-06,T0035,P016,1,19.1
2026-06-06,T0035,P020,1,61.39
2026-06-06,T0036,P003,2,72.47
2026-06-06,T0036,P004,1,44.88
2026-06-06,T0036,P005,1,53.29
2026-06-06,T0036,P007,2,74.43
2026-06-06,T0036,P009,1,45.16
2026-06-06,T0036,P011,3,54.45
2026-06-06,T0036,P012,1,33.81
2026-06-06,T0036,P015,1,65.43
2026-06-06,T0036,P016,1,19.1
2026-06-06,T0036,P019,1,32.1
2026-06-06,T0037,P002,2,71.22
2026-06-06,T0037,P003,1,72.47
2026-06-06,T0037,P004,1,44.88
2026-06-06,T0037,P005,2,53.29
2026-06-06,T0037,P006,1,66.24
2026-06-06,T0037,P009,1,45.16
2026-06-06,T0037,P010,2,8.92
2026-06-06,T0037,P011,3,54.45
2026-06-06,T0037,P012,1,33.81
2026-06-06,T0037,P014,2,17.13
2026-06-06,T0037,P015,1,65.43
2026-06-06,T0037,P016,3,19.1
2026-06-06,T0037,P017,1,103.46
2026-06-06,T0037,P018,2,53.96
2026-06-06,T0037,P019,1,32.1
2026-06-06,T0037,P020,1,61.39
2026-06-06,T0038,P001,1,77.79
2026-06-06,T0038,P003,2,72.47
2026-06-06,T0038,P004,1,44.88
2026-06-06,T0038,P005,1,53.29
2026-06-06,T0038,P006,3,66.24
2026-06-06,T0038,P009,2,45.16
2026-06-06,T0038,P010,3,8.92
2026-06-06,T0038,P014,2,17.13
2026-06-06,T0038,P015,1,65.43
2026-06-06,T0038,P016,1,19.1
2026-06-06,T0038,P017,1,103.46
2026-06-06,T0038,P019,2,32.1
2026-06-06,T0038,P020,1,61.39
2026-06-06,T0039,P002,1,71.22
2026-06-06,T0039,P003,3,72.47
2026-06-06,T0039,P004,4,44.88
2026-06-06,T0039,P005,1,53.29
2026-06-06,T0039,P006,3,66.24
2026-06-06,T0039,P007,7,74.43
2026-06-06,T0039,P010,1,8.92
2026-06-06,T0039,P011,4,54.45
2026-06-06,T0039,P012,2,33.81
2026-06-06,T0039,P014,3,17.13
2026-06-06,T0039,P015,2,65.43
2026-06-06,T0039,P016,3,19.1
2026-06-06,T0039,P019,2,32.1
2026-06-06,T0039,P020,1,61.39
2026-06-06,T0040,P003,4,72.47
2026-06-06,T0040,P004,4,44.88
2026-06-06,T0040,P005,6,53.29
2026-06-06,T0040,P006,2,66.24
2026-06-06,T0040,P007,4,74.43
2026-06-06,T0040,P008,5,12.46
2026-06-06,T0040,P009,1,45.16
2026-06-06,T0040,P010,2,8.92
2026-06-06,T0040,P011,3,54.45
2026-06-06,T0040,P012,1,33.81
2026-06-06,T0040,P013,1,20.71
2026-06-06,T0040,P014,1,17.13
2026-06-06,T0040,P016,3,19.1
2026-06-06,T0040,P017,1,103.46
2026-06-06,T0040,P018,1,53.96
2026-06-06,T0040,P019,2,32.1
2026-06-07,T0001,P001,1,77.79
2026-06-07,T0001,P002,1,71.22
2026-06-07,T0001,P003,1,72.47
2026-06-07,T0001,P004,3,44.88
2026-06-07,T0001,P005,3,53.29
2026-06-07,T0001,P006,3,66.24
2026-06-07,T0001,P007,5,74.43
2026-06-07,T0001,P008,1,12.46
2026-06-07,T0001,P009,1,45.16
2026-06-07,T0001,P011,3,54.45
2026-06-07,T0001,P012,1,33.81
2026-06-07,T0001,P013,2,20.71
2026-06-07,T0001,P014,2,17.13
2026-06-07,T0001,P015,1,65.43
2026-06-07,T0001,P016,2,19.1
2026-06-07,T0001,P019,5,32.1
2026-06-07,T0001,P020,1,61.39
2026-06-07,T0002,P002,3,71.22
2026-06-07,T0002,P003,6,72.47
2026-06-07,T0002,P004,5,44.88
2026-06-07,T0002,P005,7,53.29
2026-06-07,T0002,P006,2,66.24
2026-06-07,T0002,P008,1,12.46
2026-06-07,T0002,P009,2,45.16
2026-06-07,T0002,P011,4,54.45
2026-06-07,T0002,P012,2,33.81
2026-06-07,T0002,P013,2,20.71
2026-06-07,T0002,P014,2,17.13
2026-06-07,T0002,P015,1,65.43
2026-06-07,T0002,P016,7,19.1
2026-06-07,T0002,P017,1,103.46
2026-06-07,T0002,P019,3,32.1
2026-06-07,T0002,P020,2,61.39
2026-06-07,T0003,P002,2,71.22
2026-06-07,T0003,P003,1,72.47
2026-06-07,T0003,P004,2,44.88
2026-06-07,T0003,P005,3,53.29
2026-06-07,T0003,P006,3,66.24
2026-06-07,T0003,P007,2,74.43
2026-06-07,T0003,P008,2,12.46
2026-06-07,T0003,P010,2,8.92
2026-06-07,T0003,P012,2,33.81
2026-06-07,T0003,P014,2,17.13
2026-06-07,T0003,P016,5,19.1
2026-06-07,T0003,P017,1,103.46
2026-06-07,T0003,P018,3,53.96
2026-06-07,T0003,P019,2,32.1
2026-06-07,T0003,P020,1,61.39
2026-06-07,T0004,P002,1,71.22
2026-06-07,T0004,P003,2,72.47
2026-06-07,T0004,P004,2,44.88
2026-06-07,T0004,P005,3,53.29
2026-06-07,T0004,P006,4,66.24
2026-06-07,T0004,P007,2,74.43
2026-06-07,T0004,P008,1,12.46
2026-06-07,T0004,P010,1,8.92
2026-06-07,T0004,P011,4,54.45
2026-06-07,T0004,P014,2,17.13
2026-06-07,T0004,P015,1,65.43
2026-06-07,T0004,P016,4,19.1
2026-06-07,T0004,P017,1,103.46
2026-06-07,T0004,P019,3,32.1
2026-06-07,T0004,P020,1,61.39
2026-06-07,T0005,P002,2,71.22
2026-06-07,T0005,P003,2,72.47
2026-06-07,T0005,P004,4,44.88
2026-06-07,T0005,P005,3,53.29
2026-06-07,T0005,P006,3,66.24
2026-06-07,T0005,P008,1,12.46
2026-06-07,T0005,P009,3,45.16
2026-06-07,T0005,P010,2,8.92
2026-06-07,T0005,P011,1,54.45
2026-06-07,T0005,P013,3,20.71
2026-06-07,T0005,P014,2,17.13
2026-06-07,T0005,P015,1,65.43
2026-06-07,T0005,P016,4,19.1
2026-06-07,T0005,P017,2,103.46
2026-06-07,T0005,P018,2,53.96
2026-06-07,T0005,P019,2,32.1
2026-06-07,T0006,P002,6,71.22
2026-06-07,T0006,P003,9,72.47
2026-06-07,T0006,P004,11,44.88
2026-06-07,T0006,P005,11,53.29
2026-06-07,T0006,P006,7,66.24
2026-06-07,T0006,P008,3,12.46
2026-06-07,T0006,P009,2,45.16
2026-06-07,T0006,P010,9,8.92
2026-06-07,T0006,P011,5,54.45
2026-06-07,T0006,P012,6,33.81
2026-06-07,T0006,P013,2,20.71
2026-06-07,T0006,P014,5,17.13
2026-06-07,T0006,P015,1,65.43
2026-06-07,T0006,P016,5,19.1
2026-06-07,T0006,P017,3,103.46
2026-06-07,T0006,P018,2,53.96
2026-06-07,T0006,P019,9,32.1
2026-06-07,T0006,P020,3,61.39
2026-06-07,T0007,P002,5,71.22
2026-06-07,T0007,P003,6,72.47
2026-06-07,T0007,P004,8,44.88
2026-06-07,T0007,P005,8,53.29
2026-06-07,T0007,P006,3,66.24
2026-06-07,T0007,P007,6,74.43
2026-06-07,T0007,P008,1,12.46
2026-06-07,T0007,P009,4,45.16
2026-06-07,T0007,P010,3,8.92
2026-06-07,T0007,P011,7,54.45
2026-06-07,T0007,P012,3,33.81
2026-06-07,T0007,P014,6,17.13
2026-06-07,T0007,P015,1,65.43
2026-06-07,T0007,P016,6,19.1
2026-06-07,T0007,P017,2,103.46
2026-06-07,T0007,P019,5,32.1
2026-06-07,T0008,P001,3,77.79
2026-06-07,T0008,P002,7,71.22
2026-06-07,T0008,P003,12,72.47
2026-06-07,T0008,P004,7,44.88
2026-06-07,T0008,P005,7,53.29
2026-06-07,T0008,P006,6,66.24
2026-06-07,T0008,P007,8,74.43
2026-06-07,T0008,P008,6,12.46
2026-06-07,T0008,P009,1,45.16
2026-06-07,T0008,P010,3,8.92
2026-06-07,T0008,P011,4,54.45
2026-06-07,T0008,P012,3,33.81
2026-06-07,T0008,P014,4,17.13
2026-06-07,T0008,P015,4,65.43
2026-06-07,T0008,P016,6,19.1
2026-06-07,T0008,P017,4,103.46
2026-06-07,T0008,P018,2,53.96
2026-06-07,T0008,P019,14,32.1
2026-06-07,T0008,P020,2,61.39
2026-06-07,T0009,P002,1,71.22
2026-06-07,T0009,P003,3,72.47
2026-06-07,T0009,P004,5,44.88
2026-06-07,T0009,P005,12,53.29
2026-06-07,T0009,P006,6,66.24
2026-06-07,T0009,P007,7,74.43
2026-06-07,T0009,P008,2,12.46
2026-06-07,T0009,P009,2,45.16
2026-06-07,T0009,P010,5,8.92
2026-06-07,T0009,P011,8,54.45
2026-06-07,T0009,P012,3,33.81
2026-06-07,T0009,P014,9,17.13
2026-06-07,T0009,P015,3,65.43
2026-06-07,T0009,P016,4,19.1
2026-06-07,T0009,P017,5,103.46
2026-06-07,T0009,P019,5,32.1
2026-06-07,T0009,P020,2,61.39
2026-06-07,T0010,P002,3,71.22
2026-06-07,T0010,P003,3,72.47
2026-06-07,T0010,P004,2,44.88
2026-06-07,T0010,P005,4,53.29
2026-06-07,T0010,P006,5,66.24
2026-06-07,T0010,P007,4,74.43
2026-06-07,T0010,P008,2,12.46
2026-06-07,T0010,P010,3,8.92
2026-06-07,T0010,P011,2,54.45
2026-06-07,T0010,P012,2,33.81
2026-06-07,T0010,P016,3,19.1
2026-06-07,T0010,P017,2,103.46
2026-06-07,T0010,P018,2,53.96
2026-06-07,T0010,P019,1,32.1
2026-06-07,T0011,P001,1,77.79
2026-06-07,T0011,P002,2,71.22
2026-06-07,T0011,P003,4,72.47
2026-06-07,T0011,P004,4,44.88
2026-06-07,T0011,P006,1,66.24
2026-06-07,T0011,P007,2,74.43
2026-06-07,T0011,P008,2,12.46
2026-06-07,T0011,P009,3,45.16
2026-06-07,T0011,P010,1,8.92
2026-06-07,T0011,P011,1,54.45
2026-06-07,T0011,P012,1,33.81
2026-06-07,T0011,P014,1,17.13
2026-06-07,T0011,P018,1,53.96
2026-06-07,T0011,P019,1,32.1
2026-06-07,T0012,P002,2,71.22
2026-06-07,T0012,P003,1,72.47
2026-06-07,T0012,P004,1,44.88
2026-06-07,T0012,P006,1,66.24
2026-06-07,T0012,P008,1,12.46
2026-06-07,T0012,P010,3,8.92
2026-06-07,T0012,P011,1,54.45
2026-06-07,T0012,P013,2,20.71
2026-06-07,T0012,P014,2,17.13
2026-06-07,T0012,P016,2,19.1
2026-06-07,T0012,P019,2,32.1
2026-06-07,T0013,P002,1,71.22
2026-06-07,T0013,P003,2,72.47
2026-06-07,T0013,P004,3,44.88
2026-06-07,T0013,P005,1,53.29
2026-06-07,T0013,P006,6,66.24
2026-06-07,T0013,P007,4,74.43
2026-06-07,T0013,P008,3,12.46
2026-06-07,T0013,P009,1,45.16
2026-06-07,T0013,P010,4,8.92
2026-06-07,T0013,P011,2,54.45
2026-06-07,T0013,P014,5,17.13
2026-06-07,T0013,P016,6,19.1
2026-06-07,T0013,P017,3,103.46
2026-06-07,T0013,P018,1,53.96
2026-06-07,T0013,P019,4,32.1
2026-06-07,T0014,P002,1,71.22
2026-06-07,T0014,P003,1,72.47
2026-06-07,T0014,P004,4,44.88
2026-06-07,T0014,P005,4,53.29
2026-06-07,T0014,P006,3,66.24
2026-06-07,T0014,P008,5,12.46
2026-06-07,T0014,P010,5,8.92
2026-06-07,T0014,P011,2,54.45
2026-06-07,T0014,P012,3,33.81
2026-06-07,T0014,P013,1,20.71
2026-06-07,T0014,P014,3,17.13
2026-06-07,T0014,P016,4,19.1
2026-06-07,T0014,P019,4,32.1
2026-06-07,T0014,P020,2,61.39
2026-06-07,T0015,P004,75,44.88
2026-06-07,T0015,P011,46,54.45
2026-06-07,T0016,P005,103,53.29
2026-06-07,T0017,P001,1,77.79
2026-06-07,T0017,P002,2,71.22
2026-06-07,T0017,P004,3,44.88
2026-06-07,T0017,P005,2,53.29
2026-06-07,T0017,P006,1,66.24
2026-06-07,T0017,P007,3,74.43
2026-06-07,T0017,P008,1,12.46
2026-06-07,T0017,P009,2,45.16
2026-06-07,T0017,P010,2,8.92
2026-06-07,T0017,P011,2,54.45
2026-06-07,T0017,P014,5,17.13
2026-06-07,T0017,P015,1,65.43
2026-06-07,T0017,P016,2,19.1
2026-06-07,T0017,P019,1,32.1
2026-06-07,T0017,P020,1,61.39
2026-06-07,T0018,P002,1,71.22
2026-06-07,T0018,P003,3,72.47
2026-06-07,T0018,P004,1,44.88
2026-06-07,T0018,P006,2,66.24
2026-06-07,T0018,P009,2,45.16
2026-06-07,T0018,P010,1,8.92
2026-06-07,T0018,P011,1,54.45
2026-06-07,T0018,P014,2,17.13
2026-06-07,T0018,P015,1,65.43
2026-06-07,T0018,P016,2,19.1
2026-06-07,T0018,P017,3,103.46
2026-06-07,T0018,P020,1,61.39
2026-06-07,T0019,P002,2,71.22
2026-06-07,T0019,P003,3,72.47
2026-06-07,T0019,P004,1,44.88
2026-06-07,T0019,P005,2,53.29
2026-06-07,T0019,P006,5,66.24
2026-06-07,T0019,P009,1,45.16
2026-06-07,T0019,P011,1,54.45
2026-06-07,T0019,P012,2,33.81
2026-06-07,T0019,P013,1,20.71
2026-06-07,T0019,P014,3,17.13
2026-06-07,T0019,P015,1,65.43
2026-06-07,T0019,P016,2,19.1
2026-06-07,T0019,P019,2,32.1
2026-06-07,T0020,P001,1,77.79
2026-06-07,T0020,P003,4,72.47
2026-06-07,T0020,P005,2,53.29
2026-06-07,T0020,P006,1,66.24
2026-06-07,T0020,P007,2,74.43
2026-06-07,T0020,P008,1,12.46
2026-06-07,T0020,P011,1,54.45
2026-06-07,T0020,P012,2,33.81
2026-06-07,T0020,P014,1,17.13
2026-06-07,T0020,P016,2,19.1
2026-06-07,T0020,P019,2,32.1
2026-06-07,T0021,P002,3,71.22
2026-06-07,T0021,P003,3,72.47
2026-06-07,T0021,P004,1,44.88
2026-06-07,T0021,P005,2,53.29
2026-06-07,T0021,P006,5,66.24
2026-06-07,T0021,P007,4,74.43
2026-06-07,T0021,P008,2,12.46
2026-06-07,T0021,P010,2,8.92
2026-06-07,T0021,P014,2,17.13
2026-06-07,T0021,P016,1,19.1
2026-06-07,T0021,P019,2,32.1
2026-06-07,T0022,P006,1,66.24
2026-06-07,T0022,P009,1,45.16
2026-06-07,T0022,P010,2,8.92
2026-06-07,T0022,P011,1,54.45
2026-06-07,T0022,P014,1,17.13
2026-06-07,T0022,P016,2,19.1
2026-06-07,T0022,P017,1,103.46
2026-06-07,T0022,P018,1,53.96
2026-06-07,T0023,P002,1,71.22
2026-06-07,T0023,P003,2,72.47
2026-06-07,T0023,P004,2,44.88
2026-06-07,T0023,P015,1,65.43
2026-06-07,T0024,P002,1,71.22
2026-06-07,T0024,P003,3,72.47
2026-06-07,T0024,P004,1,44.88
2026-06-07,T0024,P006,2,66.24
2026-06-07,T0024,P010,2,8.92
2026-06-07,T0024,P011,1,54.45
2026-06-07,T0024,P014,2,17.13
2026-06-07,T0024,P016,3,19.1
2026-06-07,T0024,P017,2,103.46
2026-06-07,T0025,P002,2,71.22
2026-06-07,T0025,P003,1,72.47
2026-06-07,T0025,P009,1,45.16
2026-06-07,T0025,P011,1,54.45
2026-06-07,T0025,P014,1,17.13
2026-06-07,T0025,P017,1,103.46
2026-06-07,T0025,P020,1,61.39
2026-06-07,T0026,P003,1,72.47
2026-06-07,T0026,P004,1,44.88
2026-06-07,T0026,P005,1,53.29
2026-06-07,T0026,P006,1,66.24
2026-06-07,T0026,P010,1,8.92
2026-06-07,T0026,P015,1,65.43
2026-06-07,T0026,P017,1,103.46
2026-06-07,T0027,P002,1,71.22
2026-06-07,T0027,P003,2,72.47
2026-06-07,T0027,P004,1,44.88
2026-06-07,T0027,P006,2,66.24
2026-06-07,T0027,P007,3,74.43
2026-06-07,T0027,P008,1,12.46
2026-06-07,T0027,P010,1,8.92
2026-06-07,T0027,P016,1,19.1
2026-06-07,T0027,P019,1,32.1
2026-06-07,T0028,P003,3,72.47
2026-06-07,T0028,P005,3,53.29
2026-06-07,T0028,P006,2,66.24
2026-06-07,T0028,P010,3,8.92
2026-06-07,T0028,P013,2,20.71
2026-06-07,T0028,P014,1,17.13
2026-06-07,T0028,P015,2,65.43
2026-06-07,T0028,P017,1,103.46
2026-06-07,T0029,P001,1,77.79
2026-06-07,T0029,P002,2,71.22
2026-06-07,T0029,P005,3,53.29
2026-06-07,T0029,P006,2,66.24
2026-06-07,T0029,P007,1,74.43
2026-06-07,T0029,P009,1,45.16
2026-06-07,T0029,P010,2,8.92
2026-06-07,T0029,P011,1,54.45
2026-06-07,T0029,P016,1,19.1
2026-06-07,T0029,P019,3,32.1
2026-06-07,T0030,P001,1,77.79
2026-06-07,T0030,P003,2,72.47
2026-06-07,T0030,P004,6,44.88
2026-06-07,T0030,P005,2,53.29
2026-06-07,T0030,P006,4,66.24
2026-06-07,T0030,P007,4,74.43
2026-06-07,T0030,P008,3,12.46
2026-06-07,T0030,P010,1,8.92
2026-06-07,T0030,P011,3,54.45
2026-06-07,T0030,P014,5,17.13
2026-06-07,T0030,P016,5,19.1
2026-06-07,T0030,P017,2,103.46
2026-06-07,T0030,P019,2,32.1
2026-06-07,T0030,P020,1,61.39
2026-06-07,T0031,P003,3,72.47
2026-06-07,T0031,P004,3,44.88
2026-06-07,T0031,P005,1,53.29
2026-06-07,T0031,P006,3,66.24
2026-06-07,T0031,P007,3,74.43
2026-06-07,T0031,P009,1,45.16
2026-06-07,T0031,P010,2,8.92
2026-06-07,T0031,P011,1,54.45
2026-06-07,T0031,P012,1,33.81
2026-06-07,T0031,P014,3,17.13
2026-06-07,T0031,P015,1,65.43
2026-06-07,T0031,P016,1,19.1
2026-06-07,T0031,P018,3,53.96
2026-06-07,T0031,P020,1,61.39
2026-06-07,T0032,P002,1,71.22
2026-06-07,T0032,P003,7,72.47
2026-06-07,T0032,P004,7,44.88
2026-06-07,T0032,P005,3,53.29
2026-06-07,T0032,P006,4,66.24
2026-06-07,T0032,P007,2,74.43
2026-06-07,T0032,P008,1,12.46
2026-06-07,T0032,P009,3,45.16
2026-06-07,T0032,P010,3,8.92
2026-06-07,T0032,P012,2,33.81
2026-06-07,T0032,P013,1,20.71
2026-06-07,T0032,P014,2,17.13
2026-06-07,T0032,P016,3,19.1
2026-06-07,T0032,P017,1,103.46
2026-06-07,T0032,P019,1,32.1
2026-06-07,T0033,P005,1,53.29
2026-06-07,T0033,P010,2,8.92
2026-06-07,T0033,P019,1,32.1
2026-06-07,T0034,P003,1,72.47
2026-06-07,T0034,P005,1,53.29
2026-06-07,T0034,P007,1,74.43
2026-06-07,T0034,P009,2,45.16
2026-06-07,T0034,P010,3,8.92
2026-06-07,T0034,P011,1,54.45
2026-06-07,T0034,P014,2,17.13
2026-06-07,T0034,P015,1,65.43
2026-06-07,T0035,P003,1,72.47
2026-06-07,T0035,P004,1,44.88
2026-06-07,T0035,P006,1,66.24
2026-06-07,T0035,P008,1,12.46
2026-06-07,T0035,P014,2,17.13
2026-06-07,T0035,P016,1,19.1
2026-06-07,T0035,P018,1,53.96
2026-06-07,T0035,P019,1,32.1
2026-06-07,T0036,P004,1,44.88
2026-06-07,T0036,P007,1,74.43
2026-06-07,T0036,P010,1,8.92
2026-06-07,T0036,P011,1,54.45
2026-06-07,T0036,P014,1,17.13
2026-06-07,T0036,P015,1,65.43
2026-06-07,T0036,P019,1,32.1
2026-06-07,T0037,P002,1,71.22
2026-06-07,T0037,P003,1,72.47
2026-06-07,T0037,P006,1,66.24
2026-06-07,T0037,P008,1,12.46
2026-06-07,T0037,P010,5,8.92
2026-06-07,T0037,P011,1,54.45
2026-06-07,T0037,P013,1,20.71
2026-06-07,T0037,P016,2,19.1
2026-06-07,T0037,P019,3,32.1
2026-06-07,T0038,P003,3,72.47
2026-06-07,T0038,P004,1,44.88
2026-06-07,T0038,P005,1,53.29
2026-06-07,T0038,P006,1,66.24
2026-06-07,T0038,P008,2,12.46
2026-06-07,T0038,P010,2,8.92
2026-06-07,T0038,P011,1,54.45
2026-06-07,T0038,P016,2,19.1
2026-06-07,T0039,P002,1,71.22
2026-06-07,T0039,P003,3,72.47
2026-06-07,T0039,P005,6,53.29
2026-06-07,T0039,P006,6,66.24
2026-06-07,T0039,P007,1,74.43
2026-06-07,T0039,P008,3,12.46
2026-06-07,T0039,P010,5,8.92
2026-06-07,T0039,P011,2,54.45
2026-06-07,T0039,P012,1,33.81
2026-06-07,T0039,P016,1,19.1
2026-06-07,T0039,P017,1,103.46
2026-06-07,T0039,P019,5,32.1
2026-06-07,T0040,P002,3,71.22
2026-06-07,T0040,P003,1,72.47
2026-06-07,T0040,P004,4,44.88
2026-06-07,T0040,P005,3,53.29
2026-06-07,T0040,P006,3,66.24
2026-06-07,T0040,P007,4,74.43
2026-06-07,T0040,P008,1,12.46
2026-06-07,T0040,P011,2,54.45
2026-06-07,T0040,P016,6,19.1
2026-06-07,T0040,P017,1,103.46
2026-06-07,T0040,P019,2,32.1
2026-06-07,T0040,P020,1,61.39
2026-06-08,T0001,P002,2,71.22
2026-06-08,T0001,P003,4,72.47
2026-06-08,T0001,P004,5,44.88
2026-06-08,T0001,P005,2,53.29
2026-06-08,T0001,P006,2,66.24
2026-06-08,T0001,P007,2,74.43
2026-06-08,T0001,P008,2,12.46
2026-06-08,T0001,P009,4,45.16
2026-06-08,T0001,P010,3,8.92
2026-06-08,T0001,P011,4,54.45
2026-06-08,T0001,P012,1,33.81
2026-06-08,T0001,P014,2,17.13
2026-06-08,T0001,P015,1,65.43
2026-06-08,T0001,P016,4,19.1
2026-06-08,T0001,P017,3,103.46
2026-06-08,T0001,P019,3,32.1
2026-06-08,T0001,P020,1,61.39
2026-06-08,T0002,P002,5,71.22
2026-06-08,T0002,P003,4,72.47
2026-06-08,T0002,P004,4,44.88
2026-06-08,T0002,P005,3,53.29
2026-06-08,T0002,P006,1,66.24
2026-06-08,T0002,P008,3,12.46
2026-06-08,T0002,P009,3,45.16
2026-06-08,T0002,P010,2,8.92
2026-06-08,T0002,P011,3,54.45
2026-06-08,T0002,P012,2,33.81
2026-06-08,T0002,P014,3,17.13
2026-06-08,T0002,P016,10,19.1
2026-06-08,T0002,P017,5,103.46
2026-06-08,T0002,P018,2,53.96
2026-06-08,T0002,P019,2,32.1
2026-06-08,T0002,P020,3,61.39
2026-06-08,T0003,P004,2,44.88
2026-06-08,T0003,P005,5,53.29
2026-06-08,T0003,P006,1,66.24
2026-06-08,T0003,P007,3,74.43
2026-06-08,T0003,P008,2,12.46
2026-06-08,T0003,P009,1,45.16
2026-06-08,T0003,P014,1,17.13
2026-06-08,T0003,P015,1,65.43
2026-06-08,T0003,P016,6,19.1
2026-06-08,T0003,P017,2,103.46
2026-06-08,T0003,P019,5,32.1
2026-06-08,T0003,P020,1,61.39
2026-06-08,T0004,P003,6,72.47
2026-06-08,T0004,P004,4,44.88
2026-06-08,T0004,P005,3,53.29
2026-06-08,T0004,P006,2,66.24
2026-06-08,T0004,P007,5,74.43
2026-06-08,T0004,P008,2,12.46
2026-06-08,T0004,P009,2,45.16
2026-06-08,T0004,P010,2,8.92
2026-06-08,T0004,P011,1,54.45
2026-06-08,T0004,P012,2,33.81
2026-06-08,T0004,P014,2,17.13
2026-06-08,T0004,P015,1,65.43
2026-06-08,T0004,P016,2,19.1
2026-06-08,T0004,P017,2,103.46
2026-06-08,T0004,P018,1,53.96
2026-06-08,T0004,P019,6,32.1
2026-06-08,T0004,P020,1,61.39
2026-06-08,T0005,P001,1,77.79
2026-06-08,T0005,P003,5,72.47
2026-06-08,T0005,P004,1,44.88
2026-06-08,T0005,P005,2,53.29
2026-06-08,T0005,P006,1,66.24
2026-06-08,T0005,P007,3,74.43
2026-06-08,T0005,P009,2,45.16
2026-06-08,T0005,P010,5,8.92
2026-06-08,T0005,P011,4,54.45
2026-06-08,T0005,P012,1,33.81
2026-06-08,T0005,P013,1,20.71
2026-06-08,T0005,P014,2,17.13
2026-06-08,T0005,P016,2,19.1
2026-06-08,T0005,P019,2,32.1
2026-06-08,T0006,P002,5,71.22
2026-06-08,T0006,P003,12,72.47
2026-06-08,T0006,P004,9,44.88
2026-06-08,T0006,P005,8,53.29
2026-06-08,T0006,P006,8,66.24
2026-06-08,T0006,P008,1,12.46
2026-06-08,T0006,P009,4,45.16
2026-06-08,T0006,P010,5,8.92
2026-06-08,T0006,P011,7,54.45
2026-06-08,T0006,P012,5,33.81
2026-06-08,T0006,P014,6,17.13
2026-06-08,T0006,P015,3,65.43
2026-06-08,T0006,P016,9,19.1
2026-06-08,T0006,P017,1,103.46
2026-06-08,T0006,P018,1,53.96
2026-06-08,T0006,P019,7,32.1
2026-06-08,T0006,P020,2,61.39
2026-06-08,T0007,P001,3,77.79
2026-06-08,T0007,P002,2,71.22
2026-06-08,T0007,P003,1,72.47
2026-06-08,T0007,P004,2,44.88
2026-06-08,T0007,P005,3,53.29
2026-06-08,T0007,P006,2,66.24
2026-06-08,T0007,P007,5,74.43
2026-06-08,T0007,P008,4,12.46
2026-06-08,T0007,P009,4,45.16
2026-06-08,T0007,P010,7,8.92
2026-06-08,T0007,P011,5,54.45
2026-06-08,T0007,P012,5,33.81
2026-06-08,T0007,P013,1,20.71
2026-06-08,T0007,P014,3,17.13
2026-06-08,T0007,P015,1,65.43
2026-06-08,T0007,P016,2,19.1
2026-06-08,T0007,P017,2,103.46
2026-06-08,T0008,P001,1,77.79
2026-06-08,T0008,P002,1,71.22
2026-06-08,T0008,P004,8,44.88
2026-06-08,T0008,P005,9,53.29
2026-06-08,T0008,P006,6,66.24
2026-06-08,T0008,P007,6,74.43
2026-06-08,T0008,P008,3,12.46
2026-06-08,T0008,P009,3,45.16
2026-06-08,T0008,P010,11,8.92
2026-06-08,T0008,P011,11,54.45
2026-06-08,T0008,P012,9,33.81
2026-06-08,T0008,P013,1,20.71
2026-06-08,T0008,P014,5,17.13
2026-06-08,T0008,P015,5,65.43
2026-06-08,T0008,P016,11,19.1
2026-06-08,T0008,P017,2,103.46
2026-06-08,T0008,P018,4,53.96
2026-06-08,T0008,P019,3,32.1
2026-06-08,T0008,P020,4,61.39
2026-06-08,T0009,P001,1,77.79
2026-06-08,T0009,P002,2,71.22
2026-06-08,T0009,P003,4,72.47
2026-06-08,T0009,P004,7,44.88
2026-06-08,T0009,P005,3,53.29
2026-06-08,T0009,P006,9,66.24
2026-06-08,T0009,P007,4,74.43
2026-06-08,T0009,P008,4,12.46
2026-06-08,T0009,P009,1,45.16
2026-06-08,T0009,P010,3,8.92
2026-06-08,T0009,P011,8,54.45
2026-06-08,T0009,P012,2,33.81
2026-06-08,T0009,P013,1,20.71
2026-06-08,T0009,P014,5,17.13
2026-06-08,T0009,P015,2,65.43
2026-06-08,T0009,P016,7,19.1
2026-06-08,T0009,P017,2,103.46
2026-06-08,T0009,P019,5,32.1
2026-06-08,T0010,P001,2,77.79
2026-06-08,T0010,P002,1,71.22
2026-06-08,T0010,P003,2,72.47
2026-06-08,T0010,P004,3,44.88
2026-06-08,T0010,P005,3,53.29
2026-06-08,T0010,P006,2,66.24
2026-06-08,T0010,P007,2,74.43
2026-06-08,T0010,P008,2,12.46
2026-06-08,T0010,P009,2,45.16
2026-06-08,T0010,P010,1,8.92
2026-06-08,T0010,P011,2,54.45
2026-06-08,T0010,P012,2,33.81
2026-06-08,T0010,P014,2,17.13
2026-06-08,T0010,P016,4,19.1
2026-06-08,T0010,P017,2,103.46
2026-06-08,T0010,P019,4,32.1
2026-06-08,T0011,P001,1,77.79
2026-06-08,T0011,P004,4,44.88
2026-06-08,T0011,P005,4,53.29
2026-06-08,T0011,P006,1,66.24
2026-06-08,T0011,P007,1,74.43
2026-06-08,T0011,P008,1,12.46
2026-06-08,T0011,P010,1,8.92
2026-06-08,T0011,P013,1,20.71
2026-06-08,T0011,P016,3,19.1
2026-06-08,T0011,P019,2,32.1
2026-06-08,T0012,P002,2,71.22
2026-06-08,T0012,P003,6,72.47
2026-06-08,T0012,P004,1,44.88
2026-06-08,T0012,P005,3,53.29
2026-06-08,T0012,P006,3,66.24
2026-06-08,T0012,P008,2,12.46
2026-06-08,T0012,P009,1,45.16
2026-06-08,T0012,P010,3,8.92
2026-06-08,T0012,P011,2,54.45
2026-06-08,T0012,P015,1,65.43
2026-06-08,T0012,P016,7,19.1
2026-06-08,T0012,P017,2,103.46
2026-06-08,T0012,P019,2,32.1
2026-06-08,T0013,P002,2,71.22
2026-06-08,T0013,P004,6,44.88
2026-06-08,T0013,P005,2,53.29
2026-06-08,T0013,P006,4,66.24
2026-06-08,T0013,P007,5,74.43
2026-06-08,T0013,P008,4,12.46
2026-06-08,T0013,P009,1,45.16
2026-06-08,T0013,P010,6,8.92
2026-06-08,T0013,P011,2,54.45
2026-06-08,T0013,P012,2,33.81
2026-06-08,T0013,P014,3,17.13
2026-06-08,T0013,P015,1,65.43
2026-06-08,T0013,P016,3,19.1
2026-06-08,T0013,P017,1,103.46
2026-06-08,T0013,P018,2,53.96
2026-06-08,T0013,P019,3,32.1
2026-06-08,T0013,P020,1,61.39
2026-06-08,T0014,P001,1,77.79
2026-06-08,T0014,P003,8,72.47
2026-06-08,T0014,P004,5,44.88
2026-06-08,T0014,P005,3,53.29
2026-06-08,T0014,P006,4,66.24
2026-06-08,T0014,P008,4,12.46
2026-06-08,T0014,P009,1,45.16
2026-06-08,T0014,P010,5,8.92
2026-06-08,T0014,P011,4,54.45
2026-06-08,T0014,P012,3,33.81
2026-06-08,T0014,P014,1,17.13
2026-06-08,T0014,P015,1,65.43
2026-06-08,T0014,P016,5,19.1
2026-06-08,T0014,P017,1,103.46
2026-06-08,T0014,P019,3,32.1
2026-06-08,T0015,P004,85,44.88
2026-06-08,T0015,P007,70,74.43
2026-06-08,T0015,P009,30,45.16
2026-06-08,T0015,P010,39,8.92
2026-06-08,T0015,P016,82,19.1
2026-06-08,T0015,P017,26,103.46
2026-06-08,T0016,P002,54,71.22
2026-06-08,T0016,P005,96,53.29
2026-06-08,T0016,P013,12,20.71
2026-06-08,T0016,P016,63,19.1
2026-06-08,T0017,P004,3,44.88
2026-06-08,T0017,P005,2,53.29
2026-06-08,T0017,P006,4,66.24
2026-06-08,T0017,P007,2,74.43
2026-06-08,T0017,P008,2,12.46
2026-06-08,T0017,P009,1,45.16
2026-06-08,T0017,P013,1,20.71
2026-06-08,T0017,P015,1,65.43
2026-06-08,T0017,P016,1,19.1
2026-06-08,T0017,P017,2,103.46
2026-06-08,T0017,P018,1,53.96
2026-06-08,T0017,P019,2,32.1
2026-06-08,T0017,P020,1,61.39
2026-06-08,T0018,P003,1,72.47
2026-06-08,T0018,P004,2,44.88
2026-06-08,T0018,P005,5,53.29
2026-06-08,T0018,P007,1,74.43
2026-06-08,T0018,P008,1,12.46
2026-06-08,T0018,P009,1,45.16
2026-06-08,T0018,P010,2,8.92
2026-06-08,T0018,P011,1,54.45
2026-06-08,T0018,P012,1,33.81
2026-06-08,T0018,P014,1,17.13
2026-06-08,T0018,P016,4,19.1
2026-06-08,T0019,P001,1,77.79
2026-06-08,T0019,P002,2,71.22
2026-06-08,T0019,P003,4,72.47
2026-06-08,T0019,P004,2,44.88
2026-06-08,T0019,P006,3,66.24
2026-06-08,T0019,P008,1,12.46
2026-06-08,T0019,P010,1,8.92
2026-06-08,T0019,P012,1,33.81
2026-06-08,T0019,P013,1,20.71
2026-06-08,T0019,P014,6,17.13
2026-06-08,T0019,P015,1,65.43
2026-06-08,T0019,P016,4,19.1
2026-06-08,T0019,P017,1,103.46
2026-06-08,T0019,P018,1,53.96
2026-06-08,T0019,P020,3,61.39
2026-06-08,T0020,P002,1,71.22
2026-06-08,T0020,P004,3,44.88
2026-06-08,T0020,P006,3,66.24
2026-06-08,T0020,P007,1,74.43
2026-06-08,T0020,P008,2,12.46
2026-06-08,T0020,P010,3,8.92
2026-06-08,T0020,P011,2,54.45
2026-06-08,T0020,P012,1,33.81
2026-06-08,T0020,P019,2,32.1
2026-06-08,T0021,P002,1,71.22
2026-06-08,T0021,P004,1,44.88
2026-06-08,T0021,P006,3,66.24
2026-06-08,T0021,P007,3,74.43
2026-06-08,T0021,P008,1,12.46
2026-06-08,T0021,P009,1,45.16
2026-06-08,T0021,P010,1,8.92
2026-06-08,T0021,P011,2,54.45
2026-06-08,T0021,P014,2,17.13
2026-06-08,T0021,P016,4,19.1
2026-06-08,T0021,P017,1,103.46
2026-06-08,T0021,P019,2,32.1
2026-06-08,T0021,P020,1,61.39
2026-06-08,T0022,P003,1,72.47
2026-06-08,T0022,P005,1,53.29
2026-06-08,T0022,P006,1,66.24
2026-06-08,T0022,P008,1,12.46
2026-06-08,T0022,P011,1,54.45
2026-06-08,T0022,P014,1,17.13
2026-06-08,T0022,P016,2,19.1
2026-06-08,T0022,P017,1,103.46
2026-06-08,T0022,P020,1,61.39
2026-06-08,T0023,P003,1,72.47
2026-06-08,T0023,P009,1,45.16
2026-06-08,T0023,P014,1,17.13
2026-06-08,T0023,P015,1,65.43
2026-06-08,T0023,P017,1,103.46
2026-06-08,T0024,P002,1,71.22
2026-06-08,T0024,P003,3,72.47
2026-06-08,T0024,P004,1,44.88
2026-06-08,T0024,P005,2,53.29
2026-06-08,T0024,P008,1,12.46
2026-06-08,T0024,P011,3,54.45
2026-06-08,T0024,P013,2,20.71
2026-06-08,T0024,P014,1,17.13
2026-06-08,T0024,P016,1,19.1
2026-06-08,T0024,P017,1,103.46
2026-06-08,T0024,P018,1,53.96
2026-06-08,T0024,P019,2,32.1
2026-06-08,T0024,P020,1,61.39
2026-06-08,T0025,P002,1,71.22
2026-06-08,T0025,P004,1,44.88
2026-06-08,T0025,P005,1,53.29
2026-06-08,T0025,P010,1,8.92
2026-06-08,T0025,P011,2,54.45
2026-06-08,T0025,P013,1,20.71
2026-06-08,T0026,P004,2,44.88
2026-06-08,T0026,P006,3,66.24
2026-06-08,T0026,P008,2,12.46
2026-06-08,T0026,P010,1,8.92
2026-06-08,T0026,P011,2,54.45
2026-06-08,T0026,P013,1,20.71
2026-06-08,T0026,P016,1,19.1
2026-06-08,T0027,P002,2,71.22
2026-06-08,T0027,P004,1,44.88
2026-06-08,T0027,P005,3,53.29
2026-06-08,T0027,P006,3,66.24
2026-06-08,T0027,P008,1,12.46
2026-06-08,T0027,P009,1,45.16
2026-06-08,T0027,P010,1,8.92
2026-06-08,T0027,P011,1,54.45
2026-06-08,T0027,P012,1,33.81
2026-06-08,T0027,P016,1,19.1
2026-06-08,T0027,P019,3,32.1
2026-06-08,T0028,P003,1,72.47
2026-06-08,T0028,P004,1,44.88
2026-06-08,T0028,P005,1,53.29
2026-06-08,T0028,P006,1,66.24
2026-06-08,T0028,P008,2,12.46
2026-06-08,T0028,P009,1,45.16
2026-06-08,T0028,P010,2,8.92
2026-06-08,T0028,P011,1,54.45
2026-06-08,T0028,P012,1,33.81
2026-06-08,T0028,P014,4,17.13
2026-06-08,T0028,P015,1,65.43
2026-06-08,T0028,P016,1,19.1
2026-06-08,T0028,P019,2,32.1
2026-06-08,T0029,P005,1,53.29
2026-06-08,T0029,P007,1,74.43
2026-06-08,T0029,P008,1,12.46
2026-06-08,T0029,P014,4,17.13
2026-06-08,T0029,P016,2,19.1
2026-06-08,T0029,P018,1,53.96
2026-06-08,T0029,P019,3,32.1
2026-06-08,T0030,P002,2,71.22
2026-06-08,T0030,P004,4,44.88
2026-06-08,T0030,P005,1,53.29
2026-06-08,T0030,P006,1,66.24
2026-06-08,T0030,P007,2,74.43
2026-06-08,T0030,P008,1,12.46
2026-06-08,T0030,P009,1,45.16
2026-06-08,T0030,P010,1,8.92
2026-06-08,T0030,P011,2,54.45
2026-06-08,T0030,P012,2,33.81
2026-06-08,T0030,P014,2,17.13
2026-06-08,T0030,P015,2,65.43
2026-06-08,T0030,P016,1,19.1
2026-06-08,T0030,P017,2,103.46
2026-06-08,T0030,P019,2,32.1
2026-06-08,T0031,P002,1,71.22
2026-06-08,T0031,P003,3,72.47
2026-06-08,T0031,P004,1,44.88
2026-06-08,T0031,P005,1,53.29
2026-06-08,T0031,P006,8,66.24
2026-06-08,T0031,P007,2,74.43
2026-06-08,T0031,P008,2,12.46
2026-06-08,T0031,P009,1,45.16
2026-06-08,T0031,P010,1,8.92
2026-06-08,T0031,P011,4,54.45
2026-06-08,T0031,P013,1,20.71
2026-06-08,T0031,P014,2,17.13
2026-06-08,T0031,P015,1,65.43
2026-06-08,T0031,P016,3,19.1
2026-06-08,T0031,P017,1,103.46
2026-06-08,T0031,P018,2,53.96
2026-06-08,T0031,P019,1,32.1
2026-06-08,T0031,P020,1,61.39
2026-06-08,T0032,P003,3,72.47
2026-06-08,T0032,P004,5,44.88
2026-06-08,T0032,P005,3,53.29
2026-06-08,T0032,P006,2,66.24
2026-06-08,T0032,P007,3,74.43
2026-06-08,T0032,P009,3,45.16
2026-06-08,T0032,P010,3,8.92
2026-06-08,T0032,P013,1,20.71
2026-06-08,T0032,P014,2,17.13
2026-06-08,T0032,P016,3,19.1
2026-06-08,T0032,P019,1,32.1
2026-06-08,T0033,P002,1,71.22
2026-06-08,T0033,P003,1,72.47
2026-06-08,T0033,P004,1,44.88
2026-06-08,T0033,P005,2,53.29
2026-06-08,T0033,P008,1,12.46
2026-06-08,T0033,P010,2,8.92
2026-06-08,T0033,P016,2,19.1
2026-06-08,T0033,P017,1,103.46
2026-06-08,T0033,P018,1,53.96
2026-06-08,T0034,P004,2,44.88
2026-06-08,T0034,P005,1,53.29
2026-06-08,T0034,P007,4,74.43
2026-06-08,T0034,P008,1,12.46
2026-06-08,T0034,P012,2,33.81
2026-06-08,T0034,P014,1,17.13
2026-06-08,T0034,P016,2,19.1
2026-06-08,T0034,P017,1,103.46
2026-06-08,T0034,P019,2,32.1
2026-06-08,T0035,P001,1,77.79
2026-06-08,T0035,P003,1,72.47
2026-06-08,T0035,P005,1,53.29
2026-06-08,T0035,P010,1,8.92
2026-06-08,T0035,P014,2,17.13
2026-06-08,T0035,P016,2,19.1
2026-06-08,T0036,P003,3,72.47
2026-06-08,T0036,P004,2,44.88
2026-06-08,T0036,P007,1,74.43
2026-06-08,T0036,P010,1,8.92
2026-06-08,T0036,P012,2,33.81
2026-06-08,T0036,P016,1,19.1
2026-06-08,T0036,P017,1,103.46
2026-06-08,T0036,P018,1,53.96
2026-06-08,T0036,P019,1,32.1
2026-06-08,T0037,P003,1,72.47
2026-06-08,T0037,P005,1,53.29
2026-06-08,T0037,P006,1,66.24
2026-06-08,T0037,P011,1,54.45
2026-06-08,T0037,P014,1,17.13
2026-06-08,T0037,P015,2,65.43
2026-06-08,T0037,P016,2,19.1
2026-06-08,T0037,P017,2,103.46
2026-06-08,T0038,P001,1,77.79
2026-06-08,T0038,P002,2,71.22
2026-06-08,T0038,P003,2,72.47
2026-06-08,T0038,P004,1,44.88
2026-06-08,T0038,P005,1,53.29
2026-06-08,T0038,P006,5,66.24
2026-06-08,T0038,P012,1,33.81
2026-06-08,T0038,P015,1,65.43
2026-06-08,T0038,P016,1,19.1
2026-06-08,T0038,P017,1,103.46
2026-06-08,T0038,P019,2,32.1
2026-06-08,T0039,P002,3,71.22
2026-06-08,T0039,P003,1,72.47
2026-06-08,T0039,P004,1,44.88
2026-06-08,T0039,P006,5,66.24
2026-06-08,T0039,P007,1,74.43
2026-06-08,T0039,P008,2,12.46
2026-06-08,T0039,P009,1,45.16
2026-06-08,T0039,P010,7,8.92
2026-06-08,T0039,P011,1,54.45
2026-06-08,T0039,P012,2,33.81
2026-06-08,T0039,P013,1,20.71
2026-06-08,T0039,P014,3,17.13
2026-06-08,T0039,P016,2,19.1
2026-06-08,T0039,P017,1,103.46
2026-06-08,T0039,P019,3,32.1
2026-06-08,T0040,P002,1,71.22
2026-06-08,T0040,P004,4,44.88
2026-06-08,T0040,P005,6,53.29
2026-06-08,T0040,P006,1,66.24
2026-06-08,T0040,P007,2,74.43
2026-06-08,T0040,P008,2,12.46
2026-06-08,T0040,P009,1,45.16
2026-06-08,T0040,P010,4,8.92
2026-06-08,T0040,P011,6,54.45
2026-06-08,T0040,P012,1,33.81
2026-06-08,T0040,P014,2,17.13
2026-06-08,T0040,P015,1,65.43
2026-06-08,T0040,P016,2,19.1
2026-06-08,T0040,P017,1,103.46
2026-06-08,T0040,P019,3,32.1
2026-06-08,T0040,P020,1,61.39
2026-06-09,T0001,P002,1,71.22
2026-06-09,T0001,P003,4,72.47
2026-06-09,T0001,P004,4,44.88
2026-06-09,T0001,P005,1,53.29
2026-06-09,T0001,P006,2,66.24
2026-06-09,T0001,P007,1,74.43
2026-06-09,T0001,P008,3,12.46
2026-06-09,T0001,P010,3,8.92
2026-06-09,T0001,P012,3,33.81
2026-06-09,T0001,P014,3,17.13
2026-06-09,T0001,P015,2,65.43
2026-06-09,T0001,P016,1,19.1
2026-06-09,T0001,P019,2,32.1
2026-06-09,T0001,P020,2,61.39
2026-06-09,T0002,P001,1,77.79
2026-06-09,T0002,P002,2,71.22
2026-06-09,T0002,P003,8,72.47
2026-06-09,T0002,P004,10,44.88
2026-06-09,T0002,P005,4,53.29
2026-06-09,T0002,P006,2,66.24
2026-06-09,T0002,P008,3,12.46
2026-06-09,T0002,P009,3,45.16
2026-06-09,T0002,P010,6,8.92
2026-06-09,T0002,P011,9,54.45
2026-06-09,T0002,P012,1,33.81
2026-06-09,T0002,P014,2,17.13
2026-06-09,T0002,P015,1,65.43
2026-06-09,T0002,P016,5,19.1
2026-06-09,T0002,P018,1,53.96
2026-06-09,T0002,P019,8,32.1
2026-06-09,T0002,P020,2,61.39
2026-06-09,T0003,P002,2,71.22
2026-06-09,T0003,P004,1,44.88
2026-06-09,T0003,P005,4,53.29
2026-06-09,T0003,P006,1,66.24
2026-06-09,T0003,P007,5,74.43
2026-06-09,T0003,P008,2,12.46
2026-06-09,T0003,P009,3,45.16
2026-06-09,T0003,P010,1,8.92
2026-06-09,T0003,P011,2,54.45
2026-06-09,T0003,P014,1,17.13
2026-06-09,T0003,P015,1,65.43
2026-06-09,T0003,P016,4,19.1
2026-06-09,T0003,P017,1,103.46
2026-06-09,T0003,P019,3,32.1
2026-06-09,T0004,P003,1,72.47
2026-06-09,T0004,P004,5,44.88
2026-06-09,T0004,P005,4,53.29
2026-06-09,T0004,P006,1,66.24
2026-06-09,T0004,P007,1,74.43
2026-06-09,T0004,P008,1,12.46
2026-06-09,T0004,P011,2,54.45
2026-06-09,T0004,P012,4,33.81
2026-06-09,T0004,P014,4,17.13
2026-06-09,T0004,P015,1,65.43
2026-06-09,T0004,P016,1,19.1
2026-06-09,T0004,P019,3,32.1
2026-06-09,T0005,P003,5,72.47
2026-06-09,T0005,P004,5,44.88
2026-06-09,T0005,P005,4,53.29
2026-06-09,T0005,P006,1,66.24
2026-06-09,T0005,P007,2,74.43
2026-06-09,T0005,P009,1,45.16
2026-06-09,T0005,P010,3,8.92
2026-06-09,T0005,P011,1,54.45
2026-06-09,T0005,P013,1,20.71
2026-06-09,T0005,P014,4,17.13
2026-06-09,T0005,P016,6,19.1
2026-06-09,T0005,P017,2,103.46
2026-06-09,T0005,P019,4,32.1
2026-06-09,T0006,P003,12,72.47
2026-06-09,T0006,P004,9,44.88
2026-06-09,T0006,P005,13,53.29
2026-06-09,T0006,P006,5,66.24
2026-06-09,T0006,P008,8,12.46
2026-06-09,T0006,P009,2,45.16
2026-06-09,T0006,P010,5,8.92
2026-06-09,T0006,P011,7,54.45
2026-06-09,T0006,P012,3,33.81
2026-06-09,T0006,P013,2,20.71
2026-06-09,T0006,P014,10,17.13
2026-06-09,T0006,P015,3,65.43
2026-06-09,T0006,P016,13,19.1
2026-06-09,T0006,P017,3,103.46
2026-06-09,T0006,P018,1,53.96
2026-06-09,T0006,P019,11,32.1
2026-06-09,T0006,P020,2,61.39
2026-06-09,T0007,P001,1,77.79
2026-06-09,T0007,P002,3,71.22
2026-06-09,T0007,P003,4,72.47
2026-06-09,T0007,P004,9,44.88
2026-06-09,T0007,P005,7,53.29
2026-06-09,T0007,P006,5,66.24
2026-06-09,T0007,P007,6,74.43
2026-06-09,T0007,P008,5,12.46
2026-06-09,T0007,P009,4,45.16
2026-06-09,T0007,P010,8,8.92
2026-06-09,T0007,P011,2,54.45
2026-06-09,T0007,P012,5,33.81
2026-06-09,T0007,P014,4,17.13
2026-06-09,T0007,P015,2,65.43
2026-06-09,T0007,P016,7,19.1
2026-06-09,T0007,P018,2,53.96
2026-06-09,T0007,P019,11,32.1
2026-06-09,T0007,P020,2,61.39
2026-06-09,T0008,P001,2,77.79
2026-06-09,T0008,P002,3,71.22
2026-06-09,T0008,P004,8,44.88
2026-06-09,T0008,P005,8,53.29
2026-06-09,T0008,P006,6,66.24
2026-06-09,T0008,P007,11,74.43
2026-06-09,T0008,P008,6,12.46
2026-06-09,T0008,P009,4,45.16
2026-06-09,T0008,P010,8,8.92
2026-06-09,T0008,P011,3,54.45
2026-06-09,T0008,P012,1,33.81
2026-06-09,T0008,P013,2,20.71
2026-06-09,T0008,P014,6,17.13
2026-06-09,T0008,P015,2,65.43
2026-06-09,T0008,P016,9,19.1
2026-06-09,T0008,P017,4,103.46
2026-06-09,T0008,P018,1,53.96
2026-06-09,T0008,P019,5,32.1
2026-06-09,T0008,P020,2,61.39
2026-06-09,T0009,P002,3,71.22
2026-06-09,T0009,P003,7,72.47
2026-06-09,T0009,P004,5,44.88
2026-06-09,T0009,P005,7,53.29
2026-06-09,T0009,P006,5,66.24
2026-06-09,T0009,P007,7,74.43
2026-06-09,T0009,P008,5,12.46
2026-06-09,T0009,P009,2,45.16
2026-06-09,T0009,P010,4,8.92
2026-06-09,T0009,P011,6,54.45
2026-06-09,T0009,P012,8,33.81
2026-06-09,T0009,P013,1,20.71
2026-06-09,T0009,P014,2,17.13
2026-06-09,T0009,P015,1,65.43
2026-06-09,T0009,P016,4,19.1
2026-06-09,T0009,P017,2,103.46
2026-06-09,T0009,P019,7,32.1
2026-06-09,T0009,P020,3,61.39
2026-06-09,T0010,P001,1,77.79
2026-06-09,T0010,P002,3,71.22
2026-06-09,T0010,P003,2,72.47
2026-06-09,T0010,P004,1,44.88
2026-06-09,T0010,P005,7,53.29
2026-06-09,T0010,P006,5,66.24
2026-06-09,T0010,P007,5,74.43
2026-06-09,T0010,P008,3,12.46
2026-06-09,T0010,P009,2,45.16
2026-06-09,T0010,P010,5,8.92
2026-06-09,T0010,P011,1,54.45
2026-06-09,T0010,P013,2,20.71
2026-06-09,T0010,P014,3,17.13
2026-06-09,T0010,P015,2,65.43
2026-06-09,T0010,P016,4,19.1
2026-06-09,T0010,P017,1,103.46
2026-06-09,T0010,P018,1,53.96
2026-06-09,T0010,P019,1,32.1
2026-06-09,T0011,P001,1,77.79
2026-06-09,T0011,P002,2,71.22
2026-06-09,T0011,P004,1,44.88
2026-06-09,T0011,P005,2,53.29
2026-06-09,T0011,P006,1,66.24
2026-06-09,T0011,P008,1,12.46
2026-06-09,T0011,P009,1,45.16
2026-06-09,T0011,P010,2,8.92
2026-06-09,T0011,P011,1,54.45
2026-06-09,T0011,P012,1,33.81
2026-06-09,T0011,P014,2,17.13
2026-06-09,T0011,P016,3,19.1
2026-06-09,T0011,P017,1,103.46
2026-06-09,T0011,P019,1,32.1
2026-06-09,T0012,P002,2,71.22
2026-06-09,T0012,P003,2,72.47
2026-06-09,T0012,P004,1,44.88
2026-06-09,T0012,P006,2,66.24
2026-06-09,T0012,P009,2,45.16
2026-06-09,T0012,P010,1,8.92
2026-06-09,T0012,P012,1,33.81
2026-06-09,T0012,P013,2,20.71
2026-06-09,T0012,P014,1,17.13
2026-06-09,T0012,P015,1,65.43
2026-06-09,T0012,P019,1,32.1
2026-06-09,T0012,P020,1,61.39
2026-06-09,T0013,P002,4,71.22
2026-06-09,T0013,P004,1,44.88
2026-06-09,T0013,P005,6,53.29
2026-06-09,T0013,P006,5,66.24
2026-06-09,T0013,P007,3,74.43
2026-06-09,T0013,P008,4,12.46
2026-06-09,T0013,P010,3,8.92
2026-06-09,T0013,P011,1,54.45
2026-06-09,T0013,P012,2,33.81
2026-06-09,T0013,P014,2,17.13
2026-06-09,T0013,P015,4,65.43
2026-06-09,T0013,P016,3,19.1
2026-06-09,T0013,P017,2,103.46
2026-06-09,T0013,P019,1,32.1
2026-06-09,T0013,P020,1,61.39
2026-06-09,T0014,P002,2,71.22
2026-06-09,T0014,P003,5,72.47
2026-06-09,T0014,P004,2,44.88
2026-06-09,T0014,P005,4,53.29
2026-06-09,T0014,P006,1,66.24
2026-06-09,T0014,P008,1,12.46
2026-06-09,T0014,P010,1,8.92
2026-06-09,T0014,P011,4,54.45
2026-06-09,T0014,P012,1,33.81
2026-06-09,T0014,P014,4,17.13
2026-06-09,T0014,P015,1,65.43
2026-06-09,T0014,P016,3,19.1
2026-06-09,T0014,P017,1,103.46
2026-06-09,T0014,P018,2,53.96
2026-06-09,T0014,P019,7,32.1
2026-06-09,T0014,P020,2,61.39
2026-06-09,T0015,P002,46,71.22
2026-06-09,T0015,P005,41,53.29
2026-06-09,T0015,P006,68,66.24
2026-06-09,T0015,P018,8,53.96
2026-06-09,T0015,P020,15,61.39
2026-06-09,T0016,P001,8,77.79
2026-06-09,T0016,P003,137,72.47
2026-06-09,T0017,P001,1,77.79
2026-06-09,T0017,P002,1,71.22
2026-06-09,T0017,P004,2,44.88
2026-06-09,T0017,P005,3,53.29
2026-06-09,T0017,P006,5,66.24
2026-06-09,T0017,P007,1,74.43
2026-06-09,T0017,P008,1,12.46
2026-06-09,T0017,P009,2,45.16
2026-06-09,T0017,P011,1,54.45
2026-06-09,T0017,P012,1,33.81
2026-06-09,T0017,P014,3,17.13
2026-06-09,T0017,P016,1,19.1
2026-06-09,T0017,P017,2,103.46
2026-06-09,T0017,P018,1,53.96
2026-06-09,T0017,P019,1,32.1
2026-06-09,T0018,P004,4,44.88
2026-06-09,T0018,P005,2,53.29
2026-06-09,T0018,P007,2,74.43
2026-06-09,T0018,P008,1,12.46
2026-06-09,T0018,P010,1,8.92
2026-06-09,T0018,P011,1,54.45
2026-06-09,T0018,P013,2,20.71
2026-06-09,T0018,P014,4,17.13
2026-06-09,T0018,P015,1,65.43
2026-06-09,T0019,P002,3,71.22
2026-06-09,T0019,P003,1,72.47
2026-06-09,T0019,P004,2,44.88
2026-06-09,T0019,P005,2,53.29
2026-06-09,T0019,P006,2,66.24
2026-06-09,T0019,P009,1,45.16
2026-06-09,T0019,P010,2,8.92
2026-06-09,T0019,P011,4,54.45
2026-06-09,T0019,P012,1,33.81
2026-06-09,T0019,P014,2,17.13
2026-06-09,T0019,P015,1,65.43
2026-06-09,T0019,P016,2,19.1
2026-06-09,T0019,P018,1,53.96
2026-06-09,T0019,P019,1,32.1
2026-06-09,T0020,P003,3,72.47
2026-06-09,T0020,P005,1,53.29
2026-06-09,T0020,P006,1,66.24
2026-06-09,T0020,P007,4,74.43
2026-06-09,T0020,P010,2,8.92
2026-06-09,T0020,P011,1,54.45
2026-06-09,T0020,P013,1,20.71
2026-06-09,T0020,P014,1,17.13
2026-06-09,T0020,P019,4,32.1
2026-06-09,T0021,P005,2,53.29
2026-06-09,T0021,P007,1,74.43
2026-06-09,T0021,P008,1,12.46
2026-06-09,T0021,P010,2,8.92
2026-06-09,T0021,P011,1,54.45
2026-06-09,T0021,P014,1,17.13
2026-06-09,T0021,P015,2,65.43
2026-06-09,T0021,P016,1,19.1
2026-06-09,T0021,P017,1,103.46
2026-06-09,T0021,P020,1,61.39
2026-06-09,T0022,P006,2,66.24
2026-06-09,T0022,P007,1,74.43
2026-06-09,T0022,P010,1,8.92
2026-06-09,T0022,P012,1,33.81
2026-06-09,T0023,P003,2,72.47
2026-06-09,T0023,P004,1,44.88
2026-06-09,T0023,P005,1,53.29
2026-06-09,T0023,P006,1,66.24
2026-06-09,T0023,P014,1,17.13
2026-06-09,T0023,P016,1,19.1
2026-06-09,T0023,P017,1,103.46
2026-06-09,T0023,P019,2,32.1
2026-06-09,T0024,P002,1,71.22
2026-06-09,T0024,P003,1,72.47
2026-06-09,T0024,P004,4,44.88
2026-06-09,T0024,P005,1,53.29
2026-06-09,T0024,P006,2,66.24
2026-06-09,T0024,P008,1,12.46
2026-06-09,T0024,P009,1,45.16
2026-06-09,T0024,P010,3,8.92
2026-06-09,T0024,P014,1,17.13
2026-06-09,T0024,P015,1,65.43
2026-06-09,T0024,P016,1,19.1
2026-06-09,T0024,P020,2,61.39
2026-06-09,T0025,P003,3,72.47
2026-06-09,T0025,P004,1,44.88
2026-06-09,T0025,P006,1,66.24
2026-06-09,T0025,P010,1,8.92
2026-06-09,T0025,P014,3,17.13
2026-06-09,T0025,P016,1,19.1
2026-06-09,T0025,P017,1,103.46
2026-06-09,T0025,P018,1,53.96
2026-06-09,T0026,P004,2,44.88
2026-06-09,T0026,P005,3,53.29
2026-06-09,T0026,P006,2,66.24
2026-06-09,T0026,P007,1,74.43
2026-06-09,T0026,P014,1,17.13
2026-06-09,T0026,P016,2,19.1
2026-06-09,T0026,P018,2,53.96
2026-06-09,T0026,P019,1,32.1
2026-06-09,T0027,P001,1,77.79
2026-06-09,T0027,P003,3,72.47
2026-06-09,T0027,P005,2,53.29
2026-06-09,T0027,P006,1,66.24
2026-06-09,T0027,P007,1,74.43
2026-06-09,T0027,P008,1,12.46
2026-06-09,T0027,P010,2,8.92
2026-06-09,T0027,P011,1,54.45
2026-06-09,T0027,P014,1,17.13
2026-06-09,T0027,P015,2,65.43
2026-06-09,T0027,P016,3,19.1
2026-06-09,T0027,P019,1,32.1
2026-06-09,T0027,P020,1,61.39
2026-06-09,T0028,P003,2,72.47
2026-06-09,T0028,P004,1,44.88
2026-06-09,T0028,P006,1,66.24
2026-06-09,T0028,P008,1,12.46
2026-06-09,T0028,P009,1,45.16
2026-06-09,T0028,P010,1,8.92
2026-06-09,T0028,P011,3,54.45
2026-06-09,T0028,P012,1,33.81
2026-06-09,T0028,P014,2,17.13
2026-06-09,T0028,P016,2,19.1
2026-06-09,T0028,P019,1,32.1
2026-06-09,T0029,P004,1,44.88
2026-06-09,T0029,P005,3,53.29
2026-06-09,T0029,P006,2,66.24
2026-06-09,T0029,P008,3,12.46
2026-06-09,T0029,P009,1,45.16
2026-06-09,T0029,P010,1,8.92
2026-06-09,T0029,P011,2,54.45
2026-06-09,T0029,P015,1,65.43
2026-06-09,T0029,P016,4,19.1
2026-06-09,T0030,P002,3,71.22
2026-06-09,T0030,P003,5,72.47
2026-06-09,T0030,P004,1,44.88
2026-06-09,T0030,P006,2,66.24
2026-06-09,T0030,P009,3,45.16
2026-06-09,T0030,P011,4,54.45
2026-06-09,T0030,P013,1,20.71
2026-06-09,T0030,P014,4,17.13
2026-06-09,T0030,P015,2,65.43
2026-06-09,T0030,P017,1,103.46
2026-06-09,T0030,P018,1,53.96
2026-06-09,T0030,P019,2,32.1
2026-06-09,T0031,P001,1,77.79
2026-06-09,T0031,P003,3,72.47
2026-06-09,T0031,P005,2,53.29
2026-06-09,T0031,P007,2,74.43
2026-06-09,T0031,P010,1,8.92
2026-06-09,T0031,P011,4,54.45
2026-06-09,T0031,P012,1,33.81
2026-06-09,T0031,P014,1,17.13
2026-06-09,T0031,P015,3,65.43
2026-06-09,T0031,P016,1,19.1
2026-06-09,T0031,P017,1,103.46
2026-06-09,T0031,P019,2,32.1
2026-06-09,T0031,P020,1,61.39
2026-06-09,T0032,P001,1,77.79
2026-06-09,T0032,P002,3,71.22
2026-06-09,T0032,P003,2,72.47
2026-06-09,T0032,P004,5,44.88
2026-06-09,T0032,P005,4,53.29
2026-06-09,T0032,P006,5,66.24
2026-06-09,T0032,P007,2,74.43
2026-06-09,T0032,P008,2,12.46
2026-06-09,T0032,P010,4,8.92
2026-06-09,T0032,P011,1,54.45
2026-06-09,T0032,P012,2,33.81
2026-06-09,T0032,P017,1,103.46
2026-06-09,T0032,P019,5,32.1
2026-06-09,T0032,P020,1,61.39
2026-06-09,T0033,P006,1,66.24
2026-06-09,T0033,P007,1,74.43
2026-06-09,T0033,P009,1,45.16
2026-06-09,T0033,P010,1,8.92
2026-06-09,T0033,P013,1,20.71
2026-06-09,T0033,P015,1,65.43
2026-06-09,T0033,P016,3,19.1
2026-06-09,T0033,P018,1,53.96
2026-06-09,T0033,P019,1,32.1
2026-06-09,T0034,P001,1,77.79
2026-06-09,T0034,P002,1,71.22
2026-06-09,T0034,P004,3,44.88
2026-06-09,T0034,P006,2,66.24
2026-06-09,T0034,P007,1,74.43
2026-06-09,T0034,P008,2,12.46
2026-06-09,T0034,P010,1,8.92
2026-06-09,T0034,P012,1,33.81
2026-06-09,T0034,P014,1,17.13
2026-06-09,T0034,P015,1,65.43
2026-06-09,T0034,P016,1,19.1
2026-06-09,T0034,P017,3,103.46
2026-06-09,T0034,P019,2,32.1
2026-06-09,T0034,P020,2,61.39
2026-06-09,T0035,P003,1,72.47
2026-06-09,T0035,P004,1,44.88
2026-06-09,T0035,P006,1,66.24
2026-06-09,T0035,P008,1,12.46
2026-06-09,T0035,P010,1,8.92
2026-06-09,T0035,P014,1,17.13
2026-06-09,T0035,P015,2,65.43
2026-06-09,T0035,P016,2,19.1
2026-06-09,T0036,P003,1,72.47
2026-06-09,T0036,P004,2,44.88
2026-06-09,T0036,P005,1,53.29
2026-06-09,T0036,P006,1,66.24
2026-06-09,T0036,P008,2,12.46
2026-06-09,T0036,P010,1,8.92
2026-06-09,T0036,P011,1,54.45
2026-06-09,T0036,P015,1,65.43
2026-06-09,T0036,P019,1,32.1
2026-06-09,T0037,P002,2,71.22
2026-06-09,T0037,P003,1,72.47
2026-06-09,T0037,P004,1,44.88
2026-06-09,T0037,P005,1,53.29
2026-06-09,T0037,P006,3,66.24
2026-06-09,T0037,P009,1,45.16
2026-06-09,T0037,P010,1,8.92
2026-06-09,T0037,P011,2,54.45
2026-06-09,T0037,P014,1,17.13
2026-06-09,T0037,P015,1,65.43
2026-06-09,T0037,P016,1,19.1
2026-06-09,T0037,P018,1,53.96
2026-06-09,T0037,P020,1,61.39
2026-06-09,T0038,P002,2,71.22
2026-06-09,T0038,P003,1,72.47
2026-06-09,T0038,P004,2,44.88
2026-06-09,T0038,P006,1,66.24
2026-06-09,T0038,P009,1,45.16
2026-06-09,T0038,P010,1,8.92
2026-06-09,T0038,P011,1,54.45
2026-06-09,T0038,P014,1,17.13
2026-06-09,T0038,P016,3,19.1
2026-06-09,T0038,P019,1,32.1
2026-06-09,T0039,P002,2,71.22
2026-06-09,T0039,P003,6,72.47
2026-06-09,T0039,P004,5,44.88
2026-06-09,T0039,P005,1,53.29
2026-06-09,T0039,P006,3,66.24
2026-06-09,T0039,P007,3,74.43
2026-06-09,T0039,P008,1,12.46
2026-06-09,T0039,P010,2,8.92
2026-06-09,T0039,P012,1,33.81
2026-06-09,T0039,P013,1,20.71
2026-06-09,T0039,P014,4,17.13
2026-06-09,T0039,P015,1,65.43
2026-06-09,T0039,P016,2,19.1
2026-06-09,T0039,P019,1,32.1
2026-06-09,T0040,P004,3,44.88
2026-06-09,T0040,P006,2,66.24
2026-06-09,T0040,P007,2,74.43
2026-06-09,T0040,P008,2,12.46
2026-06-09,T0040,P009,1,45.16
2026-06-09,T0040,P010,1,8.92
2026-06-09,T0040,P011,1,54.45
2026-06-09,T0040,P012,2,33.81
2026-06-09,T0040,P014,2,17.13
2026-06-09,T0040,P016,4,19.1
2026-06-09,T0040,P018,1,53.96
2026-06-09,T0040,P019,1,32.1
2026-06-10,T0001,P003,4,72.47
2026-06-10,T0001,P004,4,44.88
2026-06-10,T0001,P005,1,53.29
2026-06-10,T0001,P006,1,66.24
2026-06-10,T0001,P008,4,12.46
2026-06-10,T0001,P011,6,54.45
2026-06-10,T0001,P012,1,33.81
2026-06-10,T0001,P014,4,17.13
2026-06-10,T0001,P015,2,65.43
2026-06-10,T0001,P016,2,19.1
2026-06-10,T0001,P019,2,32.1
2026-06-10,T0002,P002,3,71.22
2026-06-10,T0002,P003,4,72.47
2026-06-10,T0002,P004,5,44.88
2026-06-10,T0002,P005,6,53.29
2026-06-10,T0002,P006,8,66.24
2026-06-10,T0002,P008,4,12.46
2026-06-10,T0002,P009,1,45.16
2026-06-10,T0002,P010,3,8.92
2026-06-10,T0002,P011,4,54.45
2026-06-10,T0002,P012,3,33.81
2026-06-10,T0002,P013,1,20.71
2026-06-10,T0002,P014,2,17.13
2026-06-10,T0002,P015,2,65.43
2026-06-10,T0002,P016,10,19.1
2026-06-10,T0002,P018,1,53.96
2026-06-10,T0002,P019,5,32.1
2026-06-10,T0003,P004,2,44.88
2026-06-10,T0003,P005,2,53.29
2026-06-10,T0003,P006,4,66.24
2026-06-10,T0003,P007,4,74.43
2026-06-10,T0003,P008,2,12.46
2026-06-10,T0003,P010,4,8.92
2026-06-10,T0003,P011,2,54.45
2026-06-10,T0003,P012,1,33.81
2026-06-10,T0003,P014,4,17.13
2026-06-10,T0003,P015,3,65.43
2026-06-10,T0003,P016,6,19.1
2026-06-10,T0003,P018,1,53.96
2026-06-10,T0003,P019,1,32.1
2026-06-10,T0003,P020,2,61.39
2026-06-10,T0004,P002,2,71.22
2026-06-10,T0004,P003,7,72.47
2026-06-10,T0004,P004,4,44.88
2026-06-10,T0004,P005,1,53.29
2026-06-10,T0004,P006,3,66.24
2026-06-10,T0004,P007,3,74.43
2026-06-10,T0004,P009,1,45.16
2026-06-10,T0004,P010,1,8.92
2026-06-10,T0004,P011,2,54.45
2026-06-10,T0004,P012,1,33.81
2026-06-10,T0004,P014,2,17.13
2026-06-10,T0004,P015,2,65.43
2026-06-10,T0004,P016,4,19.1
2026-06-10,T0004,P018,1,53.96
2026-06-10,T0004,P019,4,32.1
2026-06-10,T0004,P020,1,61.39
2026-06-10,T0005,P002,3,71.22
2026-06-10,T0005,P003,3,72.47
2026-06-10,T0005,P004,3,44.88
2026-06-10,T0005,P005,1,53.29
2026-06-10,T0005,P007,5,74.43
2026-06-10,T0005,P011,3,54.45
2026-06-10,T0005,P012,3,33.81
2026-06-10,T0005,P013,2,20.71
2026-06-10,T0005,P016,2,19.1
2026-06-10,T0005,P018,1,53.96
2026-06-10,T0005,P019,2,32.1
2026-06-10,T0005,P020,2,61.39
2026-06-10,T0006,P002,7,71.22
2026-06-10,T0006,P003,9,72.47
2026-06-10,T0006,P004,9,44.88
2026-06-10,T0006,P005,3,53.29
2026-06-10,T0006,P006,8,66.24
2026-06-10,T0006,P008,3,12.46
2026-06-10,T0006,P009,3,45.16
2026-06-10,T0006,P010,7,8.92
2026-06-10,T0006,P011,2,54.45
2026-06-10,T0006,P012,3,33.81
2026-06-10,T0006,P013,1,20.71
2026-06-10,T0006,P014,9,17.13
2026-06-10,T0006,P015,3,65.43
2026-06-10,T0006,P016,8,19.1
2026-06-10,T0006,P017,4,103.46
2026-06-10,T0006,P018,3,53.96
2026-06-10,T0006,P019,7,32.1
2026-06-10,T0006,P020,1,61.39
2026-06-10,T0007,P002,1,71.22
2026-06-10,T0007,P003,4,72.47
2026-06-10,T0007,P004,9,44.88
2026-06-10,T0007,P005,4,53.29
2026-06-10,T0007,P006,1,66.24
2026-06-10,T0007,P008,1,12.46
2026-06-10,T0007,P009,1,45.16
2026-06-10,T0007,P010,7,8.92
2026-06-10,T0007,P011,3,54.45
2026-06-10,T0007,P012,6,33.81
2026-06-10,T0007,P014,8,17.13
2026-06-10,T0007,P015,5,65.43
2026-06-10,T0007,P016,5,19.1
2026-06-10,T0007,P017,3,103.46
2026-06-10,T0007,P018,1,53.96
2026-06-10,T0007,P019,5,32.1
2026-06-10,T0007,P020,2,61.39
2026-06-10,T0008,P001,1,77.79
2026-06-10,T0008,P002,6,71.22
2026-06-10,T0008,P004,5,44.88
2026-06-10,T0008,P005,6,53.29
2026-06-10,T0008,P006,9,66.24
2026-06-10,T0008,P007,7,74.43
2026-06-10,T0008,P008,5,12.46
2026-06-10,T0008,P009,4,45.16
2026-06-10,T0008,P010,11,8.92
2026-06-10,T0008,P011,6,54.45
2026-06-10,T0008,P012,3,33.81
2026-06-10,T0008,P013,1,20.71
2026-06-10,T0008,P014,7,17.13
2026-06-10,T0008,P015,2,65.43
2026-06-10,T0008,P016,10,19.1
2026-06-10,T0008,P017,1,103.46
2026-06-10,T0008,P018,1,53.96
2026-06-10,T0008,P019,4,32.1
2026-06-10,T0009,P002,3,71.22
2026-06-10,T0009,P003,6,72.47
2026-06-10,T0009,P004,11,44.88
2026-06-10,T0009,P005,5,53.29
2026-06-10,T0009,P006,9,66.24
2026-06-10,T0009,P009,6,45.16
2026-06-10,T0009,P010,3,8.92
2026-06-10,T0009,P011,1,54.45
2026-06-10,T0009,P012,2,33.81
2026-06-10,T0009,P014,3,17.13
2026-06-10,T0009,P015,3,65.43
2026-06-10,T0009,P016,6,19.1
2026-06-10,T0009,P017,3,103.46
2026-06-10,T0009,P019,8,32.1
2026-06-10,T0010,P002,1,71.22
2026-06-10,T0010,P003,1,72.47
2026-06-10,T0010,P004,4,44.88
2026-06-10,T0010,P005,6,53.29
2026-06-10,T0010,P006,2,66.24
2026-06-10,T0010,P009,2,45.16
2026-06-10,T0010,P010,3,8.92
2026-06-10,T0010,P011,3,54.45
2026-06-10,T0010,P012,2,33.81
2026-06-10,T0010,P014,4,17.13
2026-06-10,T0010,P015,1,65.43
2026-06-10,T0010,P016,5,19.1
2026-06-10,T0010,P018,1,53.96
2026-06-10,T0010,P019,5,32.1
2026-06-10,T0011,P004,1,44.88
2026-06-10,T0011,P005,1,53.29
2026-06-10,T0011,P006,3,66.24
2026-06-10,T0011,P007,1,74.43
2026-06-10,T0011,P008,2,12.46
2026-06-10,T0011,P009,1,45.16
2026-06-10,T0011,P011,2,54.45
2026-06-10,T0011,P013,1,20.71
2026-06-10,T0011,P014,1,17.13
2026-06-10,T0011,P015,3,65.43
2026-06-10,T0011,P016,4,19.1
2026-06-10,T0011,P019,2,32.1
2026-06-10,T0011,P020,1,61.39
2026-06-10,T0012,P002,1,71.22
2026-06-10,T0012,P003,3,72.47
2026-06-10,T0012,P004,3,44.88
2026-06-10,T0012,P005,1,53.29
2026-06-10,T0012,P006,3,66.24
2026-06-10,T0012,P009,1,45.16
2026-06-10,T0012,P010,1,8.92
2026-06-10,T0012,P011,3,54.45
2026-06-10,T0012,P013,1,20.71
2026-06-10,T0012,P014,1,17.13
2026-06-10,T0012,P016,1,19.1
2026-06-10,T0012,P017,1,103.46
2026-06-10,T0012,P019,1,32.1
2026-06-10,T0013,P004,3,44.88
2026-06-10,T0013,P005,2,53.29
2026-06-10,T0013,P006,2,66.24
2026-06-10,T0013,P007,4,74.43
2026-06-10,T0013,P009,3,45.16
2026-06-10,T0013,P010,2,8.92
2026-06-10,T0013,P013,1,20.71
2026-06-10,T0013,P014,5,17.13
2026-06-10,T0013,P015,2,65.43
2026-06-10,T0013,P016,4,19.1
2026-06-10,T0013,P017,3,103.46
2026-06-10,T0013,P019,3,32.1
2026-06-10,T0014,P002,1,71.22
2026-06-10,T0014,P003,4,72.47
2026-06-10,T0014,P004,6,44.88
2026-06-10,T0014,P005,3,53.29
2026-06-10,T0014,P006,3,66.24
2026-06-10,T0014,P008,3,12.46
2026-06-10,T0014,P009,1,45.16
2026-06-10,T0014,P010,3,8.92
2026-06-10,T0014,P011,4,54.45
2026-06-10,T0014,P012,3,33.81
2026-06-10,T0014,P013,1,20.71
2026-06-10,T0014,P014,3,17.13
2026-06-10,T0014,P015,2,65.43
2026-06-10,T0014,P016,8,19.1
2026-06-10,T0014,P017,2,103.46
2026-06-10,T0014,P018,1,53.96
2026-06-10,T0014,P019,6,32.1
2026-06-10,T0015,P016,71,19.1
2026-06-10,T0016,P004,117,44.88
2026-06-10,T0016,P006,101,66.24
2026-06-10,T0017,P002,2,71.22
2026-06-10,T0017,P004,1,44.88
2026-06-10,T0017,P006,4,66.24
2026-06-10,T0017,P010,2,8.92
2026-06-10,T0017,P011,2,54.45
2026-06-10,T0017,P015,1,65.43
2026-06-10,T0017,P016,2,19.1
2026-06-10,T0018,P003,3,72.47
2026-06-10,T0018,P004,1,44.88
2026-06-10,T0018,P005,1,53.29
2026-06-10,T0018,P006,3,66.24
2026-06-10,T0018,P008,1,12.46
2026-06-10,T0018,P009,1,45.16
2026-06-10,T0018,P010,2,8.92
2026-06-10,T0018,P011,1,54.45
2026-06-10,T0018,P016,3,19.1
2026-06-10,T0019,P001,1,77.79
2026-06-10,T0019,P002,1,71.22
2026-06-10,T0019,P003,4,72.47
2026-06-10,T0019,P004,6,44.88
2026-06-10,T0019,P005,3,53.29
2026-06-10,T0019,P006,4,66.24
2026-06-10,T0019,P008,1,12.46
2026-06-10,T0019,P011,2,54.45
2026-06-10,T0019,P012,2,33.81
2026-06-10,T0019,P014,1,17.13
2026-06-10,T0019,P015,3,65.43
2026-06-10,T0019,P016,3,19.1
2026-06-10,T0019,P017,1,103.46
2026-06-10,T0019,P019,1,32.1
2026-06-10,T0020,P003,1,72.47
2026-06-10,T0020,P004,1,44.88
2026-06-10,T0020,P005,1,53.29
2026-06-10,T0020,P006,1,66.24
2026-06-10,T0020,P007,5,74.43
2026-06-10,T0020,P008,1,12.46
2026-06-10,T0020,P009,1,45.16
2026-06-10,T0020,P010,2,8.92
2026-06-10,T0020,P012,1,33.81
2026-06-10,T0020,P014,1,17.13
2026-06-10,T0020,P016,1,19.1
2026-06-10,T0020,P017,1,103.46
2026-06-10,T0020,P019,1,32.1
2026-06-10,T0021,P002,1,71.22
2026-06-10,T0021,P007,1,74.43
2026-06-10,T0021,P008,1,12.46
2026-06-10,T0021,P010,3,8.92
2026-06-10,T0021,P011,1,54.45
2026-06-10,T0021,P012,2,33.81
2026-06-10,T0021,P013,1,20.71
2026-06-10,T0021,P018,1,53.96
2026-06-10,T0021,P019,4,32.1
2026-06-10,T0021,P020,1,61.39
2026-06-10,T0022,P003,2,72.47
2026-06-10,T0022,P006,1,66.24
2026-06-10,T0022,P007,1,74.43
2026-06-10,T0022,P008,2,12.46
2026-06-10,T0022,P010,1,8.92
2026-06-10,T0022,P011,1,54.45
2026-06-10,T0022,P013,1,20.71
2026-06-10,T0022,P014,2,17.13
2026-06-10,T0022,P015,1,65.43
2026-06-10,T0022,P018,1,53.96
2026-06-10,T0023,P003,2,72.47
2026-06-10,T0023,P005,1,53.29
2026-06-10,T0023,P006,2,66.24
2026-06-10,T0023,P012,1,33.81
2026-06-10,T0023,P015,1,65.43
2026-06-10,T0023,P016,1,19.1
2026-06-10,T0024,P003,1,72.47
2026-06-10,T0024,P004,2,44.88
2026-06-10,T0024,P005,1,53.29
2026-06-10,T0024,P014,2,17.13
2026-06-10,T0024,P019,2,32.1
2026-06-10,T0024,P020,1,61.39
2026-06-10,T0025,P005,1,53.29
2026-06-10,T0025,P008,2,12.46
2026-06-10,T0025,P011,1,54.45
2026-06-10,T0025,P012,2,33.81
2026-06-10,T0025,P015,1,65.43
2026-06-10,T0025,P016,1,19.1
2026-06-10,T0026,P001,1,77.79
2026-06-10,T0026,P004,1,44.88
2026-06-10,T0026,P012,1,33.81
2026-06-10,T0026,P018,1,53.96
2026-06-10,T0027,P002,1,71.22
2026-06-10,T0027,P003,1,72.47
2026-06-10,T0027,P004,1,44.88
2026-06-10,T0027,P005,1,53.29
2026-06-10,T0027,P006,2,66.24
2026-06-10,T0027,P007,2,74.43
2026-06-10,T0027,P008,2,12.46
2026-06-10,T0027,P010,2,8.92
2026-06-10,T0027,P011,1,54.45
2026-06-10,T0027,P012,1,33.81
2026-06-10,T0027,P016,1,19.1
2026-06-10,T0027,P017,1,103.46
2026-06-10,T0027,P019,1,32.1
2026-06-10,T0028,P002,1,71.22
2026-06-10,T0028,P003,2,72.47
2026-06-10,T0028,P004,1,44.88
2026-06-10,T0028,P005,1,53.29
2026-06-10,T0028,P008,2,12.46
2026-06-10,T0028,P010,3,8.92
2026-06-10,T0028,P011,1,54.45
2026-06-10,T0028,P012,1,33.81
2026-06-10,T0028,P014,1,17.13
2026-06-10,T0028,P016,1,19.1
2026-06-10,T0028,P017,2,103.46
2026-06-10,T0028,P018,1,53.96
2026-06-10,T0028,P019,1,32.1
2026-06-10,T0029,P002,1,71.22
2026-06-10,T0029,P005,1,53.29
2026-06-10,T0029,P006,3,66.24
2026-06-10,T0029,P007,2,74.43
2026-06-10,T0029,P010,1,8.92
2026-06-10,T0029,P011,2,54.45
2026-06-10,T0029,P016,2,19.1
2026-06-10,T0029,P020,1,61.39
2026-06-10,T0030,P002,3,71.22
2026-06-10,T0030,P003,6,72.47
2026-06-10,T0030,P004,3,44.88
2026-06-10,T0030,P005,1,53.29
2026-06-10,T0030,P006,1,66.24
2026-06-10,T0030,P007,2,74.43
2026-06-10,T0030,P008,1,12.46
2026-06-10,T0030,P010,2,8.92
2026-06-10,T0030,P011,1,54.45
2026-06-10,T0030,P012,3,33.81
2026-06-10,T0030,P013,1,20.71
2026-06-10,T0030,P014,3,17.13
2026-06-10,T0030,P015,1,65.43
2026-06-10,T0030,P017,2,103.46
2026-06-10,T0031,P004,1,44.88
2026-06-10,T0031,P005,4,53.29
2026-06-10,T0031,P007,5,74.43
2026-06-10,T0031,P008,1,12.46
2026-06-10,T0031,P010,4,8.92
2026-06-10,T0031,P011,3,54.45
2026-06-10,T0031,P012,2,33.81
2026-06-10,T0031,P013,1,20.71
2026-06-10,T0031,P014,2,17.13
2026-06-10,T0031,P015,1,65.43
2026-06-10,T0031,P016,2,19.1
2026-06-10,T0031,P019,1,32.1
2026-06-10,T0031,P020,1,61.39
2026-06-10,T0032,P002,2,71.22
2026-06-10,T0032,P003,3,72.47
2026-06-10,T0032,P004,2,44.88
2026-06-10,T0032,P005,3,53.29
2026-06-10,T0032,P006,3,66.24
2026-06-10,T0032,P008,1,12.46
2026-06-10,T0032,P010,2,8.92
2026-06-10,T0032,P011,1,54.45
2026-06-10,T0032,P014,1,17.13
2026-06-10,T0032,P016,2,19.1
2026-06-10,T0032,P019,1,32.1
2026-06-10,T0032,P020,1,61.39
2026-06-10,T0033,P003,1,72.47
2026-06-10,T0033,P004,1,44.88
2026-06-10,T0033,P016,1,19.1
2026-06-10,T0033,P019,1,32.1
2026-06-10,T0034,P004,1,44.88
2026-06-10,T0034,P005,5,53.29
2026-06-10,T0034,P006,3,66.24
2026-06-10,T0034,P007,3,74.43
2026-06-10,T0034,P010,2,8.92
2026-06-10,T0034,P012,1,33.81
2026-06-10,T0034,P013,1,20.71
2026-06-10,T0034,P014,1,17.13
2026-06-10,T0034,P015,2,65.43
2026-06-10,T0034,P016,1,19.1
2026-06-10,T0034,P019,3,32.1
2026-06-10,T0035,P003,4,72.47
2026-06-10,T0035,P004,2,44.88
2026-06-10,T0035,P005,1,53.29
2026-06-10,T0035,P006,2,66.24
2026-06-10,T0035,P009,1,45.16
2026-06-10,T0035,P010,1,8.92
2026-06-10,T0035,P019,1,32.1
2026-06-10,T0036,P006,1,66.24
2026-06-10,T0036,P011,1,54.45
2026-06-10,T0036,P014,1,17.13
2026-06-10,T0036,P017,1,103.46
2026-06-10,T0036,P020,1,61.39
2026-06-10,T0037,P001,1,77.79
2026-06-10,T0037,P002,1,71.22
2026-06-10,T0037,P005,2,53.29
2026-06-10,T0037,P006,1,66.24
2026-06-10,T0037,P008,1,12.46
2026-06-10,T0037,P011,1,54.45
2026-06-10,T0037,P014,1,17.13
2026-06-10,T0037,P015,2,65.43
2026-06-10,T0037,P016,1,19.1
2026-06-10,T0037,P019,2,32.1
2026-06-10,T0038,P002,1,71.22
2026-06-10,T0038,P003,1,72.47
2026-06-10,T0038,P004,1,44.88
2026-06-10,T0038,P005,1,53.29
2026-06-10,T0038,P006,3,66.24
2026-06-10,T0038,P010,1,8.92
2026-06-10,T0038,P011,2,54.45
2026-06-10,T0038,P012,1,33.81
2026-06-10,T0038,P014,1,17.13
2026-06-10,T0038,P016,2,19.1
2026-06-10,T0038,P018,1,53.96
2026-06-10,T0038,P019,1,32.1
2026-06-10,T0039,P003,2,72.47
2026-06-10,T0039,P004,1,44.88
2026-06-10,T0039,P005,1,53.29
2026-06-10,T0039,P006,1,66.24
2026-06-10,T0039,P007,1,74.43
2026-06-10,T0039,P008,1,12.46
2026-06-10,T0039,P009,1,45.16
2026-06-10,T0039,P011,1,54.45
2026-06-10,T0039,P012,1,33.81
2026-06-10,T0039,P014,3,17.13
2026-06-10,T0039,P015,2,65.43
2026-06-10,T0039,P016,2,19.1
2026-06-10,T0039,P018,1,53.96
2026-06-10,T0039,P019,3,32.1
2026-06-10,T0040,P002,4,71.22
2026-06-10,T0040,P004,3,44.88
2026-06-10,T0040,P005,2,53.29
2026-06-10,T0040,P007,1,74.43
2026-06-10,T0040,P008,3,12.46
2026-06-10,T0040,P010,3,8.92
2026-06-10,T0040,P011,1,54.45
2026-06-10,T0040,P014,1,17.13
2026-06-10,T0040,P016,4,19.1
2026-06-10,T0040,P017,2,103.46
2026-06-10,T0040,P019,1,32.1
2026-06-10,T0040,P020,2,61.39
2026-06-11,T0001,P002,5,71.22
2026-06-11,T0001,P003,1,72.47
2026-06-11,T0001,P004,2,44.88
2026-06-11,T0001,P005,4,53.29
2026-06-11,T0001,P006,4,66.24
2026-06-11,T0001,P010,3,8.92
2026-06-11,T0001,P012,2,33.81
2026-06-11,T0001,P013,1,20.71
2026-06-11,T0001,P014,2,17.13
2026-06-11,T0001,P016,2,19.1
2026-06-11,T0001,P019,5,32.1
2026-06-11,T0002,P003,4,72.47
2026-06-11,T0002,P004,7,44.88
2026-06-11,T0002,P005,3,53.29
2026-06-11,T0002,P006,6,66.24
2026-06-11,T0002,P008,2,12.46
2026-06-11,T0002,P009,2,45.16
2026-06-11,T0002,P010,4,8.92
2026-06-11,T0002,P011,2,54.45
2026-06-11,T0002,P012,3,33.81
2026-06-11,T0002,P013,1,20.71
2026-06-11,T0002,P014,4,17.13
2026-06-11,T0002,P015,2,65.43
2026-06-11,T0002,P016,4,19.1
2026-06-11,T0002,P020,2,61.39
2026-06-11,T0003,P001,2,77.79
2026-06-11,T0003,P002,4,71.22
2026-06-11,T0003,P004,5,44.88
2026-06-11,T0003,P007,2,74.43
2026-06-11,T0003,P010,1,8.92
2026-06-11,T0003,P011,4,54.45
2026-06-11,T0003,P014,2,17.13
2026-06-11,T0003,P016,2,19.1
2026-06-11,T0003,P020,1,61.39
2026-06-11,T0004,P002,2,71.22
2026-06-11,T0004,P006,3,66.24
2026-06-11,T0004,P007,5,74.43
2026-06-11,T0004,P008,2,12.46
2026-06-11,T0004,P010,3,8.92
2026-06-11,T0004,P011,2,54.45
2026-06-11,T0004,P012,3,33.81
2026-06-11,T0004,P014,2,17.13
2026-06-11,T0004,P015,1,65.43
2026-06-11,T0004,P016,4,19.1
2026-06-11,T0004,P019,1,32.1
2026-06-11,T0004,P020,1,61.39
2026-06-11,T0005,P001,1,77.79
2026-06-11,T0005,P002,1,71.22
2026-06-11,T0005,P003,1,72.47
2026-06-11,T0005,P004,2,44.88
2026-06-11,T0005,P005,2,53.29
2026-06-11,T0005,P006,1,66.24
2026-06-11,T0005,P007,1,74.43
2026-06-11,T0005,P011,1,54.45
2026-06-11,T0005,P012,2,33.81
2026-06-11,T0005,P013,1,20.71
2026-06-11,T0005,P014,2,17.13
2026-06-11,T0005,P017,1,103.46
2026-06-11,T0005,P019,4,32.1
2026-06-11,T0006,P001,1,77.79
2026-06-11,T0006,P002,8,71.22
2026-06-11,T0006,P003,7,72.47
2026-06-11,T0006,P004,2,44.88
2026-06-11,T0006,P005,8,53.29
2026-06-11,T0006,P006,7,66.24
2026-06-11,T0006,P008,4,12.46
2026-06-11,T0006,P009,1,45.16
2026-06-11,T0006,P010,6,8.92
2026-06-11,T0006,P011,7,54.45
2026-06-11,T0006,P013,1,20.71
2026-06-11,T0006,P014,4,17.13
2026-06-11,T0006,P015,5,65.43
2026-06-11,T0006,P016,9,19.1
2026-06-11,T0006,P019,2,32.1
2026-06-11,T0007,P001,1,77.79
2026-06-11,T0007,P003,8,72.47
2026-06-11,T0007,P004,2,44.88
2026-06-11,T0007,P005,3,53.29
2026-06-11,T0007,P006,4,66.24
2026-06-11,T0007,P009,1,45.16
2026-06-11,T0007,P010,3,8.92
2026-06-11,T0007,P011,6,54.45
2026-06-11,T0007,P012,4,33.81
2026-06-11,T0007,P014,5,17.13
2026-06-11,T0007,P015,2,65.43
2026-06-11,T0007,P016,5,19.1
2026-06-11,T0007,P017,2,103.46
2026-06-11,T0007,P019,1,32.1
2026-06-11,T0007,P020,1,61.39
2026-06-11,T0008,P001,1,77.79
2026-06-11,T0008,P002,4,71.22
2026-06-11,T0008,P004,12,44.88
2026-06-11,T0008,P005,6,53.29
2026-06-11,T0008,P006,3,66.24
2026-06-11,T0008,P007,7,74.43
2026-06-11,T0008,P008,4,12.46
2026-06-11,T0008,P009,2,45.16
2026-06-11,T0008,P010,2,8.92
2026-06-11,T0008,P012,2,33.81
2026-06-11,T0008,P013,2,20.71
2026-06-11,T0008,P014,6,17.13
2026-06-11,T0008,P015,4,65.43
2026-06-11,T0008,P016,2,19.1
2026-06-11,T0008,P018,1,53.96
2026-06-11,T0008,P019,11,32.1
2026-06-11,T0009,P001,1,77.79
2026-06-11,T0009,P002,5,71.22
2026-06-11,T0009,P003,7,72.47
2026-06-11,T0009,P004,6,44.88
2026-06-11,T0009,P005,1,53.29
2026-06-11,T0009,P006,5,66.24
2026-06-11,T0009,P008,4,12.46
2026-06-11,T0009,P009,1,45.16
2026-06-11,T0009,P010,3,8.92
2026-06-11,T0009,P014,8,17.13
2026-06-11,T0009,P015,4,65.43
2026-06-11,T0009,P016,2,19.1
2026-06-11,T0009,P018,1,53.96
2026-06-11,T0009,P020,2,61.39
2026-06-11,T0010,P003,3,72.47
2026-06-11,T0010,P004,5,44.88
2026-06-11,T0010,P006,2,66.24
2026-06-11,T0010,P008,2,12.46
2026-06-11,T0010,P010,2,8.92
2026-06-11,T0010,P011,5,54.45
2026-06-11,T0010,P012,3,33.81
2026-06-11,T0010,P014,2,17.13
2026-06-11,T0010,P015,1,65.43
2026-06-11,T0010,P018,1,53.96
2026-06-11,T0010,P019,1,32.1
2026-06-11,T0010,P020,1,61.39
2026-06-11,T0011,P001,1,77.79
2026-06-11,T0011,P004,2,44.88
2026-06-11,T0011,P005,1,53.29
2026-06-11,T0011,P006,2,66.24
2026-06-11,T0011,P007,2,74.43
2026-06-11,T0011,P010,1,8.92
2026-06-11,T0011,P011,2,54.45
2026-06-11,T0011,P012,2,33.81
2026-06-11,T0011,P014,2,17.13
2026-06-11,T0011,P016,1,19.1
2026-06-11,T0011,P018,1,53.96
2026-06-11,T0012,P002,2,71.22
2026-06-11,T0012,P005,2,53.29
2026-06-11,T0012,P006,3,66.24
2026-06-11,T0012,P008,2,12.46
2026-06-11,T0012,P011,1,54.45
2026-06-11,T0012,P012,1,33.81
2026-06-11,T0012,P013,1,20.71
2026-06-11,T0012,P014,3,17.13
2026-06-11,T0013,P001,1,77.79
2026-06-11,T0013,P004,2,44.88
2026-06-11,T0013,P005,2,53.29
2026-06-11,T0013,P006,6,66.24
2026-06-11,T0013,P007,4,74.43
2026-06-11,T0013,P008,3,12.46
2026-06-11,T0013,P010,2,8.92
2026-06-11,T0013,P011,5,54.45
2026-06-11,T0013,P013,1,20.71
2026-06-11,T0013,P014,3,17.13
2026-06-11,T0013,P016,4,19.1
2026-06-11,T0013,P018,1,53.96
2026-06-11,T0013,P019,2,32.1
2026-06-11,T0014,P002,3,71.22
2026-06-11,T0014,P003,1,72.47
2026-06-11,T0014,P004,2,44.88
2026-06-11,T0014,P005,4,53.29
2026-06-11,T0014,P006,3,66.24
2026-06-11,T0014,P008,3,12.46
2026-06-11,T0014,P009,2,45.16
2026-06-11,T0014,P011,2,54.45
2026-06-11,T0014,P012,1,33.81
2026-06-11,T0014,P013,1,20.71
2026-06-11,T0014,P014,1,17.13
2026-06-11,T0014,P015,3,65.43
2026-06-11,T0014,P016,1,19.1
2026-06-11,T0014,P018,1,53.96
2026-06-11,T0015,P006,52,66.24
2026-06-11,T0015,P007,77,74.43
2026-06-11,T0015,P013,9,20.71
2026-06-11,T0016,P002,13,71.22
2026-06-11,T0016,P005,116,53.29
2026-06-11,T0016,P006,39,66.24
2026-06-11,T0016,P008,64,12.46
2026-06-11,T0017,P002,3,71.22
2026-06-11,T0017,P004,4,44.88
2026-06-11,T0017,P005,2,53.29
2026-06-11,T0017,P006,4,66.24
2026-06-11,T0017,P007,2,74.43
2026-06-11,T0017,P010,2,8.92
2026-06-11,T0017,P011,1,54.45
2026-06-11,T0017,P014,2,17.13
2026-06-11,T0017,P016,5,19.1
2026-06-11,T0017,P019,6,32.1
2026-06-11,T0017,P020,1,61.39
2026-06-11,T0018,P005,1,53.29
2026-06-11,T0018,P006,3,66.24
2026-06-11,T0018,P009,1,45.16
2026-06-11,T0018,P010,1,8.92
2026-06-11,T0018,P015,3,65.43
2026-06-11,T0018,P016,1,19.1
2026-06-11,T0018,P017,1,103.46
2026-06-11,T0018,P019,1,32.1
2026-06-11,T0018,P020,1,61.39
2026-06-11,T0019,P002,2,71.22
2026-06-11,T0019,P003,4,72.47
2026-06-11,T0019,P004,2,44.88
2026-06-11,T0019,P008,2,12.46
2026-06-11,T0019,P009,1,45.16
2026-06-11,T0019,P011,2,54.45
2026-06-11,T0019,P012,1,33.81
2026-06-11,T0019,P014,3,17.13
2026-06-11,T0019,P017,1,103.46
2026-06-11,T0020,P002,2,71.22
2026-06-11,T0020,P003,1,72.47
2026-06-11,T0020,P005,2,53.29
2026-06-11,T0020,P006,3,66.24
2026-06-11,T0020,P010,1,8.92
2026-06-11,T0020,P011,1,54.45
2026-06-11,T0020,P016,2,19.1
2026-06-11,T0020,P018,1,53.96
2026-06-11,T0021,P002,1,71.22
2026-06-11,T0021,P004,2,44.88
2026-06-11,T0021,P005,1,53.29
2026-06-11,T0021,P006,1,66.24
2026-06-11,T0021,P007,2,74.43
2026-06-11,T0021,P009,2,45.16
2026-06-11,T0021,P010,1,8.92
2026-06-11,T0021,P011,2,54.45
2026-06-11,T0021,P014,2,17.13
2026-06-11,T0021,P017,1,103.46
2026-06-11,T0021,P018,1,53.96
2026-06-11,T0021,P019,1,32.1
2026-06-11,T0022,P003,1,72.47
2026-06-11,T0022,P006,1,66.24
2026-06-11,T0022,P007,1,74.43
2026-06-11,T0022,P009,1,45.16
2026-06-11,T0022,P011,1,54.45
2026-06-11,T0022,P016,1,19.1
2026-06-11,T0022,P019,1,32.1
2026-06-11,T0023,P004,1,44.88
2026-06-11,T0023,P008,2,12.46
2026-06-11,T0023,P013,1,20.71
2026-06-11,T0023,P014,1,17.13
2026-06-11,T0023,P015,1,65.43
2026-06-11,T0023,P016,2,19.1
2026-06-11,T0024,P001,1,77.79
2026-06-11,T0024,P004,2,44.88
2026-06-11,T0024,P005,1,53.29
2026-06-11,T0024,P006,1,66.24
2026-06-11,T0024,P009,1,45.16
2026-06-11,T0024,P010,2,8.92
2026-06-11,T0024,P014,1,17.13
2026-06-11,T0024,P015,3,65.43
2026-06-11,T0024,P016,4,19.1
2026-06-11,T0024,P019,1,32.1
2026-06-11,T0025,P001,1,77.79
2026-06-11,T0025,P004,1,44.88
2026-06-11,T0025,P010,1,8.92
2026-06-11,T0025,P016,2,19.1
2026-06-11,T0025,P019,1,32.1
2026-06-11,T0026,P004,1,44.88
2026-06-11,T0026,P008,1,12.46
2026-06-11,T0026,P012,1,33.81
2026-06-11,T0026,P014,2,17.13
2026-06-11,T0026,P019,1,32.1
2026-06-11,T0026,P020,1,61.39
2026-06-11,T0027,P003,1,72.47
2026-06-11,T0027,P004,2,44.88
2026-06-11,T0027,P007,1,74.43
2026-06-11,T0027,P009,1,45.16
2026-06-11,T0027,P010,2,8.92
2026-06-11,T0027,P014,2,17.13
2026-06-11,T0027,P015,1,65.43
2026-06-11,T0027,P016,1,19.1
2026-06-11,T0027,P017,1,103.46
2026-06-11,T0027,P019,1,32.1
2026-06-11,T0028,P002,1,71.22
2026-06-11,T0028,P004,1,44.88
2026-06-11,T0028,P009,1,45.16
2026-06-11,T0028,P010,1,8.92
2026-06-11,T0028,P011,1,54.45
2026-06-11,T0028,P012,1,33.81
2026-06-11,T0028,P016,5,19.1
2026-06-11,T0028,P018,2,53.96
2026-06-11,T0028,P019,3,32.1
2026-06-11,T0029,P001,1,77.79
2026-06-11,T0029,P004,1,44.88
2026-06-11,T0029,P005,4,53.29
2026-06-11,T0029,P006,1,66.24
2026-06-11,T0029,P007,4,74.43
2026-06-11,T0029,P008,2,12.46
2026-06-11,T0029,P009,2,45.16
2026-06-11,T0029,P011,2,54.45
2026-06-11,T0029,P014,3,17.13
2026-06-11,T0029,P017,1,103.46
2026-06-11,T0030,P002,2,71.22
2026-06-11,T0030,P003,2,72.47
2026-06-11,T0030,P004,1,44.88
2026-06-11,T0030,P005,3,53.29
2026-06-11,T0030,P006,3,66.24
2026-06-11,T0030,P007,4,74.43
2026-06-11,T0030,P010,4,8.92
2026-06-11,T0030,P011,1,54.45
2026-06-11,T0030,P013,1,20.71
2026-06-11,T0030,P016,2,19.1
2026-06-11,T0030,P019,4,32.1
2026-06-11,T0031,P001,1,77.79
2026-06-11,T0031,P002,1,71.22
2026-06-11,T0031,P003,3,72.47
2026-06-11,T0031,P004,4,44.88
2026-06-11,T0031,P007,3,74.43
2026-06-11,T0031,P008,1,12.46
2026-06-11,T0031,P009,1,45.16
2026-06-11,T0031,P010,1,8.92
2026-06-11,T0031,P011,2,54.45
2026-06-11,T0031,P013,1,20.71
2026-06-11,T0031,P014,3,17.13
2026-06-11,T0031,P015,2,65.43
2026-06-11,T0031,P016,6,19.1
2026-06-11,T0031,P019,3,32.1
2026-06-11,T0032,P003,1,72.47
2026-06-11,T0032,P004,6,44.88
2026-06-11,T0032,P010,4,8.92
2026-06-11,T0032,P011,5,54.45
2026-06-11,T0032,P012,2,33.81
2026-06-11,T0032,P014,2,17.13
2026-06-11,T0032,P015,2,65.43
2026-06-11,T0032,P017,2,103.46
2026-06-11,T0032,P019,2,32.1
2026-06-11,T0033,P004,2,44.88
2026-06-11,T0033,P006,1,66.24
2026-06-11,T0033,P008,2,12.46
2026-06-11,T0033,P011,2,54.45
2026-06-11,T0034,P002,1,71.22
2026-06-11,T0034,P004,2,44.88
2026-06-11,T0034,P005,1,53.29
2026-06-11,T0034,P006,1,66.24
2026-06-11,T0034,P007,1,74.43
2026-06-11,T0034,P008,1,12.46
2026-06-11,T0034,P009,1,45.16
2026-06-11,T0034,P014,2,17.13
2026-06-11,T0034,P016,2,19.1
2026-06-11,T0034,P019,2,32.1
2026-06-11,T0035,P002,1,71.22
2026-06-11,T0035,P003,1,72.47
2026-06-11,T0035,P004,1,44.88
2026-06-11,T0035,P005,1,53.29
2026-06-11,T0035,P011,1,54.45
2026-06-11,T0035,P012,1,33.81
2026-06-11,T0035,P015,1,65.43
2026-06-11,T0035,P016,1,19.1
2026-06-11,T0035,P017,1,103.46
2026-06-11,T0035,P019,2,32.1
2026-06-11,T0036,P001,1,77.79
2026-06-11,T0036,P005,1,53.29
2026-06-11,T0036,P006,1,66.24
2026-06-11,T0036,P008,1,12.46
2026-06-11,T0036,P011,1,54.45
2026-06-11,T0036,P016,1,19.1
2026-06-11,T0036,P020,1,61.39
2026-06-11,T0037,P002,1,71.22
2026-06-11,T0037,P003,1,72.47
2026-06-11,T0037,P004,1,44.88
2026-06-11,T0037,P005,1,53.29
2026-06-11,T0037,P006,2,66.24
2026-06-11,T0037,P008,1,12.46
2026-06-11,T0037,P009,1,45.16
2026-06-11,T0037,P010,1,8.92
2026-06-11,T0037,P011,1,54.45
2026-06-11,T0037,P013,1,20.71
2026-06-11,T0037,P014,1,17.13
2026-06-11,T0037,P016,5,19.1
2026-06-11,T0037,P018,1,53.96
2026-06-11,T0037,P019,2,32.1
2026-06-11,T0038,P002,1,71.22
2026-06-11,T0038,P004,1,44.88
2026-06-11,T0038,P005,1,53.29
2026-06-11,T0038,P008,1,12.46
2026-06-11,T0038,P009,1,45.16
2026-06-11,T0038,P010,1,8.92
2026-06-11,T0038,P015,1,65.43
2026-06-11,T0038,P016,3,19.1
2026-06-11,T0038,P019,2,32.1
2026-06-11,T0039,P003,2,72.47
2026-06-11,T0039,P004,2,44.88
2026-06-11,T0039,P005,3,53.29
2026-06-11,T0039,P006,2,66.24
2026-06-11,T0039,P007,4,74.43
2026-06-11,T0039,P009,2,45.16
2026-06-11,T0039,P011,1,54.45
2026-06-11,T0039,P014,2,17.13
2026-06-11,T0039,P018,1,53.96
2026-06-11,T0039,P019,2,32.1
2026-06-11,T0040,P004,2,44.88
2026-06-11,T0040,P005,3,53.29
2026-06-11,T0040,P006,2,66.24
2026-06-11,T0040,P009,1,45.16
2026-06-11,T0040,P011,2,54.45
2026-06-11,T0040,P012,1,33.81
2026-06-11,T0040,P014,3,17.13
2026-06-11,T0040,P016,3,19.1
2026-06-11,T0040,P019,5,32.1
2026-06-11,T0040,P020,1,61.39
2026-06-12,T0001,P003,5,72.47
2026-06-12,T0001,P005,3,53.29
2026-06-12,T0001,P006,1,66.24
2026-06-12,T0001,P008,1,12.46
2026-06-12,T0001,P010,4,8.92
2026-06-12,T0001,P011,4,54.45
2026-06-12,T0001,P013,1,20.71
2026-06-12,T0001,P014,2,17.13
2026-06-12,T0001,P015,2,65.43
2026-06-12,T0001,P016,2,19.1
2026-06-12,T0001,P017,2,103.46
2026-06-12,T0001,P018,1,53.96
2026-06-12,T0001,P019,4,32.1
2026-06-12,T0002,P002,2,71.22
2026-06-12,T0002,P003,7,72.47
2026-06-12,T0002,P004,11,44.88
2026-06-12,T0002,P005,2,53.29
2026-06-12,T0002,P009,5,45.16
2026-06-12,T0002,P010,4,8.92
2026-06-12,T0002,P011,4,54.45
2026-06-12,T0002,P012,3,33.81
2026-06-12,T0002,P014,2,17.13
2026-06-12,T0002,P015,1,65.43
2026-06-12,T0002,P016,6,19.1
2026-06-12,T0002,P020,2,61.39
2026-06-12,T0003,P002,1,71.22
2026-06-12,T0003,P004,5,44.88
2026-06-12,T0003,P005,4,53.29
2026-06-12,T0003,P006,2,66.24
2026-06-12,T0003,P007,5,74.43
2026-06-12,T0003,P010,5,8.92
2026-06-12,T0003,P011,1,54.45
2026-06-12,T0003,P014,1,17.13
2026-06-12,T0003,P016,3,19.1
2026-06-12,T0003,P018,1,53.96
2026-06-12,T0004,P002,2,71.22
2026-06-12,T0004,P006,4,66.24
2026-06-12,T0004,P007,3,74.43
2026-06-12,T0004,P008,1,12.46
2026-06-12,T0004,P009,4,45.16
2026-06-12,T0004,P010,6,8.92
2026-06-12,T0004,P011,5,54.45
2026-06-12,T0004,P012,1,33.81
2026-06-12,T0004,P013,1,20.71
2026-06-12,T0004,P014,1,17.13
2026-06-12,T0004,P015,2,65.43
2026-06-12,T0004,P016,1,19.1
2026-06-12,T0005,P002,1,71.22
2026-06-12,T0005,P004,1,44.88
2026-06-12,T0005,P005,3,53.29
2026-06-12,T0005,P006,4,66.24
2026-06-12,T0005,P007,8,74.43
2026-06-12,T0005,P010,4,8.92
2026-06-12,T0005,P014,3,17.13
2026-06-12,T0005,P015,1,65.43
2026-06-12,T0005,P020,1,61.39
2026-06-12,T0006,P001,2,77.79
2026-06-12,T0006,P002,6,71.22
2026-06-12,T0006,P003,11,72.47
2026-06-12,T0006,P005,12,53.29
2026-06-12,T0006,P010,7,8.92
2026-06-12,T0006,P011,7,54.45
2026-06-12,T0006,P012,3,33.81
2026-06-12,T0006,P014,4,17.13
2026-06-12,T0006,P015,5,65.43
2026-06-12,T0006,P016,2,19.1
2026-06-12,T0006,P017,2,103.46
2026-06-12,T0006,P020,1,61.39
2026-06-12,T0007,P001,1,77.79
2026-06-12,T0007,P002,2,71.22
2026-06-12,T0007,P003,15,72.47
2026-06-12,T0007,P005,2,53.29
2026-06-12,T0007,P006,6,66.24
2026-06-12,T0007,P009,2,45.16
2026-06-12,T0007,P010,5,8.92
2026-06-12,T0007,P011,4,54.45
2026-06-12,T0007,P012,4,33.81
2026-06-12,T0007,P014,5,17.13
2026-06-12,T0007,P015,1,65.43
2026-06-12,T0007,P016,8,19.1
2026-06-12,T0007,P019,9,32.1
2026-06-12,T0007,P020,2,61.39
2026-06-12,T0008,P001,1,77.79
2026-06-12,T0008,P002,3,71.22
2026-06-12,T0008,P004,11,44.88
2026-06-12,T0008,P005,9,53.29
2026-06-12,T0008,P006,10,66.24
2026-06-12,T0008,P008,4,12.46
2026-06-12,T0008,P009,5,45.16
2026-06-12,T0008,P012,2,33.81
2026-06-12,T0008,P013,2,20.71
2026-06-12,T0008,P014,3,17.13
2026-06-12,T0008,P015,6,65.43
2026-06-12,T0008,P017,7,103.46
2026-06-12,T0008,P018,3,53.96
2026-06-12,T0008,P019,13,32.1
2026-06-12,T0009,P002,6,71.22
2026-06-12,T0009,P003,5,72.47
2026-06-12,T0009,P004,5,44.88
2026-06-12,T0009,P006,9,66.24
2026-06-12,T0009,P008,9,12.46
2026-06-12,T0009,P009,5,45.16
2026-06-12,T0009,P010,5,8.92
2026-06-12,T0009,P013,2,20.71
2026-06-12,T0009,P014,6,17.13
2026-06-12,T0009,P017,10,103.46
2026-06-12,T0009,P018,2,53.96
2026-06-12,T0010,P001,1,77.79
2026-06-12,T0010,P002,1,71.22
2026-06-12,T0010,P003,4,72.47
2026-06-12,T0010,P006,2,66.24
2026-06-12,T0010,P008,5,12.46
2026-06-12,T0010,P012,2,33.81
2026-06-12,T0010,P013,1,20.71
2026-06-12,T0010,P014,5,17.13
2026-06-12,T0010,P015,2,65.43
2026-06-12,T0011,P004,7,44.88
2026-06-12,T0011,P005,5,53.29
2026-06-12,T0011,P006,2,66.24
2026-06-12,T0011,P010,3,8.92
2026-06-12,T0011,P011,1,54.45
2026-06-12,T0011,P014,2,17.13
2026-06-12,T0011,P015,1,65.43
2026-06-12,T0011,P016,1,19.1
2026-06-12,T0012,P002,3,71.22
2026-06-12,T0012,P004,1,44.88
2026-06-12,T0012,P005,1,53.29
2026-06-12,T0012,P006,3,66.24
2026-06-12,T0012,P008,2,12.46
2026-06-12,T0012,P011,1,54.45
2026-06-12,T0012,P012,1,33.81
2026-06-12,T0012,P014,1,17.13
2026-06-12,T0012,P019,2,32.1
2026-06-12,T0013,P001,2,77.79
2026-06-12,T0013,P004,4,44.88
2026-06-12,T0013,P006,9,66.24
2026-06-12,T0013,P007,5,74.43
2026-06-12,T0013,P008,2,12.46
2026-06-12,T0013,P009,2,45.16
2026-06-12,T0013,P011,3,54.45
2026-06-12,T0013,P012,2,33.81
2026-06-12,T0013,P013,1,20.71
2026-06-12,T0013,P014,7,17.13
2026-06-12,T0013,P016,2,19.1
2026-06-12,T0013,P019,7,32.1
2026-06-12,T0014,P004,4,44.88
2026-06-12,T0014,P008,2,12.46
2026-06-12,T0014,P009,2,45.16
2026-06-12,T0014,P012,1,33.81
2026-06-12,T0014,P014,4,17.13
2026-06-12,T0014,P015,2,65.43
2026-06-12,T0015,P001,9,77.79
2026-06-12,T0015,P009,34,45.16
2026-06-12,T0015,P011,48,54.45
2026-06-12,T0015,P015,15,65.43
2026-06-12,T0015,P019,86,32.1
2026-06-12,T0015,P020,24,61.39
2026-06-12,T0016,P005,9,53.29
2026-06-12,T0016,P010,152,8.92
2026-06-12,T0016,P020,38,61.39
2026-06-12,T0017,P004,2,44.88
2026-06-12,T0017,P005,1,53.29
2026-06-12,T0017,P006,7,66.24
2026-06-12,T0017,P007,3,74.43
2026-06-12,T0017,P008,2,12.46
2026-06-12,T0017,P010,2,8.92
2026-06-12,T0017,P011,2,54.45
2026-06-12,T0017,P012,2,33.81
2026-06-12,T0017,P014,2,17.13
2026-06-12,T0017,P016,6,19.1
2026-06-12,T0017,P019,4,32.1
2026-06-12,T0018,P002,2,71.22
2026-06-12,T0018,P003,3,72.47
2026-06-12,T0018,P006,2,66.24
2026-06-12,T0018,P009,1,45.16
2026-06-12,T0018,P011,4,54.45
2026-06-12,T0018,P012,1,33.81
2026-06-12,T0018,P016,1,19.1
2026-06-12,T0018,P019,2,32.1
2026-06-12,T0019,P002,1,71.22
2026-06-12,T0019,P003,2,72.47
2026-06-12,T0019,P004,6,44.88
2026-06-12,T0019,P005,1,53.29
2026-06-12,T0019,P008,1,12.46
2026-06-12,T0019,P009,1,45.16
2026-06-12,T0019,P010,7,8.92
2026-06-12,T0019,P011,2,54.45
2026-06-12,T0019,P014,3,17.13
2026-06-12,T0019,P015,1,65.43
2026-06-12,T0019,P017,1,103.46
2026-06-12,T0019,P018,1,53.96
2026-06-12,T0019,P019,3,32.1
2026-06-12,T0020,P002,2,71.22
2026-06-12,T0020,P003,5,72.47
2026-06-12,T0020,P004,2,44.88
2026-06-12,T0020,P005,2,53.29
2026-06-12,T0020,P006,2,66.24
2026-06-12,T0020,P007,3,74.43
2026-06-12,T0020,P010,2,8.92
2026-06-12,T0020,P011,1,54.45
2026-06-12,T0020,P014,1,17.13
2026-06-12,T0020,P016,2,19.1
2026-06-12,T0021,P002,1,71.22
2026-06-12,T0021,P004,2,44.88
2026-06-12,T0021,P005,1,53.29
2026-06-12,T0021,P007,3,74.43
2026-06-12,T0021,P008,2,12.46
2026-06-12,T0021,P009,2,45.16
2026-06-12,T0021,P010,3,8.92
2026-06-12,T0021,P018,1,53.96
2026-06-12,T0022,P003,2,72.47
2026-06-12,T0022,P004,2,44.88
2026-06-12,T0022,P005,1,53.29
2026-06-12,T0022,P019,1,32.1
2026-06-12,T0023,P002,2,71.22
2026-06-12,T0023,P003,2,72.47
2026-06-12,T0023,P004,2,44.88
2026-06-12,T0023,P006,1,66.24
2026-06-12,T0023,P014,2,17.13
2026-06-12,T0023,P019,1,32.1
2026-06-12,T0023,P020,1,61.39
2026-06-12,T0024,P001,1,77.79
2026-06-12,T0024,P004,3,44.88
2026-06-12,T0024,P005,1,53.29
2026-06-12,T0024,P006,1,66.24
2026-06-12,T0024,P008,1,12.46
2026-06-12,T0024,P009,1,45.16
2026-06-12,T0024,P010,3,8.92
2026-06-12,T0024,P015,1,65.43
2026-06-12,T0024,P016,1,19.1
2026-06-12,T0024,P019,1,32.1
2026-06-12,T0025,P003,1,72.47
2026-06-12,T0025,P004,2,44.88
2026-06-12,T0025,P006,2,66.24
2026-06-12,T0025,P012,1,33.81
2026-06-12,T0025,P015,1,65.43
2026-06-12,T0025,P016,1,19.1
2026-06-12,T0025,P019,1,32.1
2026-06-12,T0026,P002,1,71.22
2026-06-12,T0026,P007,2,74.43
2026-06-12,T0026,P010,1,8.92
2026-06-12,T0026,P011,1,54.45
2026-06-12,T0026,P012,1,33.81
2026-06-12,T0026,P016,1,19.1
2026-06-12,T0026,P018,1,53.96
2026-06-12,T0026,P019,3,32.1
2026-06-12,T0026,P020,1,61.39
2026-06-12,T0027,P003,2,72.47
2026-06-12,T0027,P004,1,44.88
2026-06-12,T0027,P007,2,74.43
2026-06-12,T0027,P011,2,54.45
2026-06-12,T0027,P014,1,17.13
2026-06-12,T0027,P017,1,103.46
2026-06-12,T0027,P018,1,53.96
2026-06-12,T0028,P001,1,77.79
2026-06-12,T0028,P005,2,53.29
2026-06-12,T0028,P006,3,66.24
2026-06-12,T0028,P010,8,8.92
2026-06-12,T0028,P011,1,54.45
2026-06-12,T0028,P016,1,19.1
2026-06-12,T0029,P004,2,44.88
2026-06-12,T0029,P006,3,66.24
2026-06-12,T0029,P007,2,74.43
2026-06-12,T0029,P011,2,54.45
2026-06-12,T0029,P013,1,20.71
2026-06-12,T0029,P014,2,17.13
2026-06-12,T0029,P015,1,65.43
2026-06-12,T0029,P016,6,19.1
2026-06-12,T0030,P003,2,72.47
2026-06-12,T0030,P004,6,44.88
2026-06-12,T0030,P005,3,53.29
2026-06-12,T0030,P006,2,66.24
2026-06-12,T0030,P008,2,12.46
2026-06-12,T0030,P010,6,8.92
2026-06-12,T0030,P011,1,54.45
2026-06-12,T0030,P012,1,33.81
2026-06-12,T0030,P016,4,19.1
2026-06-12,T0030,P019,1,32.1
2026-06-12,T0030,P020,1,61.39
2026-06-12,T0031,P002,2,71.22
2026-06-12,T0031,P003,3,72.47
2026-06-12,T0031,P004,4,44.88
2026-06-12,T0031,P005,3,53.29
2026-06-12,T0031,P007,2,74.43
2026-06-12,T0031,P009,3,45.16
2026-06-12,T0031,P010,3,8.92
2026-06-12,T0031,P012,5,33.81
2026-06-12,T0031,P015,1,65.43
2026-06-12,T0031,P016,4,19.1
2026-06-12,T0031,P019,1,32.1
2026-06-12,T0032,P003,4,72.47
2026-06-12,T0032,P004,2,44.88
2026-06-12,T0032,P005,2,53.29
2026-06-12,T0032,P006,3,66.24
2026-06-12,T0032,P008,1,12.46
2026-06-12,T0032,P010,8,8.92
2026-06-12,T0032,P011,3,54.45
2026-06-12,T0032,P013,1,20.71
2026-06-12,T0032,P014,2,17.13
2026-06-12,T0032,P015,2,65.43
2026-06-12,T0032,P016,2,19.1
2026-06-12,T0033,P004,1,44.88
2026-06-12,T0033,P006,1,66.24
2026-06-12,T0033,P015,1,65.43
2026-06-12,T0034,P002,1,71.22
2026-06-12,T0034,P004,4,44.88
2026-06-12,T0034,P006,3,66.24
2026-06-12,T0034,P007,3,74.43
2026-06-12,T0034,P008,1,12.46
2026-06-12,T0034,P009,1,45.16
2026-06-12,T0034,P010,1,8.92
2026-06-12,T0034,P011,3,54.45
2026-06-12,T0034,P012,1,33.81
2026-06-12,T0034,P013,1,20.71
2026-06-12,T0034,P014,2,17.13
2026-06-12,T0034,P015,2,65.43
2026-06-12,T0034,P016,1,19.1
2026-06-12,T0034,P018,1,53.96
2026-06-12,T0035,P003,2,72.47
2026-06-12,T0035,P004,1,44.88
2026-06-12,T0035,P006,2,66.24
2026-06-12,T0035,P009,1,45.16
2026-06-12,T0035,P015,1,65.43
2026-06-12,T0035,P017,1,103.46
2026-06-12,T0035,P019,1,32.1
2026-06-12,T0036,P003,1,72.47
2026-06-12,T0036,P005,1,53.29
2026-06-12,T0036,P014,1,17.13
2026-06-12,T0037,P002,2,71.22
2026-06-12,T0037,P004,3,44.88
2026-06-12,T0037,P005,1,53.29
2026-06-12,T0037,P010,2,8.92
2026-06-12,T0037,P011,1,54.45
2026-06-12,T0037,P016,5,19.1
2026-06-12,T0037,P017,1,103.46
2026-06-12,T0037,P018,1,53.96
2026-06-12,T0037,P019,2,32.1
2026-06-12,T0038,P002,1,71.22
2026-06-12,T0038,P003,2,72.47
2026-06-12,T0038,P004,1,44.88
2026-06-12,T0038,P005,3,53.29
2026-06-12,T0038,P006,2,66.24
2026-06-12,T0038,P008,2,12.46
2026-06-12,T0038,P010,2,8.92
2026-06-12,T0038,P011,2,54.45
2026-06-12,T0038,P016,1,19.1
2026-06-12,T0038,P019,2,32.1
2026-06-12,T0039,P001,1,77.79
2026-06-12,T0039,P002,2,71.22
2026-06-12,T0039,P005,1,53.29
2026-06-12,T0039,P007,5,74.43
2026-06-12,T0039,P009,1,45.16
2026-06-12,T0039,P011,1,54.45
2026-06-12,T0039,P013,1,20.71
2026-06-12,T0039,P014,1,17.13
2026-06-12,T0039,P016,4,19.1
2026-06-12,T0039,P017,1,103.46
2026-06-12,T0039,P019,3,32.1
2026-06-12,T0040,P004,2,44.88
2026-06-12,T0040,P005,3,53.29
2026-06-12,T0040,P006,4,66.24
2026-06-12,T0040,P007,6,74.43
2026-06-12,T0040,P008,2,12.46
2026-06-12,T0040,P011,1,54.45
2026-06-12,T0040,P013,1,20.71
2026-06-12,T0040,P014,1,17.13
2026-06-12,T0040,P016,4,19.1
2026-06-12,T0040,P019,1,32.1
2026-06-12,T0040,P020,1,61.39
2026-06-13,T0001,P001,3,77.79
2026-06-13,T0001,P003,3,72.47
2026-06-13,T0001,P006,6,66.24
2026-06-13,T0001,P008,2,12.46
2026-06-13,T0001,P011,1,54.45
2026-06-13,T0001,P014,2,17.13
2026-06-13,T0001,P016,6,19.1
2026-06-13,T0001,P019,5,32.1
2026-06-13,T0002,P002,1,71.22
2026-06-13,T0002,P003,4,72.47
2026-06-13,T0002,P004,5,44.88
2026-06-13,T0002,P008,3,12.46
2026-06-13,T0002,P009,2,45.16
2026-06-13,T0002,P010,6,8.92
2026-06-13,T0002,P011,1,54.45
2026-06-13,T0002,P014,4,17.13
2026-06-13,T0002,P015,1,65.43
2026-06-13,T0002,P016,7,19.1
2026-06-13,T0002,P020,1,61.39
2026-06-13,T0003,P002,2,71.22
2026-06-13,T0003,P004,2,44.88
2026-06-13,T0003,P005,2,53.29
2026-06-13,T0003,P006,2,66.24
2026-06-13,T0003,P007,2,74.43
2026-06-13,T0003,P009,3,45.16
2026-06-13,T0003,P010,1,8.92
2026-06-13,T0003,P011,3,54.45
2026-06-13,T0003,P012,1,33.81
2026-06-13,T0003,P013,1,20.71
2026-06-13,T0003,P014,2,17.13
2026-06-13,T0003,P016,3,19.1
2026-06-13,T0004,P001,1,77.79
2026-06-13,T0004,P007,1,74.43
2026-06-13,T0004,P009,1,45.16
2026-06-13,T0004,P010,4,8.92
2026-06-13,T0004,P011,5,54.45
2026-06-13,T0004,P012,2,33.81
2026-06-13,T0004,P014,1,17.13
2026-06-13,T0004,P015,1,65.43
2026-06-13,T0004,P018,1,53.96
2026-06-13,T0005,P004,1,44.88
2026-06-13,T0005,P005,2,53.29
2026-06-13,T0005,P006,3,66.24
2026-06-13,T0005,P007,2,74.43
2026-06-13,T0005,P008,1,12.46
2026-06-13,T0005,P010,2,8.92
2026-06-13,T0005,P014,2,17.13
2026-06-13,T0005,P018,1,53.96
2026-06-13,T0005,P020,4,61.39
2026-06-13,T0006,P001,3,77.79
2026-06-13,T0006,P002,6,71.22
2026-06-13,T0006,P003,16,72.47
2026-06-13,T0006,P005,9,53.29
2026-06-13,T0006,P010,10,8.92
2026-06-13,T0006,P013,3,20.71
2026-06-13,T0006,P015,7,65.43
2026-06-13,T0006,P017,1,103.46
2026-06-13,T0007,P002,6,71.22
2026-06-13,T0007,P003,3,72.47
2026-06-13,T0007,P005,8,53.29
2026-06-13,T0007,P006,10,66.24
2026-06-13,T0007,P009,1,45.16
2026-06-13,T0007,P010,4,8.92
2026-06-13,T0007,P011,1,54.45
2026-06-13,T0007,P012,1,33.81
2026-06-13,T0007,P013,1,20.71
2026-06-13,T0007,P014,11,17.13
2026-06-13,T0007,P016,7,19.1
2026-06-13,T0007,P019,10,32.1
2026-06-13,T0007,P020,1,61.39
2026-06-13,T0008,P001,2,77.79
2026-06-13,T0008,P002,2,71.22
2026-06-13,T0008,P004,9,44.88
2026-06-13,T0008,P005,9,53.29
2026-06-13,T0008,P006,10,66.24
2026-06-13,T0008,P009,1,45.16
2026-06-13,T0008,P013,2,20.71
2026-06-13,T0008,P015,3,65.43
2026-06-13,T0008,P017,4,103.46
2026-06-13,T0008,P018,1,53.96
2026-06-13,T0008,P019,7,32.1
2026-06-13,T0009,P002,9,71.22
2026-06-13,T0009,P004,7,44.88
2026-06-13,T0009,P006,7,66.24
2026-06-13,T0009,P008,3,12.46
2026-06-13,T0009,P009,3,45.16
2026-06-13,T0009,P010,2,8.92
2026-06-13,T0009,P013,3,20.71
2026-06-13,T0009,P014,6,17.13
2026-06-13,T0009,P015,1,65.43
2026-06-13,T0009,P017,2,103.46
2026-06-13,T0009,P018,1,53.96
2026-06-13,T0010,P002,1,71.22
2026-06-13,T0010,P003,3,72.47
2026-06-13,T0010,P008,4,12.46
2026-06-13,T0010,P009,3,45.16
2026-06-13,T0010,P013,2,20.71
2026-06-13,T0010,P014,1,17.13
2026-06-13,T0010,P015,1,65.43
2026-06-13,T0010,P020,1,61.39
2026-06-13,T0011,P002,1,71.22
2026-06-13,T0011,P004,5,44.88
2026-06-13,T0011,P005,2,53.29
2026-06-13,T0011,P007,5,74.43
2026-06-13,T0011,P011,1,54.45
2026-06-13,T0011,P012,4,33.81
2026-06-13,T0011,P014,2,17.13
2026-06-13,T0011,P016,1,19.1
2026-06-13,T0012,P005,3,53.29
2026-06-13,T0012,P006,6,66.24
2026-06-13,T0012,P009,2,45.16
2026-06-13,T0012,P011,1,54.45
2026-06-13,T0012,P012,1,33.81
2026-06-13,T0012,P018,1,53.96
2026-06-13,T0012,P019,1,32.1
2026-06-13,T0012,P020,1,61.39
2026-06-13,T0013,P001,1,77.79
2026-06-13,T0013,P004,5,44.88
2026-06-13,T0013,P006,1,66.24
2026-06-13,T0013,P007,6,74.43
2026-06-13,T0013,P008,8,12.46
2026-06-13,T0013,P012,1,33.81
2026-06-13,T0013,P013,1,20.71
2026-06-13,T0013,P019,2,32.1
2026-06-13,T0014,P004,7,44.88
2026-06-13,T0014,P006,7,66.24
2026-06-13,T0014,P008,4,12.46
2026-06-13,T0014,P009,2,45.16
2026-06-13,T0014,P012,1,33.81
2026-06-13,T0015,P008,66,12.46
2026-06-13,T0015,P014,76,17.13
2026-06-13,T0015,P017,14,103.46
2026-06-13,T0015,P018,3,53.96
2026-06-13,T0016,P004,160,44.88
2026-06-13,T0016,P020,37,61.39
2026-06-13,T0017,P004,1,44.88
2026-06-13,T0017,P005,3,53.29
2026-06-13,T0017,P006,2,66.24
2026-06-13,T0017,P008,1,12.46
2026-06-13,T0017,P010,4,8.92
2026-06-13,T0017,P015,1,65.43
2026-06-13,T0017,P016,5,19.1
2026-06-13,T0017,P019,1,32.1
2026-06-13,T0018,P002,1,71.22
2026-06-13,T0018,P003,1,72.47
2026-06-13,T0018,P006,1,66.24
2026-06-13,T0018,P008,2,12.46
2026-06-13,T0018,P009,1,45.16
2026-06-13,T0018,P011,5,54.45
2026-06-13,T0018,P015,1,65.43
2026-06-13,T0018,P016,2,19.1
2026-06-13,T0018,P017,1,103.46
2026-06-13,T0018,P018,1,53.96
2026-06-13,T0018,P019,2,32.1
2026-06-13,T0019,P002,2,71.22
2026-06-13,T0019,P003,6,72.47
2026-06-13,T0019,P004,7,44.88
2026-06-13,T0019,P008,3,12.46
2026-06-13,T0019,P009,1,45.16
2026-06-13,T0019,P010,4,8.92
2026-06-13,T0019,P011,3,54.45
2026-06-13,T0019,P014,5,17.13
2026-06-13,T0019,P019,2,32.1
2026-06-13,T0019,P020,1,61.39
2026-06-13,T0020,P003,2,72.47
2026-06-13,T0020,P005,3,53.29
2026-06-13,T0020,P006,2,66.24
2026-06-13,T0020,P010,1,8.92
2026-06-13,T0020,P014,3,17.13
2026-06-13,T0020,P015,1,65.43
2026-06-13,T0021,P002,1,71.22
2026-06-13,T0021,P004,1,44.88
2026-06-13,T0021,P005,1,53.29
2026-06-13,T0021,P006,2,66.24
2026-06-13,T0021,P008,1,12.46
2026-06-13,T0021,P009,1,45.16
2026-06-13,T0021,P010,5,8.92
2026-06-13,T0021,P012,1,33.81
2026-06-13,T0022,P002,2,71.22
2026-06-13,T0022,P003,1,72.47
2026-06-13,T0022,P004,2,44.88
2026-06-13,T0022,P007,2,74.43
2026-06-13,T0022,P009,1,45.16
2026-06-13,T0022,P019,2,32.1
2026-06-13,T0023,P004,1,44.88
2026-06-13,T0023,P006,1,66.24
2026-06-13,T0023,P010,1,8.92
2026-06-13,T0023,P011,1,54.45
2026-06-13,T0023,P016,2,19.1
2026-06-13,T0023,P018,1,53.96
2026-06-13,T0023,P019,1,32.1
2026-06-13,T0023,P020,1,61.39
2026-06-13,T0024,P005,2,53.29
2026-06-13,T0024,P010,2,8.92
2026-06-13,T0024,P012,2,33.81
2026-06-13,T0024,P013,1,20.71
2026-06-13,T0024,P019,3,32.1
2026-06-13,T0025,P004,1,44.88
2026-06-13,T0025,P006,4,66.24
2026-06-13,T0025,P009,1,45.16
2026-06-13,T0025,P016,2,19.1
2026-06-13,T0025,P019,1,32.1
2026-06-13,T0026,P002,2,71.22
2026-06-13,T0026,P004,2,44.88
2026-06-13,T0026,P007,3,74.43
2026-06-13,T0026,P009,1,45.16
2026-06-13,T0026,P010,1,8.92
2026-06-13,T0026,P011,1,54.45
2026-06-13,T0026,P016,1,19.1
2026-06-13,T0026,P017,2,103.46
2026-06-13,T0026,P019,2,32.1
2026-06-13,T0027,P004,3,44.88
2026-06-13,T0027,P014,1,17.13
2026-06-13,T0027,P015,1,65.43
2026-06-13,T0027,P016,3,19.1
2026-06-13,T0028,P003,2,72.47
2026-06-13,T0028,P004,2,44.88
2026-06-13,T0028,P009,1,45.16
2026-06-13,T0028,P016,1,19.1
2026-06-13,T0028,P019,3,32.1
2026-06-13,T0029,P004,1,44.88
2026-06-13,T0029,P006,3,66.24
2026-06-13,T0029,P007,1,74.43
2026-06-13,T0029,P008,1,12.46
2026-06-13,T0029,P010,4,8.92
2026-06-13,T0029,P014,2,17.13
2026-06-13,T0029,P015,1,65.43
2026-06-13,T0029,P016,1,19.1
2026-06-13,T0029,P020,1,61.39
2026-06-13,T0030,P001,1,77.79
2026-06-13,T0030,P002,1,71.22
2026-06-13,T0030,P003,1,72.47
2026-06-13,T0030,P004,4,44.88
2026-06-13,T0030,P005,3,53.29
2026-06-13,T0030,P007,1,74.43
2026-06-13,T0030,P008,3,12.46
2026-06-13,T0030,P011,2,54.45
2026-06-13,T0030,P012,1,33.81
2026-06-13,T0030,P016,2,19.1
2026-06-13,T0030,P019,4,32.1
2026-06-13,T0031,P004,3,44.88
2026-06-13,T0031,P005,4,53.29
2026-06-13,T0031,P010,2,8.92
2026-06-13,T0031,P015,1,65.43
2026-06-13,T0031,P017,1,103.46
2026-06-13,T0031,P019,1,32.1
2026-06-13,T0032,P003,2,72.47
2026-06-13,T0032,P004,4,44.88
2026-06-13,T0032,P006,1,66.24
2026-06-13,T0032,P010,3,8.92
2026-06-13,T0032,P012,1,33.81
2026-06-13,T0032,P014,2,17.13
2026-06-13,T0032,P015,1,65.43
2026-06-13,T0032,P016,2,19.1
2026-06-13,T0032,P017,2,103.46
2026-06-13,T0032,P018,3,53.96
2026-06-13,T0033,P003,1,72.47
2026-06-13,T0033,P006,1,66.24
2026-06-13,T0033,P009,1,45.16
2026-06-13,T0033,P011,1,54.45
2026-06-13,T0033,P014,2,17.13
2026-06-13,T0033,P016,1,19.1
2026-06-13,T0033,P020,1,61.39
2026-06-13,T0034,P002,1,71.22
2026-06-13,T0034,P004,3,44.88
2026-06-13,T0034,P006,2,66.24
2026-06-13,T0034,P007,2,74.43
2026-06-13,T0034,P008,1,12.46
2026-06-13,T0034,P009,2,45.16
2026-06-13,T0034,P010,2,8.92
2026-06-13,T0034,P011,1,54.45
2026-06-13,T0034,P012,1,33.81
2026-06-13,T0034,P014,2,17.13
2026-06-13,T0034,P016,3,19.1
2026-06-13,T0034,P018,2,53.96
2026-06-13,T0035,P003,1,72.47
2026-06-13,T0035,P006,1,66.24
2026-06-13,T0035,P009,1,45.16
2026-06-13,T0035,P012,1,33.81
2026-06-13,T0035,P016,1,19.1
2026-06-13,T0035,P018,1,53.96
2026-06-13,T0035,P019,1,32.1
2026-06-13,T0036,P002,1,71.22
2026-06-13,T0036,P003,1,72.47
2026-06-13,T0036,P006,1,66.24
2026-06-13,T0036,P009,1,45.16
2026-06-13,T0036,P014,2,17.13
2026-06-13,T0036,P016,2,19.1
2026-06-13,T0036,P020,1,61.39
2026-06-13,T0037,P002,2,71.22
2026-06-13,T0037,P008,2,12.46
2026-06-13,T0037,P009,2,45.16
2026-06-13,T0037,P012,2,33.81
2026-06-13,T0037,P013,1,20.71
2026-06-13,T0037,P016,1,19.1
2026-06-13,T0037,P017,1,103.46
2026-06-13,T0037,P019,2,32.1
2026-06-13,T0037,P020,1,61.39
2026-06-13,T0038,P002,2,71.22
2026-06-13,T0038,P003,2,72.47
2026-06-13,T0038,P004,1,44.88
2026-06-13,T0038,P005,2,53.29
2026-06-13,T0038,P006,1,66.24
2026-06-13,T0038,P009,1,45.16
2026-06-13,T0038,P010,4,8.92
2026-06-13,T0038,P011,1,54.45
2026-06-13,T0038,P012,1,33.81
2026-06-13,T0038,P014,1,17.13
2026-06-13,T0038,P016,1,19.1
2026-06-13,T0038,P017,2,103.46
2026-06-13,T0038,P019,1,32.1
2026-06-13,T0039,P006,2,66.24
2026-06-13,T0039,P009,3,45.16
2026-06-13,T0039,P011,5,54.45
2026-06-13,T0039,P014,1,17.13
2026-06-13,T0039,P017,1,103.46
2026-06-13,T0039,P018,1,53.96
2026-06-13,T0039,P019,4,32.1
2026-06-13,T0040,P004,6,44.88
2026-06-13,T0040,P005,5,53.29
2026-06-13,T0040,P007,3,74.43
2026-06-13,T0040,P008,3,12.46
2026-06-13,T0040,P009,1,45.16
2026-06-13,T0040,P011,5,54.45
2026-06-13,T0040,P015,1,65.43
2026-06-13,T0040,P016,4,19.1
2026-06-13,T0040,P019,4,32.1
2026-06-14,T0001,P001,1,77.79
2026-06-14,T0001,P003,3,72.47
2026-06-14,T0001,P005,2,53.29
2026-06-14,T0001,P006,3,66.24
2026-06-14,T0001,P011,3,54.45
2026-06-14,T0001,P014,2,17.13
2026-06-14,T0001,P016,1,19.1
2026-06-14,T0001,P019,2,32.1
2026-06-14,T0002,P002,2,71.22
2026-06-14,T0002,P003,3,72.47
2026-06-14,T0002,P004,3,44.88
2026-06-14,T0002,P011,8,54.45
2026-06-14,T0002,P014,3,17.13
2026-06-14,T0002,P016,2,19.1
2026-06-14,T0002,P020,1,61.39
2026-06-14,T0003,P002,1,71.22
2026-06-14,T0003,P005,4,53.29
2026-06-14,T0003,P010,2,8.92
2026-06-14,T0003,P014,2,17.13
2026-06-14,T0003,P016,1,19.1
2026-06-14,T0004,P001,1,77.79
2026-06-14,T0004,P002,1,71.22
2026-06-14,T0004,P007,4,74.43
2026-06-14,T0004,P009,2,45.16
2026-06-14,T0004,P010,5,8.92
2026-06-14,T0004,P011,4,54.45
2026-06-14,T0004,P012,1,33.81
2026-06-14,T0004,P015,1,65.43
2026-06-14,T0005,P002,2,71.22
2026-06-14,T0005,P004,3,44.88
2026-06-14,T0005,P005,2,53.29
2026-06-14,T0005,P014,3,17.13
2026-06-14,T0005,P015,1,65.43
2026-06-14,T0006,P001,2,77.79
2026-06-14,T0006,P002,6,71.22
2026-06-14,T0006,P003,6,72.47
2026-06-14,T0006,P005,12,53.29
2026-06-14,T0006,P010,6,8.92
2026-06-14,T0006,P013,1,20.71
2026-06-14,T0006,P015,4,65.43
2026-06-14,T0006,P020,3,61.39
2026-06-14,T0007,P002,4,71.22
2026-06-14,T0007,P003,5,72.47
2026-06-14,T0007,P005,3,53.29
2026-06-14,T0007,P009,1,45.16
2026-06-14,T0007,P010,8,8.92
2026-06-14,T0007,P013,2,20.71
2026-06-14,T0007,P014,6,17.13
2026-06-14,T0007,P016,4,19.1
2026-06-14,T0007,P018,2,53.96
2026-06-14,T0007,P019,4,32.1
2026-06-14,T0007,P020,2,61.39
2026-06-14,T0008,P004,10,44.88
2026-06-14,T0008,P005,7,53.29
2026-06-14,T0008,P006,2,66.24
2026-06-14,T0008,P015,2,65.43
2026-06-14,T0008,P017,5,103.46
2026-06-14,T0008,P018,3,53.96
2026-06-14,T0008,P019,8,32.1
2026-06-14,T0009,P002,3,71.22
2026-06-14,T0009,P004,8,44.88
2026-06-14,T0009,P006,4,66.24
2026-06-14,T0009,P008,3,12.46
2026-06-14,T0009,P009,3,45.16
2026-06-14,T0009,P014,6,17.13
2026-06-14,T0009,P015,1,65.43
2026-06-14,T0010,P002,1,71.22
2026-06-14,T0010,P003,1,72.47
2026-06-14,T0010,P008,1,12.46
2026-06-14,T0010,P009,1,45.16
2026-06-14,T0010,P013,1,20.71
2026-06-14,T0010,P014,5,17.13
2026-06-14,T0010,P020,1,61.39
2026-06-14,T0011,P002,1,71.22
2026-06-14,T0011,P004,1,44.88
2026-06-14,T0011,P005,2,53.29
2026-06-14,T0011,P011,1,54.45
2026-06-14,T0011,P012,1,33.81
2026-06-14,T0011,P014,4,17.13
2026-06-14,T0011,P016,4,19.1
2026-06-14,T0012,P002,1,71.22
2026-06-14,T0012,P006,1,66.24
2026-06-14,T0012,P009,1,45.16
2026-06-14,T0012,P011,2,54.45
2026-06-14,T0012,P018,1,53.96
2026-06-14,T0012,P019,5,32.1
2026-06-14,T0013,P004,2,44.88
2026-06-14,T0013,P006,3,66.24
2026-06-14,T0013,P007,3,74.43
2026-06-14,T0013,P011,1,54.45
2026-06-14,T0013,P012,2,33.81
2026-06-14,T0013,P014,8,17.13
2026-06-14,T0014,P004,4,44.88
2026-06-14,T0014,P006,4,66.24
2026-06-14,T0014,P008,1,12.46
2026-06-14,T0014,P017,3,103.46
2026-06-14,T0015,P006,11,66.24
2026-06-14,T0016,P004,76,44.88
2026-06-14,T0016,P011,47,54.45
2026-06-14,T0016,P013,26,20.71
2026-06-14,T0017,P006,1,66.24
2026-06-14,T0017,P010,3,8.92
2026-06-14,T0017,P016,4,19.1
2026-06-14,T0018,P006,2,66.24
2026-06-14,T0018,P009,1,45.16
2026-06-14,T0018,P012,1,33.81
2026-06-14,T0018,P018,1,53.96
2026-06-14,T0019,P001,1,77.79
2026-06-14,T0019,P002,3,71.22
2026-06-14,T0019,P003,5,72.47
2026-06-14,T0019,P004,2,44.88
2026-06-14,T0019,P009,1,45.16
2026-06-14,T0019,P010,1,8.92
2026-06-14,T0019,P011,2,54.45
2026-06-14,T0019,P014,2,17.13
2026-06-14,T0019,P017,2,103.46
2026-06-14,T0019,P019,2,32.1
2026-06-14,T0019,P020,2,61.39
2026-06-14,T0020,P003,1,72.47
2026-06-14,T0020,P005,5,53.29
2026-06-14,T0020,P006,3,66.24
2026-06-14,T0020,P007,3,74.43
2026-06-14,T0020,P015,2,65.43
2026-06-14,T0020,P020,1,61.39
2026-06-14,T0021,P002,2,71.22
2026-06-14,T0021,P005,1,53.29
2026-06-14,T0021,P006,2,66.24
2026-06-14,T0021,P007,3,74.43
2026-06-14,T0021,P008,1,12.46
2026-06-14,T0021,P014,1,17.13
2026-06-14,T0021,P020,1,61.39
2026-06-14,T0022,P003,1,72.47
2026-06-14,T0022,P004,1,44.88
2026-06-14,T0022,P005,2,53.29
2026-06-14,T0022,P011,3,54.45
2026-06-14,T0023,P005,1,53.29
2026-06-14,T0023,P006,1,66.24
2026-06-14,T0023,P008,1,12.46
2026-06-14,T0023,P012,1,33.81
2026-06-14,T0023,P014,2,17.13
2026-06-14,T0024,P001,2,77.79
2026-06-14,T0024,P004,1,44.88
2026-06-14,T0024,P005,4,53.29
2026-06-14,T0024,P006,2,66.24
2026-06-14,T0024,P012,1,33.81
2026-06-14,T0024,P017,1,103.46
2026-06-14,T0024,P019,2,32.1
2026-06-14,T0025,P002,1,71.22
2026-06-14,T0025,P004,1,44.88
2026-06-14,T0025,P006,1,66.24
2026-06-14,T0025,P016,2,19.1
2026-06-14,T0026,P001,1,77.79
2026-06-14,T0026,P002,1,71.22
2026-06-14,T0026,P004,1,44.88
2026-06-14,T0026,P007,2,74.43
2026-06-14,T0026,P010,1,8.92
2026-06-14,T0026,P011,2,54.45
2026-06-14,T0026,P015,1,65.43
2026-06-14,T0026,P019,1,32.1
2026-06-14,T0027,P003,1,72.47
2026-06-14,T0027,P004,1,44.88
2026-06-14,T0027,P011,2,54.45
2026-06-14,T0027,P014,3,17.13
2026-06-14,T0027,P016,3,19.1
2026-06-14,T0028,P002,1,71.22
2026-06-14,T0028,P003,1,72.47
2026-06-14,T0028,P005,1,53.29
2026-06-14,T0028,P006,3,66.24
2026-06-14,T0028,P013,1,20.71
2026-06-14,T0028,P016,3,19.1
2026-06-14,T0028,P018,1,53.96
2026-06-14,T0028,P019,1,32.1
2026-06-14,T0029,P002,3,71.22
2026-06-14,T0029,P004,3,44.88
2026-06-14,T0029,P005,1,53.29
2026-06-14,T0029,P006,1,66.24
2026-06-14,T0029,P007,1,74.43
2026-06-14,T0029,P008,1,12.46
2026-06-14,T0029,P010,2,8.92
2026-06-14,T0029,P012,1,33.81
2026-06-14,T0029,P014,2,17.13
2026-06-14,T0029,P016,2,19.1
2026-06-14,T0029,P017,1,103.46
2026-06-14,T0029,P019,1,32.1
2026-06-14,T0030,P002,1,71.22
2026-06-14,T0030,P003,1,72.47
2026-06-14,T0030,P004,1,44.88
2026-06-14,T0030,P008,1,12.46
2026-06-14,T0030,P011,2,54.45
2026-06-14,T0030,P016,3,19.1
2026-06-14,T0030,P017,2,103.46
2026-06-14,T0030,P018,1,53.96
2026-06-14,T0031,P004,1,44.88
2026-06-14,T0031,P005,3,53.29
2026-06-14,T0031,P010,3,8.92
2026-06-14,T0031,P012,1,33.81
2026-06-14,T0031,P019,3,32.1
2026-06-14,T0032,P003,2,72.47
2026-06-14,T0032,P004,2,44.88
2026-06-14,T0032,P012,2,33.81
2026-06-14,T0032,P017,1,103.46
2026-06-14,T0033,P008,2,12.46
2026-06-14,T0033,P011,1,54.45
2026-06-14,T0033,P014,1,17.13
2026-06-14,T0033,P016,1,19.1
2026-06-14,T0033,P017,1,103.46
2026-06-14,T0034,P002,1,71.22
2026-06-14,T0034,P007,1,74.43
2026-06-14,T0034,P009,2,45.16
2026-06-14,T0034,P011,3,54.45
2026-06-14,T0034,P014,2,17.13
2026-06-14,T0034,P020,1,61.39
2026-06-14,T0035,P006,3,66.24
2026-06-14,T0035,P009,1,45.16
2026-06-14,T0035,P016,1,19.1
2026-06-14,T0035,P017,1,103.46
2026-06-14,T0036,P011,1,54.45
2026-06-14,T0036,P015,1,65.43
2026-06-14,T0037,P002,1,71.22
2026-06-14,T0037,P003,3,72.47
2026-06-14,T0037,P010,3,8.92
2026-06-14,T0037,P011,1,54.45
2026-06-14,T0037,P016,2,19.1
2026-06-14,T0038,P005,1,53.29
2026-06-14,T0038,P006,3,66.24
2026-06-14,T0038,P008,1,12.46
2026-06-14,T0038,P009,1,45.16
2026-06-14,T0038,P010,1,8.92
2026-06-14,T0038,P014,4,17.13
2026-06-14,T0038,P015,2,65.43
2026-06-14,T0038,P016,2,19.1
2026-06-14,T0038,P019,1,32.1
2026-06-14,T0039,P001,1,77.79
2026-06-14,T0039,P006,5,66.24
2026-06-14,T0039,P007,4,74.43
2026-06-14,T0039,P011,2,54.45
2026-06-14,T0039,P013,1,20.71
2026-06-14,T0039,P017,3,103.46
2026-06-14,T0039,P019,2,32.1
2026-06-14,T0039,P020,1,61.39
2026-06-14,T0040,P004,3,44.88
2026-06-14,T0040,P005,1,53.29
2026-06-14,T0040,P006,2,66.24
2026-06-14,T0040,P007,2,74.43
2026-06-14,T0040,P008,1,12.46
2026-06-14,T0040,P011,4,54.45
2026-06-14,T0040,P014,4,17.13
2026-06-14,T0040,P015,1,65.43
2026-06-14,T0040,P016,4,19.1
2026-06-14,T0040,P018,1,53.96
2026-06-14,T0040,P019,4,32.1
2026-06-15,T0001,P002,1,71.22
2026-06-15,T0001,P003,4,72.47
2026-06-15,T0001,P004,6,44.88
2026-06-15,T0001,P005,2,53.29
2026-06-15,T0001,P006,3,66.24
2026-06-15,T0001,P007,1,74.43
2026-06-15,T0001,P008,1,12.46
2026-06-15,T0001,P009,1,45.16
2026-06-15,T0001,P010,1,8.92
2026-06-15,T0001,P012,2,33.81
2026-06-15,T0001,P014,1,17.13
2026-06-15,T0001,P018,1,53.96
2026-06-15,T0001,P019,3,32.1
2026-06-15,T0002,P002,1,71.22
2026-06-15,T0002,P003,6,72.47
2026-06-15,T0002,P004,12,44.88
2026-06-15,T0002,P005,7,53.29
2026-06-15,T0002,P006,4,66.24
2026-06-15,T0002,P007,5,74.43
2026-06-15,T0002,P008,4,12.46
2026-06-15,T0002,P009,2,45.16
2026-06-15,T0002,P010,6,8.92
2026-06-15,T0002,P011,6,54.45
2026-06-15,T0002,P012,4,33.81
2026-06-15,T0002,P013,2,20.71
2026-06-15,T0002,P014,5,17.13
2026-06-15,T0002,P015,3,65.43
2026-06-15,T0002,P016,5,19.1
2026-06-15,T0002,P017,3,103.46
2026-06-15,T0002,P019,5,32.1
2026-06-15,T0002,P020,3,61.39
2026-06-15,T0003,P002,2,71.22
2026-06-15,T0003,P004,2,44.88
2026-06-15,T0003,P005,4,53.29
2026-06-15,T0003,P007,4,74.43
2026-06-15,T0003,P008,3,12.46
2026-06-15,T0003,P010,5,8.92
2026-06-15,T0003,P012,3,33.81
2026-06-15,T0003,P014,3,17.13
2026-06-15,T0003,P016,2,19.1
2026-06-15,T0003,P017,1,103.46
2026-06-15,T0003,P018,1,53.96
2026-06-15,T0003,P019,1,32.1
2026-06-15,T0004,P002,2,71.22
2026-06-15,T0004,P003,1,72.47
2026-06-15,T0004,P005,2,53.29
2026-06-15,T0004,P006,2,66.24
2026-06-15,T0004,P007,2,74.43
2026-06-15,T0004,P008,1,12.46
2026-06-15,T0004,P010,2,8.92
2026-06-15,T0004,P012,3,33.81
2026-06-15,T0004,P013,1,20.71
2026-06-15,T0004,P014,4,17.13
2026-06-15,T0004,P016,5,19.1
2026-06-15,T0004,P017,1,103.46
2026-06-15,T0004,P018,1,53.96
2026-06-15,T0004,P019,8,32.1
2026-06-15,T0004,P020,2,61.39
2026-06-15,T0005,P002,3,71.22
2026-06-15,T0005,P003,6,72.47
2026-06-15,T0005,P004,4,44.88
2026-06-15,T0005,P005,2,53.29
2026-06-15,T0005,P006,3,66.24
2026-06-15,T0005,P007,1,74.43
2026-06-15,T0005,P008,4,12.46
2026-06-15,T0005,P009,3,45.16
2026-06-15,T0005,P010,4,8.92
2026-06-15,T0005,P011,3,54.45
2026-06-15,T0005,P013,1,20.71
2026-06-15,T0005,P014,4,17.13
2026-06-15,T0005,P015,3,65.43
2026-06-15,T0005,P016,2,19.1
2026-06-15,T0005,P017,1,103.46
2026-06-15,T0005,P018,2,53.96
2026-06-15,T0005,P019,2,32.1
2026-06-15,T0006,P001,2,77.79
2026-06-15,T0006,P002,6,71.22
2026-06-15,T0006,P003,7,72.47
2026-06-15,T0006,P004,10,44.88
2026-06-15,T0006,P005,13,53.29
2026-06-15,T0006,P006,13,66.24
2026-06-15,T0006,P007,10,74.43
2026-06-15,T0006,P008,4,12.46
2026-06-15,T0006,P009,3,45.16
2026-06-15,T0006,P010,11,8.92
2026-06-15,T0006,P011,6,54.45
2026-06-15,T0006,P012,8,33.81
2026-06-15,T0006,P013,1,20.71
2026-06-15,T0006,P014,9,17.13
2026-06-15,T0006,P015,6,65.43
2026-06-15,T0006,P016,9,19.1
2026-06-15,T0006,P017,1,103.46
2026-06-15,T0006,P018,2,53.96
2026-06-15,T0006,P019,10,32.1
2026-06-15,T0006,P020,2,61.39
2026-06-15,T0007,P001,1,77.79
2026-06-15,T0007,P002,7,71.22
2026-06-15,T0007,P003,10,72.47
2026-06-15,T0007,P004,6,44.88
2026-06-15,T0007,P005,3,53.29
2026-06-15,T0007,P006,5,66.24
2026-06-15,T0007,P007,4,74.43
2026-06-15,T0007,P008,1,12.46
2026-06-15,T0007,P009,1,45.16
2026-06-15,T0007,P010,2,8.92
2026-06-15,T0007,P011,5,54.45
2026-06-15,T0007,P012,3,33.81
2026-06-15,T0007,P013,3,20.71
2026-06-15,T0007,P014,4,17.13
2026-06-15,T0007,P015,2,65.43
2026-06-15,T0007,P016,9,19.1
2026-06-15,T0007,P017,5,103.46
2026-06-15,T0007,P018,1,53.96
2026-06-15,T0007,P019,8,32.1
2026-06-15,T0007,P020,3,61.39
2026-06-15,T0008,P001,2,77.79
2026-06-15,T0008,P002,4,71.22
2026-06-15,T0008,P004,12,44.88
2026-06-15,T0008,P005,8,53.29
2026-06-15,T0008,P006,10,66.24
2026-06-15,T0008,P007,10,74.43
2026-06-15,T0008,P008,3,12.46
2026-06-15,T0008,P009,5,45.16
2026-06-15,T0008,P010,10,8.92
2026-06-15,T0008,P011,4,54.45
2026-06-15,T0008,P012,3,33.81
2026-06-15,T0008,P013,2,20.71
2026-06-15,T0008,P014,11,17.13
2026-06-15,T0008,P015,7,65.43
2026-06-15,T0008,P016,10,19.1
2026-06-15,T0008,P017,3,103.46
2026-06-15,T0008,P018,4,53.96
2026-06-15,T0008,P019,11,32.1
2026-06-15,T0008,P020,3,61.39
2026-06-15,T0009,P001,2,77.79
2026-06-15,T0009,P002,6,71.22
2026-06-15,T0009,P003,7,72.47
2026-06-15,T0009,P004,11,44.88
2026-06-15,T0009,P005,7,53.29
2026-06-15,T0009,P006,8,66.24
2026-06-15,T0009,P007,8,74.43
2026-06-15,T0009,P008,1,12.46
2026-06-15,T0009,P009,3,45.16
2026-06-15,T0009,P010,1,8.92
2026-06-15,T0009,P011,2,54.45
2026-06-15,T0009,P012,5,33.81
2026-06-15,T0009,P013,2,20.71
2026-06-15,T0009,P014,4,17.13
2026-06-15,T0009,P015,4,65.43
2026-06-15,T0009,P016,9,19.1
2026-06-15,T0009,P017,2,103.46
2026-06-15,T0009,P018,2,53.96
2026-06-15,T0009,P019,5,32.1
2026-06-15,T0009,P020,4,61.39
2026-06-15,T0010,P001,2,77.79
2026-06-15,T0010,P002,1,71.22
2026-06-15,T0010,P003,2,72.47
2026-06-15,T0010,P004,4,44.88
2026-06-15,T0010,P005,4,53.29
2026-06-15,T0010,P006,5,66.24
2026-06-15,T0010,P007,6,74.43
2026-06-15,T0010,P008,3,12.46
2026-06-15,T0010,P009,1,45.16
2026-06-15,T0010,P010,3,8.92
2026-06-15,T0010,P011,2,54.45
2026-06-15,T0010,P012,3,33.81
2026-06-15,T0010,P014,1,17.13
2026-06-15,T0010,P016,3,19.1
2026-06-15,T0010,P019,2,32.1
2026-06-15,T0011,P002,2,71.22
2026-06-15,T0011,P004,1,44.88
2026-06-15,T0011,P005,2,53.29
2026-06-15,T0011,P006,1,66.24
2026-06-15,T0011,P007,3,74.43
2026-06-15,T0011,P008,1,12.46
2026-06-15,T0011,P009,2,45.16
2026-06-15,T0011,P010,1,8.92
2026-06-15,T0011,P011,2,54.45
2026-06-15,T0011,P012,2,33.81
2026-06-15,T0011,P014,1,17.13
2026-06-15,T0011,P015,2,65.43
2026-06-15,T0011,P016,3,19.1
2026-06-15,T0011,P017,1,103.46
2026-06-15,T0011,P018,1,53.96
2026-06-15,T0011,P020,1,61.39
2026-06-15,T0012,P002,2,71.22
2026-06-15,T0012,P003,3,72.47
2026-06-15,T0012,P004,2,44.88
2026-06-15,T0012,P005,3,53.29
2026-06-15,T0012,P006,2,66.24
2026-06-15,T0012,P007,3,74.43
2026-06-15,T0012,P008,2,12.46
2026-06-15,T0012,P010,1,8.92
2026-06-15,T0012,P012,1,33.81
2026-06-15,T0012,P013,1,20.71
2026-06-15,T0012,P014,1,17.13
2026-06-15,T0012,P015,1,65.43
2026-06-15,T0012,P016,4,19.1
2026-06-15,T0012,P018,1,53.96
2026-06-15,T0012,P019,5,32.1
2026-06-15,T0013,P002,1,71.22
2026-06-15,T0013,P004,4,44.88
2026-06-15,T0013,P005,5,53.29
2026-06-15,T0013,P006,2,66.24
2026-06-15,T0013,P007,2,74.43
2026-06-15,T0013,P008,6,12.46
2026-06-15,T0013,P009,1,45.16
2026-06-15,T0013,P010,3,8.92
2026-06-15,T0013,P011,3,54.45
2026-06-15,T0013,P012,5,33.81
2026-06-15,T0013,P013,1,20.71
2026-06-15,T0013,P014,4,17.13
2026-06-15,T0013,P015,4,65.43
2026-06-15,T0013,P016,2,19.1
2026-06-15,T0013,P017,2,103.46
2026-06-15,T0013,P019,6,32.1
2026-06-15,T0014,P002,1,71.22
2026-06-15,T0014,P003,3,72.47
2026-06-15,T0014,P004,9,44.88
2026-06-15,T0014,P005,3,53.29
2026-06-15,T0014,P006,6,66.24
2026-06-15,T0014,P007,3,74.43
2026-06-15,T0014,P008,5,12.46
2026-06-15,T0014,P009,2,45.16
2026-06-15,T0014,P010,2,8.92
2026-06-15,T0014,P011,5,54.45
2026-06-15,T0014,P012,1,33.81
2026-06-15,T0014,P013,1,20.71
2026-06-15,T0014,P014,6,17.13
2026-06-15,T0014,P015,2,65.43
2026-06-15,T0014,P016,3,19.1
2026-06-15,T0014,P017,1,103.46
2026-06-15,T0014,P019,3,32.1
2026-06-15,T0016,P010,119,8.92
2026-06-15,T0016,P013,35,20.71
2026-06-15,T0016,P017,34,103.46
2026-06-15,T0016,P018,29,53.96
2026-06-15,T0017,P002,2,71.22
2026-06-15,T0017,P004,5,44.88
2026-06-15,T0017,P005,1,53.29
2026-06-15,T0017,P006,5,66.24
2026-06-15,T0017,P007,4,74.43
2026-06-15,T0017,P008,1,12.46
2026-06-15,T0017,P010,3,8.92
2026-06-15,T0017,P011,2,54.45
2026-06-15,T0017,P012,2,33.81
2026-06-15,T0017,P014,3,17.13
2026-06-15,T0017,P016,1,19.1
2026-06-15,T0017,P017,1,103.46
2026-06-15,T0017,P019,2,32.1
2026-06-15,T0017,P020,1,61.39
2026-06-15,T0018,P003,1,72.47
2026-06-15,T0018,P004,1,44.88
2026-06-15,T0018,P005,3,53.29
2026-06-15,T0018,P007,1,74.43
2026-06-15,T0018,P010,1,8.92
2026-06-15,T0018,P012,1,33.81
2026-06-15,T0018,P013,1,20.71
2026-06-15,T0018,P015,1,65.43
2026-06-15,T0018,P016,1,19.1
2026-06-15,T0018,P017,1,103.46
2026-06-15,T0018,P018,1,53.96
2026-06-15,T0018,P019,2,32.1
2026-06-15,T0019,P001,1,77.79
2026-06-15,T0019,P003,1,72.47
2026-06-15,T0019,P004,6,44.88
2026-06-15,T0019,P005,4,53.29
2026-06-15,T0019,P006,2,66.24
2026-06-15,T0019,P007,3,74.43
2026-06-15,T0019,P009,1,45.16
2026-06-15,T0019,P010,3,8.92
2026-06-15,T0019,P011,3,54.45
2026-06-15,T0019,P012,1,33.81
2026-06-15,T0019,P014,2,17.13
2026-06-15,T0019,P015,1,65.43
2026-06-15,T0019,P016,2,19.1
2026-06-15,T0019,P019,4,32.1
2026-06-15,T0020,P004,2,44.88
2026-06-15,T0020,P005,2,53.29
2026-06-15,T0020,P007,1,74.43
2026-06-15,T0020,P009,1,45.16
2026-06-15,T0020,P010,1,8.92
2026-06-15,T0020,P011,1,54.45
2026-06-15,T0020,P014,1,17.13
2026-06-15,T0020,P016,1,19.1
2026-06-15,T0020,P019,1,32.1
2026-06-15,T0021,P002,2,71.22
2026-06-15,T0021,P004,6,44.88
2026-06-15,T0021,P005,4,53.29
2026-06-15,T0021,P006,1,66.24
2026-06-15,T0021,P008,1,12.46
2026-06-15,T0021,P010,2,8.92
2026-06-15,T0021,P011,2,54.45
2026-06-15,T0021,P012,2,33.81
2026-06-15,T0021,P014,1,17.13
2026-06-15,T0021,P015,1,65.43
2026-06-15,T0021,P016,2,19.1
2026-06-15,T0021,P019,2,32.1
2026-06-15,T0022,P005,1,53.29
2026-06-15,T0022,P006,1,66.24
2026-06-15,T0022,P009,1,45.16
2026-06-15,T0022,P018,1,53.96
2026-06-15,T0022,P019,1,32.1
2026-06-15,T0023,P002,2,71.22
2026-06-15,T0023,P004,2,44.88
2026-06-15,T0023,P005,2,53.29
2026-06-15,T0023,P006,1,66.24
2026-06-15,T0023,P007,1,74.43
2026-06-15,T0023,P008,1,12.46
2026-06-15,T0023,P010,3,8.92
2026-06-15,T0023,P017,1,103.46
2026-06-15,T0023,P019,1,32.1
2026-06-15,T0024,P001,1,77.79
2026-06-15,T0024,P003,2,72.47
2026-06-15,T0024,P004,3,44.88
2026-06-15,T0024,P005,3,53.29
2026-06-15,T0024,P006,1,66.24
2026-06-15,T0024,P007,2,74.43
2026-06-15,T0024,P008,1,12.46
2026-06-15,T0024,P010,1,8.92
2026-06-15,T0024,P011,2,54.45
2026-06-15,T0024,P012,3,33.81
2026-06-15,T0024,P013,1,20.71
2026-06-15,T0024,P014,1,17.13
2026-06-15,T0024,P016,1,19.1
2026-06-15,T0024,P017,3,103.46
2026-06-15,T0024,P019,1,32.1
2026-06-15,T0025,P002,1,71.22
2026-06-15,T0025,P003,2,72.47
2026-06-15,T0025,P005,2,53.29
2026-06-15,T0025,P006,2,66.24
2026-06-15,T0025,P007,1,74.43
2026-06-15,T0025,P008,1,12.46
2026-06-15,T0025,P009,1,45.16
2026-06-15,T0025,P010,1,8.92
2026-06-15,T0025,P011,1,54.45
2026-06-15,T0025,P014,1,17.13
2026-06-15,T0025,P016,2,19.1
2026-06-15,T0025,P017,1,103.46
2026-06-15,T0025,P020,1,61.39
2026-06-15,T0026,P002,1,71.22
2026-06-15,T0026,P004,2,44.88
2026-06-15,T0026,P014,1,17.13
2026-06-15,T0026,P016,3,19.1
2026-06-15,T0026,P017,1,103.46
2026-06-15,T0026,P019,1,32.1
2026-06-15,T0027,P002,1,71.22
2026-06-15,T0027,P003,2,72.47
2026-06-15,T0027,P004,1,44.88
2026-06-15,T0027,P005,3,53.29
2026-06-15,T0027,P006,3,66.24
2026-06-15,T0027,P007,3,74.43
2026-06-15,T0027,P010,4,8.92
2026-06-15,T0027,P011,1,54.45
2026-06-15,T0027,P014,2,17.13
2026-06-15,T0027,P016,2,19.1
2026-06-15,T0027,P019,2,32.1
2026-06-15,T0028,P002,3,71.22
2026-06-15,T0028,P003,1,72.47
2026-06-15,T0028,P004,4,44.88
2026-06-15,T0028,P005,1,53.29
2026-06-15,T0028,P006,1,66.24
2026-06-15,T0028,P007,2,74.43
2026-06-15,T0028,P008,1,12.46
2026-06-15,T0028,P009,1,45.16
2026-06-15,T0028,P010,1,8.92
2026-06-15,T0028,P013,1,20.71
2026-06-15,T0028,P014,1,17.13
2026-06-15,T0028,P016,1,19.1
2026-06-15,T0028,P019,1,32.1
2026-06-15,T0028,P020,1,61.39
2026-06-15,T0029,P004,1,44.88
2026-06-15,T0029,P005,1,53.29
2026-06-15,T0029,P006,5,66.24
2026-06-15,T0029,P007,4,74.43
2026-06-15,T0029,P008,1,12.46
2026-06-15,T0029,P009,1,45.16
2026-06-15,T0029,P012,1,33.81
2026-06-15,T0029,P013,1,20.71
2026-06-15,T0029,P014,1,17.13
2026-06-15,T0029,P016,1,19.1
2026-06-15,T0029,P018,1,53.96
2026-06-15,T0029,P019,2,32.1
2026-06-15,T0029,P020,2,61.39
2026-06-15,T0030,P002,1,71.22
2026-06-15,T0030,P004,3,44.88
2026-06-15,T0030,P005,4,53.29
2026-06-15,T0030,P006,1,66.24
2026-06-15,T0030,P007,1,74.43
2026-06-15,T0030,P008,1,12.46
2026-06-15,T0030,P010,1,8.92
2026-06-15,T0030,P011,3,54.45
2026-06-15,T0030,P012,3,33.81
2026-06-15,T0030,P014,1,17.13
2026-06-15,T0030,P016,1,19.1
2026-06-15,T0030,P019,6,32.1
2026-06-15,T0030,P020,1,61.39
2026-06-15,T0031,P002,2,71.22
2026-06-15,T0031,P003,3,72.47
2026-06-15,T0031,P004,5,44.88
2026-06-15,T0031,P005,1,53.29
2026-06-15,T0031,P006,3,66.24
2026-06-15,T0031,P007,4,74.43
2026-06-15,T0031,P008,8,12.46
2026-06-15,T0031,P010,3,8.92
2026-06-15,T0031,P011,3,54.45
2026-06-15,T0031,P013,1,20.71
2026-06-15,T0031,P014,3,17.13
2026-06-15,T0031,P015,2,65.43
2026-06-15,T0031,P016,2,19.1
2026-06-15,T0031,P017,1,103.46
2026-06-15,T0031,P019,1,32.1
2026-06-15,T0031,P020,3,61.39
2026-06-15,T0032,P001,1,77.79
2026-06-15,T0032,P002,3,71.22
2026-06-15,T0032,P003,6,72.47
2026-06-15,T0032,P004,4,44.88
2026-06-15,T0032,P005,4,53.29
2026-06-15,T0032,P006,4,66.24
2026-06-15,T0032,P007,2,74.43
2026-06-15,T0032,P009,1,45.16
2026-06-15,T0032,P010,3,8.92
2026-06-15,T0032,P011,1,54.45
2026-06-15,T0032,P012,1,33.81
2026-06-15,T0032,P013,1,20.71
2026-06-15,T0032,P014,2,17.13
2026-06-15,T0032,P015,1,65.43
2026-06-15,T0032,P016,2,19.1
2026-06-15,T0032,P017,1,103.46
2026-06-15,T0032,P018,2,53.96
2026-06-15,T0032,P019,1,32.1
2026-06-15,T0033,P003,2,72.47
2026-06-15,T0033,P006,2,66.24
2026-06-15,T0033,P007,2,74.43
2026-06-15,T0033,P008,3,12.46
2026-06-15,T0033,P010,1,8.92
2026-06-15,T0033,P016,2,19.1
2026-06-15,T0033,P017,2,103.46
2026-06-15,T0033,P019,3,32.1
2026-06-15,T0034,P002,1,71.22
2026-06-15,T0034,P004,4,44.88
2026-06-15,T0034,P005,1,53.29
2026-06-15,T0034,P006,1,66.24
2026-06-15,T0034,P007,1,74.43
2026-06-15,T0034,P008,1,12.46
2026-06-15,T0034,P010,1,8.92
2026-06-15,T0034,P014,4,17.13
2026-06-15,T0034,P015,1,65.43
2026-06-15,T0034,P016,3,19.1
2026-06-15,T0034,P017,1,103.46
2026-06-15,T0034,P019,1,32.1
2026-06-15,T0034,P020,1,61.39
2026-06-15,T0035,P003,1,72.47
2026-06-15,T0035,P004,1,44.88
2026-06-15,T0035,P007,1,74.43
2026-06-15,T0035,P008,1,12.46
2026-06-15,T0035,P010,2,8.92
2026-06-15,T0035,P011,1,54.45
2026-06-15,T0035,P014,1,17.13
2026-06-15,T0035,P015,3,65.43
2026-06-15,T0035,P016,1,19.1
2026-06-15,T0035,P019,1,32.1
2026-06-15,T0035,P020,1,61.39
2026-06-15,T0036,P003,1,72.47
2026-06-15,T0036,P005,1,53.29
2026-06-15,T0036,P009,1,45.16
2026-06-15,T0036,P012,1,33.81
2026-06-15,T0036,P015,1,65.43
2026-06-15,T0036,P019,2,32.1
2026-06-15,T0037,P002,2,71.22
2026-06-15,T0037,P003,3,72.47
2026-06-15,T0037,P004,1,44.88
2026-06-15,T0037,P005,2,53.29
2026-06-15,T0037,P006,2,66.24
2026-06-15,T0037,P007,2,74.43
2026-06-15,T0037,P008,2,12.46
2026-06-15,T0037,P011,1,54.45
2026-06-15,T0037,P012,1,33.81
2026-06-15,T0037,P014,1,17.13
2026-06-15,T0037,P015,2,65.43
2026-06-15,T0037,P016,1,19.1
2026-06-15,T0037,P019,1,32.1
2026-06-15,T0038,P002,1,71.22
2026-06-15,T0038,P003,3,72.47
2026-06-15,T0038,P004,2,44.88
2026-06-15,T0038,P006,1,66.24
2026-06-15,T0038,P008,1,12.46
2026-06-15,T0038,P009,1,45.16
2026-06-15,T0038,P010,2,8.92
2026-06-15,T0038,P011,1,54.45
2026-06-15,T0038,P012,2,33.81
2026-06-15,T0038,P014,1,17.13
2026-06-15,T0038,P016,1,19.1
2026-06-15,T0038,P017,1,103.46
2026-06-15,T0038,P018,1,53.96
2026-06-15,T0039,P001,1,77.79
2026-06-15,T0039,P002,1,71.22
2026-06-15,T0039,P003,1,72.47
2026-06-15,T0039,P004,2,44.88
2026-06-15,T0039,P005,1,53.29
2026-06-15,T0039,P006,1,66.24
2026-06-15,T0039,P008,1,12.46
2026-06-15,T0039,P009,1,45.16
2026-06-15,T0039,P010,1,8.92
2026-06-15,T0039,P011,1,54.45
2026-06-15,T0039,P012,1,33.81
2026-06-15,T0039,P014,1,17.13
2026-06-15,T0039,P015,1,65.43
2026-06-15,T0039,P016,6,19.1
2026-06-15,T0039,P017,1,103.46
2026-06-15,T0039,P018,1,53.96
2026-06-15,T0039,P019,3,32.1
2026-06-15,T0039,P020,1,61.39
2026-06-15,T0040,P002,2,71.22
2026-06-15,T0040,P004,2,44.88
2026-06-15,T0040,P005,3,53.29
2026-06-15,T0040,P007,3,74.43
2026-06-15,T0040,P008,1,12.46
2026-06-15,T0040,P010,3,8.92
2026-06-15,T0040,P011,1,54.45
2026-06-15,T0040,P012,1,33.81
2026-06-15,T0040,P013,1,20.71
2026-06-15,T0040,P014,2,17.13
2026-06-15,T0040,P015,1,65.43
2026-06-15,T0040,P016,1,19.1
2026-06-15,T0040,P019,5,32.1
2026-06-15,T0040,P020,1,61.39
2026-06-16,T0001,P003,5,72.47
2026-06-16,T0001,P004,2,44.88
2026-06-16,T0001,P005,1,53.29
2026-06-16,T0001,P006,2,66.24
2026-06-16,T0001,P007,4,74.43
2026-06-16,T0001,P008,2,12.46
2026-06-16,T0001,P009,1,45.16
2026-06-16,T0001,P010,3,8.92
2026-06-16,T0001,P011,4,54.45
2026-06-16,T0001,P014,4,17.13
2026-06-16,T0001,P015,1,65.43
2026-06-16,T0001,P019,2,32.1
2026-06-16,T0001,P020,2,61.39
2026-06-16,T0002,P001,1,77.79
2026-06-16,T0002,P002,3,71.22
2026-06-16,T0002,P003,7,72.47
2026-06-16,T0002,P004,6,44.88
2026-06-16,T0002,P005,4,53.29
2026-06-16,T0002,P006,5,66.24
2026-06-16,T0002,P007,2,74.43
2026-06-16,T0002,P008,1,12.46
2026-06-16,T0002,P009,1,45.16
2026-06-16,T0002,P010,4,8.92
2026-06-16,T0002,P011,5,54.45
2026-06-16,T0002,P012,3,33.81
2026-06-16,T0002,P014,3,17.13
2026-06-16,T0002,P015,1,65.43
2026-06-16,T0002,P016,3,19.1
2026-06-16,T0002,P017,3,103.46
2026-06-16,T0002,P019,6,32.1
2026-06-16,T0002,P020,1,61.39
2026-06-16,T0003,P001,1,77.79
2026-06-16,T0003,P004,1,44.88
2026-06-16,T0003,P005,2,53.29
2026-06-16,T0003,P006,3,66.24
2026-06-16,T0003,P007,5,74.43
2026-06-16,T0003,P008,2,12.46
2026-06-16,T0003,P010,3,8.92
2026-06-16,T0003,P011,2,54.45
2026-06-16,T0003,P012,2,33.81
2026-06-16,T0003,P014,1,17.13
2026-06-16,T0003,P016,1,19.1
2026-06-16,T0003,P017,1,103.46
2026-06-16,T0003,P019,4,32.1
2026-06-16,T0003,P020,2,61.39
2026-06-16,T0004,P002,2,71.22
2026-06-16,T0004,P003,6,72.47
2026-06-16,T0004,P004,3,44.88
2026-06-16,T0004,P005,2,53.29
2026-06-16,T0004,P006,2,66.24
2026-06-16,T0004,P007,4,74.43
2026-06-16,T0004,P008,1,12.46
2026-06-16,T0004,P010,1,8.92
2026-06-16,T0004,P011,4,54.45
2026-06-16,T0004,P012,1,33.81
2026-06-16,T0004,P013,1,20.71
2026-06-16,T0004,P014,5,17.13
2026-06-16,T0004,P015,5,65.43
2026-06-16,T0004,P016,5,19.1
2026-06-16,T0004,P019,4,32.1
2026-06-16,T0004,P020,1,61.39
2026-06-16,T0005,P001,1,77.79
2026-06-16,T0005,P002,1,71.22
2026-06-16,T0005,P003,6,72.47
2026-06-16,T0005,P004,7,44.88
2026-06-16,T0005,P005,3,53.29
2026-06-16,T0005,P006,2,66.24
2026-06-16,T0005,P007,2,74.43
2026-06-16,T0005,P009,1,45.16
2026-06-16,T0005,P010,3,8.92
2026-06-16,T0005,P011,2,54.45
2026-06-16,T0005,P012,2,33.81
2026-06-16,T0005,P014,4,17.13
2026-06-16,T0005,P016,2,19.1
2026-06-16,T0005,P017,1,103.46
2026-06-16,T0005,P019,4,32.1
2026-06-16,T0005,P020,2,61.39
2026-06-16,T0006,P001,2,77.79
2026-06-16,T0006,P002,3,71.22
2026-06-16,T0006,P003,13,72.47
2026-06-16,T0006,P004,9,44.88
2026-06-16,T0006,P005,10,53.29
2026-06-16,T0006,P006,12,66.24
2026-06-16,T0006,P007,5,74.43
2026-06-16,T0006,P008,6,12.46
2026-06-16,T0006,P009,5,45.16
2026-06-16,T0006,P010,7,8.92
2026-06-16,T0006,P011,4,54.45
2026-06-16,T0006,P012,6,33.81
2026-06-16,T0006,P013,2,20.71
2026-06-16,T0006,P014,7,17.13
2026-06-16,T0006,P015,4,65.43
2026-06-16,T0006,P016,12,19.1
2026-06-16,T0006,P017,4,103.46
2026-06-16,T0006,P018,3,53.96
2026-06-16,T0006,P019,11,32.1
2026-06-16,T0006,P020,1,61.39
2026-06-16,T0007,P002,1,71.22
2026-06-16,T0007,P003,3,72.47
2026-06-16,T0007,P004,3,44.88
2026-06-16,T0007,P005,4,53.29
2026-06-16,T0007,P006,5,66.24
2026-06-16,T0007,P007,6,74.43
2026-06-16,T0007,P008,1,12.46
2026-06-16,T0007,P009,1,45.16
2026-06-16,T0007,P010,1,8.92
2026-06-16,T0007,P011,2,54.45
2026-06-16,T0007,P012,1,33.81
2026-06-16,T0007,P013,2,20.71
2026-06-16,T0007,P014,1,17.13
2026-06-16,T0007,P015,7,65.43
2026-06-16,T0007,P016,6,19.1
2026-06-16,T0007,P017,1,103.46
2026-06-16,T0007,P019,4,32.1
2026-06-16,T0008,P001,2,77.79
2026-06-16,T0008,P002,8,71.22
2026-06-16,T0008,P004,7,44.88
2026-06-16,T0008,P005,12,53.29
2026-06-16,T0008,P006,9,66.24
2026-06-16,T0008,P007,5,74.43
2026-06-16,T0008,P008,5,12.46
2026-06-16,T0008,P009,5,45.16
2026-06-16,T0008,P010,5,8.92
2026-06-16,T0008,P011,6,54.45
2026-06-16,T0008,P012,2,33.81
2026-06-16,T0008,P013,1,20.71
2026-06-16,T0008,P014,4,17.13
2026-06-16,T0008,P015,4,65.43
2026-06-16,T0008,P016,9,19.1
2026-06-16,T0008,P018,1,53.96
2026-06-16,T0008,P019,5,32.1
2026-06-16,T0008,P020,4,61.39
2026-06-16,T0009,P001,1,77.79
2026-06-16,T0009,P002,3,71.22
2026-06-16,T0009,P003,5,72.47
2026-06-16,T0009,P004,4,44.88
2026-06-16,T0009,P005,7,53.29
2026-06-16,T0009,P006,8,66.24
2026-06-16,T0009,P007,4,74.43
2026-06-16,T0009,P008,5,12.46
2026-06-16,T0009,P009,3,45.16
2026-06-16,T0009,P010,5,8.92
2026-06-16,T0009,P011,3,54.45
2026-06-16,T0009,P012,2,33.81
2026-06-16,T0009,P013,2,20.71
2026-06-16,T0009,P014,3,17.13
2026-06-16,T0009,P015,4,65.43
2026-06-16,T0009,P016,5,19.1
2026-06-16,T0009,P017,3,103.46
2026-06-16,T0009,P018,2,53.96
2026-06-16,T0009,P019,3,32.1
2026-06-16,T0010,P002,1,71.22
2026-06-16,T0010,P004,6,44.88
2026-06-16,T0010,P005,2,53.29
2026-06-16,T0010,P006,6,66.24
2026-06-16,T0010,P007,3,74.43
2026-06-16,T0010,P008,3,12.46
2026-06-16,T0010,P009,4,45.16
2026-06-16,T0010,P010,2,8.92
2026-06-16,T0010,P011,3,54.45
2026-06-16,T0010,P012,1,33.81
2026-06-16,T0010,P013,1,20.71
2026-06-16,T0010,P016,6,19.1
2026-06-16,T0010,P017,2,103.46
2026-06-16,T0010,P019,2,32.1
2026-06-16,T0010,P020,1,61.39
2026-06-16,T0011,P005,1,53.29
2026-06-16,T0011,P007,2,74.43
2026-06-16,T0011,P010,3,8.92
2026-06-16,T0011,P012,3,33.81
2026-06-16,T0011,P013,1,20.71
2026-06-16,T0011,P016,1,19.1
2026-06-16,T0011,P019,2,32.1
2026-06-16,T0012,P002,2,71.22
2026-06-16,T0012,P004,5,44.88
2026-06-16,T0012,P008,1,12.46
2026-06-16,T0012,P009,3,45.16
2026-06-16,T0012,P010,1,8.92
2026-06-16,T0012,P011,1,54.45
2026-06-16,T0012,P012,1,33.81
2026-06-16,T0012,P014,2,17.13
2026-06-16,T0012,P016,5,19.1
2026-06-16,T0012,P018,1,53.96
2026-06-16,T0012,P019,1,32.1
2026-06-16,T0013,P002,1,71.22
2026-06-16,T0013,P004,2,44.88
2026-06-16,T0013,P005,3,53.29
2026-06-16,T0013,P006,4,66.24
2026-06-16,T0013,P007,4,74.43
2026-06-16,T0013,P008,3,12.46
2026-06-16,T0013,P009,2,45.16
2026-06-16,T0013,P010,2,8.92
2026-06-16,T0013,P011,2,54.45
2026-06-16,T0013,P012,2,33.81
2026-06-16,T0013,P014,2,17.13
2026-06-16,T0013,P016,7,19.1
2026-06-16,T0013,P019,4,32.1
2026-06-16,T0013,P020,1,61.39
2026-06-16,T0014,P002,3,71.22
2026-06-16,T0014,P003,2,72.47
2026-06-16,T0014,P004,3,44.88
2026-06-16,T0014,P005,1,53.29
2026-06-16,T0014,P006,4,66.24
2026-06-16,T0014,P007,2,74.43
2026-06-16,T0014,P010,3,8.92
2026-06-16,T0014,P011,2,54.45
2026-06-16,T0014,P012,3,33.81
2026-06-16,T0014,P013,1,20.71
2026-06-16,T0014,P014,2,17.13
2026-06-16,T0014,P015,3,65.43
2026-06-16,T0014,P016,5,19.1
2026-06-16,T0014,P017,1,103.46
2026-06-16,T0014,P018,1,53.96
2026-06-16,T0014,P019,2,32.1
2026-06-16,T0014,P020,1,61.39
2026-06-16,T0015,P008,38,12.46
2026-06-16,T0015,P016,77,19.1
2026-06-16,T0016,P007,121,74.43
2026-06-16,T0016,P011,92,54.45
2026-06-16,T0016,P016,113,19.1
2026-06-16,T0017,P002,1,71.22
2026-06-16,T0017,P004,1,44.88
2026-06-16,T0017,P005,1,53.29
2026-06-16,T0017,P006,3,66.24
2026-06-16,T0017,P007,3,74.43
2026-06-16,T0017,P008,1,12.46
2026-06-16,T0017,P009,2,45.16
2026-06-16,T0017,P010,3,8.92
2026-06-16,T0017,P011,2,54.45
2026-06-16,T0017,P012,1,33.81
2026-06-16,T0017,P014,3,17.13
2026-06-16,T0017,P015,3,65.43
2026-06-16,T0017,P019,4,32.1
2026-06-16,T0018,P002,1,71.22
2026-06-16,T0018,P003,2,72.47
2026-06-16,T0018,P004,2,44.88
2026-06-16,T0018,P007,2,74.43
2026-06-16,T0018,P010,1,8.92
2026-06-16,T0018,P011,2,54.45
2026-06-16,T0018,P015,2,65.43
2026-06-16,T0018,P020,1,61.39
2026-06-16,T0019,P002,1,71.22
2026-06-16,T0019,P003,4,72.47
2026-06-16,T0019,P004,3,44.88
2026-06-16,T0019,P005,3,53.29
2026-06-16,T0019,P006,3,66.24
2026-06-16,T0019,P007,1,74.43
2026-06-16,T0019,P009,2,45.16
2026-06-16,T0019,P010,4,8.92
2026-06-16,T0019,P011,2,54.45
2026-06-16,T0019,P012,2,33.81
2026-06-16,T0019,P014,4,17.13
2026-06-16,T0019,P015,3,65.43
2026-06-16,T0019,P016,4,19.1
2026-06-16,T0019,P018,1,53.96
2026-06-16,T0019,P019,3,32.1
2026-06-16,T0020,P002,1,71.22
2026-06-16,T0020,P003,1,72.47
2026-06-16,T0020,P004,1,44.88
2026-06-16,T0020,P005,1,53.29
2026-06-16,T0020,P006,1,66.24
2026-06-16,T0020,P007,2,74.43
2026-06-16,T0020,P008,2,12.46
2026-06-16,T0020,P010,1,8.92
2026-06-16,T0020,P011,1,54.45
2026-06-16,T0020,P014,1,17.13
2026-06-16,T0020,P016,4,19.1
2026-06-16,T0020,P017,2,103.46
2026-06-16,T0020,P018,2,53.96
2026-06-16,T0021,P001,1,77.79
2026-06-16,T0021,P004,3,44.88
2026-06-16,T0021,P005,1,53.29
2026-06-16,T0021,P006,1,66.24
2026-06-16,T0021,P008,1,12.46
2026-06-16,T0021,P009,1,45.16
2026-06-16,T0021,P010,4,8.92
2026-06-16,T0021,P011,3,54.45
2026-06-16,T0021,P012,2,33.81
2026-06-16,T0021,P016,2,19.1
2026-06-16,T0021,P017,1,103.46
2026-06-16,T0021,P020,1,61.39
2026-06-16,T0022,P006,2,66.24
2026-06-16,T0022,P007,1,74.43
2026-06-16,T0022,P008,1,12.46
2026-06-16,T0022,P010,2,8.92
2026-06-16,T0022,P012,1,33.81
2026-06-16,T0022,P014,1,17.13
2026-06-16,T0022,P016,1,19.1
2026-06-16,T0022,P019,2,32.1
2026-06-16,T0022,P020,1,61.39
2026-06-16,T0023,P003,3,72.47
2026-06-16,T0023,P004,1,44.88
2026-06-16,T0023,P006,1,66.24
2026-06-16,T0023,P007,3,74.43
2026-06-16,T0023,P008,1,12.46
2026-06-16,T0023,P011,1,54.45
2026-06-16,T0023,P012,1,33.81
2026-06-16,T0023,P013,1,20.71
2026-06-16,T0023,P014,1,17.13
2026-06-16,T0023,P016,1,19.1
2026-06-16,T0023,P018,1,53.96
2026-06-16,T0023,P019,1,32.1
2026-06-16,T0024,P001,1,77.79
2026-06-16,T0024,P003,1,72.47
2026-06-16,T0024,P004,1,44.88
2026-06-16,T0024,P005,1,53.29
2026-06-16,T0024,P007,1,74.43
2026-06-16,T0024,P010,2,8.92
2026-06-16,T0024,P011,3,54.45
2026-06-16,T0024,P012,1,33.81
2026-06-16,T0024,P014,1,17.13
2026-06-16,T0024,P016,1,19.1
2026-06-16,T0024,P019,1,32.1
2026-06-16,T0025,P003,2,72.47
2026-06-16,T0025,P004,1,44.88
2026-06-16,T0025,P005,1,53.29
2026-06-16,T0025,P007,1,74.43
2026-06-16,T0025,P011,2,54.45
2026-06-16,T0025,P014,1,17.13
2026-06-16,T0025,P016,1,19.1
2026-06-16,T0025,P018,2,53.96
2026-06-16,T0025,P019,1,32.1
2026-06-16,T0026,P002,2,71.22
2026-06-16,T0026,P006,1,66.24
2026-06-16,T0026,P007,1,74.43
2026-06-16,T0026,P016,3,19.1
2026-06-16,T0026,P020,1,61.39
2026-06-16,T0027,P002,1,71.22
2026-06-16,T0027,P003,1,72.47
2026-06-16,T0027,P004,1,44.88
2026-06-16,T0027,P005,1,53.29
2026-06-16,T0027,P006,1,66.24
2026-06-16,T0027,P007,2,74.43
2026-06-16,T0027,P008,4,12.46
2026-06-16,T0027,P011,1,54.45
2026-06-16,T0027,P016,1,19.1
2026-06-16,T0027,P018,1,53.96
2026-06-16,T0027,P020,1,61.39
2026-06-16,T0028,P002,1,71.22
2026-06-16,T0028,P003,1,72.47
2026-06-16,T0028,P004,1,44.88
2026-06-16,T0028,P005,3,53.29
2026-06-16,T0028,P006,2,66.24
2026-06-16,T0028,P007,1,74.43
2026-06-16,T0028,P008,1,12.46
2026-06-16,T0028,P009,1,45.16
2026-06-16,T0028,P010,3,8.92
2026-06-16,T0028,P011,1,54.45
2026-06-16,T0028,P016,2,19.1
2026-06-16,T0028,P017,1,103.46
2026-06-16,T0028,P019,3,32.1
2026-06-16,T0028,P020,1,61.39
2026-06-16,T0029,P004,2,44.88
2026-06-16,T0029,P005,2,53.29
2026-06-16,T0029,P008,1,12.46
2026-06-16,T0029,P011,4,54.45
2026-06-16,T0029,P012,1,33.81
2026-06-16,T0029,P014,3,17.13
2026-06-16,T0029,P015,1,65.43
2026-06-16,T0029,P016,2,19.1
2026-06-16,T0029,P017,1,103.46
2026-06-16,T0029,P019,1,32.1
2026-06-16,T0030,P004,1,44.88
2026-06-16,T0030,P005,4,53.29
2026-06-16,T0030,P006,1,66.24
2026-06-16,T0030,P007,5,74.43
2026-06-16,T0030,P008,1,12.46
2026-06-16,T0030,P009,2,45.16
2026-06-16,T0030,P010,4,8.92
2026-06-16,T0030,P011,2,54.45
2026-06-16,T0030,P012,1,33.81
2026-06-16,T0030,P015,2,65.43
2026-06-16,T0030,P016,2,19.1
2026-06-16,T0030,P018,1,53.96
2026-06-16,T0030,P019,5,32.1
2026-06-16,T0031,P002,3,71.22
2026-06-16,T0031,P003,2,72.47
2026-06-16,T0031,P004,1,44.88
2026-06-16,T0031,P005,5,53.29
2026-06-16,T0031,P007,4,74.43
2026-06-16,T0031,P008,1,12.46
2026-06-16,T0031,P009,2,45.16
2026-06-16,T0031,P010,2,8.92
2026-06-16,T0031,P011,1,54.45
2026-06-16,T0031,P012,1,33.81
2026-06-16,T0031,P014,2,17.13
2026-06-16,T0031,P015,3,65.43
2026-06-16,T0031,P016,3,19.1
2026-06-16,T0031,P017,2,103.46
2026-06-16,T0031,P019,1,32.1
2026-06-16,T0032,P003,4,72.47
2026-06-16,T0032,P004,4,44.88
2026-06-16,T0032,P005,1,53.29
2026-06-16,T0032,P007,2,74.43
2026-06-16,T0032,P011,1,54.45
2026-06-16,T0032,P012,1,33.81
2026-06-16,T0032,P014,6,17.13
2026-06-16,T0032,P016,5,19.1
2026-06-16,T0032,P019,3,32.1
2026-06-16,T0032,P020,1,61.39
2026-06-16,T0033,P003,1,72.47
2026-06-16,T0033,P006,2,66.24
2026-06-16,T0033,P008,1,12.46
2026-06-16,T0033,P009,1,45.16
2026-06-16,T0033,P014,1,17.13
2026-06-16,T0033,P015,1,65.43
2026-06-16,T0033,P016,1,19.1
2026-06-16,T0033,P020,1,61.39
2026-06-16,T0034,P002,1,71.22
2026-06-16,T0034,P004,1,44.88
2026-06-16,T0034,P005,2,53.29
2026-06-16,T0034,P007,3,74.43
2026-06-16,T0034,P010,2,8.92
2026-06-16,T0034,P011,1,54.45
2026-06-16,T0034,P016,1,19.1
2026-06-16,T0034,P017,1,103.46
2026-06-16,T0034,P018,1,53.96
2026-06-16,T0035,P003,2,72.47
2026-06-16,T0035,P006,1,66.24
2026-06-16,T0035,P007,3,74.43
2026-06-16,T0035,P008,1,12.46
2026-06-16,T0035,P009,1,45.16
2026-06-16,T0035,P016,1,19.1
2026-06-16,T0035,P019,1,32.1
2026-06-16,T0036,P003,2,72.47
2026-06-16,T0036,P005,1,53.29
2026-06-16,T0036,P014,1,17.13
2026-06-16,T0036,P015,1,65.43
2026-06-16,T0037,P002,1,71.22
2026-06-16,T0037,P003,2,72.47
2026-06-16,T0037,P004,1,44.88
2026-06-16,T0037,P005,2,53.29
2026-06-16,T0037,P008,2,12.46
2026-06-16,T0037,P009,2,45.16
2026-06-16,T0037,P010,2,8.92
2026-06-16,T0037,P012,1,33.81
2026-06-16,T0037,P013,1,20.71
2026-06-16,T0037,P017,1,103.46
2026-06-16,T0037,P018,1,53.96
2026-06-16,T0037,P019,1,32.1
2026-06-16,T0037,P020,1,61.39
2026-06-16,T0038,P003,5,72.47
2026-06-16,T0038,P004,2,44.88
2026-06-16,T0038,P005,3,53.29
2026-06-16,T0038,P006,1,66.24
2026-06-16,T0038,P010,3,8.92
2026-06-16,T0038,P011,1,54.45
2026-06-16,T0038,P013,1,20.71
2026-06-16,T0038,P016,3,19.1
2026-06-16,T0038,P019,1,32.1
2026-06-16,T0038,P020,1,61.39
2026-06-16,T0039,P001,1,77.79
2026-06-16,T0039,P002,2,71.22
2026-06-16,T0039,P003,1,72.47
2026-06-16,T0039,P004,4,44.88
2026-06-16,T0039,P005,2,53.29
2026-06-16,T0039,P006,2,66.24
2026-06-16,T0039,P007,4,74.43
2026-06-16,T0039,P009,1,45.16
2026-06-16,T0039,P010,3,8.92
2026-06-16,T0039,P011,1,54.45
2026-06-16,T0039,P012,2,33.81
2026-06-16,T0039,P014,3,17.13
2026-06-16,T0039,P016,4,19.1
2026-06-16,T0039,P018,2,53.96
2026-06-16,T0039,P019,1,32.1
2026-06-16,T0040,P002,1,71.22
2026-06-16,T0040,P004,3,44.88
2026-06-16,T0040,P005,1,53.29
2026-06-16,T0040,P006,6,66.24
2026-06-16,T0040,P007,6,74.43
2026-06-16,T0040,P008,1,12.46
2026-06-16,T0040,P010,2,8.92
2026-06-16,T0040,P011,2,54.45
2026-06-16,T0040,P012,1,33.81
2026-06-16,T0040,P014,2,17.13
2026-06-16,T0040,P016,2,19.1
2026-06-16,T0040,P019,5,32.1
2026-06-17,T0001,P002,1,71.22
2026-06-17,T0001,P004,2,44.88
2026-06-17,T0001,P005,2,53.29
2026-06-17,T0001,P006,2,66.24
2026-06-17,T0001,P007,3,74.43
2026-06-17,T0001,P009,2,45.16
2026-06-17,T0001,P010,2,8.92
2026-06-17,T0001,P011,4,54.45
2026-06-17,T0001,P012,3,33.81
2026-06-17,T0001,P014,3,17.13
2026-06-17,T0001,P015,1,65.43
2026-06-17,T0001,P017,2,103.46
2026-06-17,T0001,P019,4,32.1
2026-06-17,T0002,P001,1,77.79
2026-06-17,T0002,P002,1,71.22
2026-06-17,T0002,P003,5,72.47
2026-06-17,T0002,P004,6,44.88
2026-06-17,T0002,P005,1,53.29
2026-06-17,T0002,P006,3,66.24
2026-06-17,T0002,P007,4,74.43
2026-06-17,T0002,P008,4,12.46
2026-06-17,T0002,P009,1,45.16
2026-06-17,T0002,P010,7,8.92
2026-06-17,T0002,P011,1,54.45
2026-06-17,T0002,P012,4,33.81
2026-06-17,T0002,P013,2,20.71
2026-06-17,T0002,P014,4,17.13
2026-06-17,T0002,P015,2,65.43
2026-06-17,T0002,P016,7,19.1
2026-06-17,T0002,P017,1,103.46
2026-06-17,T0002,P018,2,53.96
2026-06-17,T0002,P019,4,32.1
2026-06-17,T0003,P002,3,71.22
2026-06-17,T0003,P004,2,44.88
2026-06-17,T0003,P005,2,53.29
2026-06-17,T0003,P006,2,66.24
2026-06-17,T0003,P008,2,12.46
2026-06-17,T0003,P009,2,45.16
2026-06-17,T0003,P010,2,8.92
2026-06-17,T0003,P011,1,54.45
2026-06-17,T0003,P012,1,33.81
2026-06-17,T0003,P014,2,17.13
2026-06-17,T0003,P016,4,19.1
2026-06-17,T0003,P017,2,103.46
2026-06-17,T0003,P018,1,53.96
2026-06-17,T0003,P019,1,32.1
2026-06-17,T0004,P004,8,44.88
2026-06-17,T0004,P005,3,53.29
2026-06-17,T0004,P007,3,74.43
2026-06-17,T0004,P008,1,12.46
2026-06-17,T0004,P009,2,45.16
2026-06-17,T0004,P010,1,8.92
2026-06-17,T0004,P011,3,54.45
2026-06-17,T0004,P012,2,33.81
2026-06-17,T0004,P013,1,20.71
2026-06-17,T0004,P014,2,17.13
2026-06-17,T0004,P016,3,19.1
2026-06-17,T0004,P019,1,32.1
2026-06-17,T0005,P001,1,77.79
2026-06-17,T0005,P003,4,72.47
2026-06-17,T0005,P004,3,44.88
2026-06-17,T0005,P005,2,53.29
2026-06-17,T0005,P006,3,66.24
2026-06-17,T0005,P007,1,74.43
2026-06-17,T0005,P008,4,12.46
2026-06-17,T0005,P009,1,45.16
2026-06-17,T0005,P011,2,54.45
2026-06-17,T0005,P012,2,33.81
2026-06-17,T0005,P014,2,17.13
2026-06-17,T0005,P015,1,65.43
2026-06-17,T0005,P016,3,19.1
2026-06-17,T0005,P019,2,32.1
2026-06-17,T0005,P020,2,61.39
2026-06-17,T0006,P002,3,71.22
2026-06-17,T0006,P003,8,72.47
2026-06-17,T0006,P004,3,44.88
2026-06-17,T0006,P005,7,53.29
2026-06-17,T0006,P006,16,66.24
2026-06-17,T0006,P007,9,74.43
2026-06-17,T0006,P008,5,12.46
2026-06-17,T0006,P009,3,45.16
2026-06-17,T0006,P010,6,8.92
2026-06-17,T0006,P011,4,54.45
2026-06-17,T0006,P012,1,33.81
2026-06-17,T0006,P013,3,20.71
2026-06-17,T0006,P014,8,17.13
2026-06-17,T0006,P015,2,65.43
2026-06-17,T0006,P016,8,19.1
2026-06-17,T0006,P017,2,103.46
2026-06-17,T0006,P018,2,53.96
2026-06-17,T0006,P019,6,32.1
2026-06-17,T0006,P020,2,61.39
2026-06-17,T0007,P002,3,71.22
2026-06-17,T0007,P003,8,72.47
2026-06-17,T0007,P004,5,44.88
2026-06-17,T0007,P005,4,53.29
2026-06-17,T0007,P006,11,66.24
2026-06-17,T0007,P007,6,74.43
2026-06-17,T0007,P008,2,12.46
2026-06-17,T0007,P009,3,45.16
2026-06-17,T0007,P010,3,8.92
2026-06-17,T0007,P011,5,54.45
2026-06-17,T0007,P012,3,33.81
2026-06-17,T0007,P014,3,17.13
2026-06-17,T0007,P015,3,65.43
2026-06-17,T0007,P016,2,19.1
2026-06-17,T0007,P017,1,103.46
2026-06-17,T0007,P018,3,53.96
2026-06-17,T0007,P019,7,32.1
2026-06-17,T0008,P001,1,77.79
2026-06-17,T0008,P002,3,71.22
2026-06-17,T0008,P004,4,44.88
2026-06-17,T0008,P005,2,53.29
2026-06-17,T0008,P006,11,66.24
2026-06-17,T0008,P007,10,74.43
2026-06-17,T0008,P008,3,12.46
2026-06-17,T0008,P009,4,45.16
2026-06-17,T0008,P010,9,8.92
2026-06-17,T0008,P011,5,54.45
2026-06-17,T0008,P012,4,33.81
2026-06-17,T0008,P014,6,17.13
2026-06-17,T0008,P015,2,65.43
2026-06-17,T0008,P016,13,19.1
2026-06-17,T0008,P017,4,103.46
2026-06-17,T0008,P019,2,32.1
2026-06-17,T0008,P020,1,61.39
2026-06-17,T0009,P001,1,77.79
2026-06-17,T0009,P002,4,71.22
2026-06-17,T0009,P003,4,72.47
2026-06-17,T0009,P004,5,44.88
2026-06-17,T0009,P005,4,53.29
2026-06-17,T0009,P006,3,66.24
2026-06-17,T0009,P007,3,74.43
2026-06-17,T0009,P008,6,12.46
2026-06-17,T0009,P009,4,45.16
2026-06-17,T0009,P010,8,8.92
2026-06-17,T0009,P011,5,54.45
2026-06-17,T0009,P012,3,33.81
2026-06-17,T0009,P013,1,20.71
2026-06-17,T0009,P014,6,17.13
2026-06-17,T0009,P015,1,65.43
2026-06-17,T0009,P016,11,19.1
2026-06-17,T0009,P018,2,53.96
2026-06-17,T0009,P019,3,32.1
2026-06-17,T0009,P020,1,61.39
2026-06-17,T0010,P002,4,71.22
2026-06-17,T0010,P003,6,72.47
2026-06-17,T0010,P004,2,44.88
2026-06-17,T0010,P005,2,53.29
2026-06-17,T0010,P009,1,45.16
2026-06-17,T0010,P010,2,8.92
2026-06-17,T0010,P011,6,54.45
2026-06-17,T0010,P012,1,33.81
2026-06-17,T0010,P014,2,17.13
2026-06-17,T0010,P015,2,65.43
2026-06-17,T0010,P016,2,19.1
2026-06-17,T0010,P017,2,103.46
2026-06-17,T0010,P019,5,32.1
2026-06-17,T0010,P020,1,61.39
2026-06-17,T0011,P004,5,44.88
2026-06-17,T0011,P005,3,53.29
2026-06-17,T0011,P006,3,66.24
2026-06-17,T0011,P008,2,12.46
2026-06-17,T0011,P010,1,8.92
2026-06-17,T0011,P011,2,54.45
2026-06-17,T0011,P012,2,33.81
2026-06-17,T0011,P015,1,65.43
2026-06-17,T0011,P016,2,19.1
2026-06-17,T0011,P019,3,32.1
2026-06-17,T0011,P020,1,61.39
2026-06-17,T0012,P001,1,77.79
2026-06-17,T0012,P002,1,71.22
2026-06-17,T0012,P003,2,72.47
2026-06-17,T0012,P004,2,44.88
2026-06-17,T0012,P005,1,53.29
2026-06-17,T0012,P006,3,66.24
2026-06-17,T0012,P007,1,74.43
2026-06-17,T0012,P009,3,45.16
2026-06-17,T0012,P010,1,8.92
2026-06-17,T0012,P011,2,54.45
2026-06-17,T0012,P012,3,33.81
2026-06-17,T0012,P014,2,17.13
2026-06-17,T0012,P015,1,65.43
2026-06-17,T0012,P016,1,19.1
2026-06-17,T0012,P019,1,32.1
2026-06-17,T0013,P002,1,71.22
2026-06-17,T0013,P004,7,44.88
2026-06-17,T0013,P005,3,53.29
2026-06-17,T0013,P006,2,66.24
2026-06-17,T0013,P007,3,74.43
2026-06-17,T0013,P008,3,12.46
2026-06-17,T0013,P009,1,45.16
2026-06-17,T0013,P010,7,8.92
2026-06-17,T0013,P011,4,54.45
2026-06-17,T0013,P012,2,33.81
2026-06-17,T0013,P015,2,65.43
2026-06-17,T0013,P016,5,19.1
2026-06-17,T0013,P017,1,103.46
2026-06-17,T0013,P018,1,53.96
2026-06-17,T0013,P019,6,32.1
2026-06-17,T0013,P020,1,61.39
2026-06-17,T0014,P002,2,71.22
2026-06-17,T0014,P003,5,72.47
2026-06-17,T0014,P004,3,44.88
2026-06-17,T0014,P005,2,53.29
2026-06-17,T0014,P006,4,66.24
2026-06-17,T0014,P007,2,74.43
2026-06-17,T0014,P008,2,12.46
2026-06-17,T0014,P009,1,45.16
2026-06-17,T0014,P010,3,8.92
2026-06-17,T0014,P011,3,54.45
2026-06-17,T0014,P012,2,33.81
2026-06-17,T0014,P016,2,19.1
2026-06-17,T0014,P017,1,103.46
2026-06-17,T0014,P019,2,32.1
2026-06-17,T0015,P007,74,74.43
2026-06-17,T0015,P020,17,61.39
2026-06-17,T0016,P013,21,20.71
2026-06-17,T0016,P014,97,17.13
2026-06-17,T0016,P018,15,53.96
2026-06-17,T0016,P020,21,61.39
2026-06-17,T0017,P002,3,71.22
2026-06-17,T0017,P004,1,44.88
2026-06-17,T0017,P005,3,53.29
2026-06-17,T0017,P007,3,74.43
2026-06-17,T0017,P008,2,12.46
2026-06-17,T0017,P009,2,45.16
2026-06-17,T0017,P010,1,8.92
2026-06-17,T0017,P011,3,54.45
2026-06-17,T0017,P012,2,33.81
2026-06-17,T0017,P013,1,20.71
2026-06-17,T0017,P015,1,65.43
2026-06-17,T0017,P016,1,19.1
2026-06-17,T0017,P017,1,103.46
2026-06-17,T0018,P002,1,71.22
2026-06-17,T0018,P004,2,44.88
2026-06-17,T0018,P005,1,53.29
2026-06-17,T0018,P006,2,66.24
2026-06-17,T0018,P007,1,74.43
2026-06-17,T0018,P008,2,12.46
2026-06-17,T0018,P009,1,45.16
2026-06-17,T0018,P010,2,8.92
2026-06-17,T0018,P011,3,54.45
2026-06-17,T0018,P012,1,33.81
2026-06-17,T0018,P013,1,20.71
2026-06-17,T0018,P014,1,17.13
2026-06-17,T0018,P016,5,19.1
2026-06-17,T0019,P003,1,72.47
2026-06-17,T0019,P004,4,44.88
2026-06-17,T0019,P005,5,53.29
2026-06-17,T0019,P006,4,66.24
2026-06-17,T0019,P007,1,74.43
2026-06-17,T0019,P010,2,8.92
2026-06-17,T0019,P011,5,54.45
2026-06-17,T0019,P012,1,33.81
2026-06-17,T0019,P013,1,20.71
2026-06-17,T0019,P016,1,19.1
2026-06-17,T0019,P017,2,103.46
2026-06-17,T0019,P019,2,32.1
2026-06-17,T0019,P020,1,61.39
2026-06-17,T0020,P003,1,72.47
2026-06-17,T0020,P004,4,44.88
2026-06-17,T0020,P005,3,53.29
2026-06-17,T0020,P007,1,74.43
2026-06-17,T0020,P008,1,12.46
2026-06-17,T0020,P012,1,33.81
2026-06-17,T0020,P013,1,20.71
2026-06-17,T0020,P014,1,17.13
2026-06-17,T0020,P015,1,65.43
2026-06-17,T0020,P016,1,19.1
2026-06-17,T0020,P017,1,103.46
2026-06-17,T0020,P019,2,32.1
2026-06-17,T0021,P001,1,77.79
2026-06-17,T0021,P004,1,44.88
2026-06-17,T0021,P005,1,53.29
2026-06-17,T0021,P006,2,66.24
2026-06-17,T0021,P007,2,74.43
2026-06-17,T0021,P009,3,45.16
2026-06-17,T0021,P010,3,8.92
2026-06-17,T0021,P012,1,33.81
2026-06-17,T0021,P013,1,20.71
2026-06-17,T0021,P014,2,17.13
2026-06-17,T0021,P016,1,19.1
2026-06-17,T0021,P018,1,53.96
2026-06-17,T0021,P019,2,32.1
2026-06-17,T0021,P020,2,61.39
2026-06-17,T0022,P003,1,72.47
2026-06-17,T0022,P007,2,74.43
2026-06-17,T0022,P009,1,45.16
2026-06-17,T0022,P010,3,8.92
2026-06-17,T0022,P013,1,20.71
2026-06-17,T0022,P015,1,65.43
2026-06-17,T0022,P016,2,19.1
2026-06-17,T0023,P002,1,71.22
2026-06-17,T0023,P005,1,53.29
2026-06-17,T0023,P006,1,66.24
2026-06-17,T0023,P007,2,74.43
2026-06-17,T0023,P014,1,17.13
2026-06-17,T0023,P018,1,53.96
2026-06-17,T0023,P020,1,61.39
2026-06-17,T0024,P002,1,71.22
2026-06-17,T0024,P003,1,72.47
2026-06-17,T0024,P004,4,44.88
2026-06-17,T0024,P005,1,53.29
2026-06-17,T0024,P006,5,66.24
2026-06-17,T0024,P007,1,74.43
2026-06-17,T0024,P008,2,12.46
2026-06-17,T0024,P010,1,8.92
2026-06-17,T0024,P011,2,54.45
2026-06-17,T0024,P014,2,17.13
2026-06-17,T0024,P015,2,65.43
2026-06-17,T0024,P019,1,32.1
2026-06-17,T0024,P020,1,61.39
2026-06-17,T0025,P004,1,44.88
2026-06-17,T0025,P006,1,66.24
2026-06-17,T0025,P008,1,12.46
2026-06-17,T0025,P012,1,33.81
2026-06-17,T0025,P016,1,19.1
2026-06-17,T0025,P019,2,32.1
2026-06-17,T0026,P007,1,74.43
2026-06-17,T0026,P010,1,8.92
2026-06-17,T0026,P014,1,17.13
2026-06-17,T0026,P016,1,19.1
2026-06-17,T0026,P019,2,32.1
2026-06-17,T0027,P002,1,71.22
2026-06-17,T0027,P004,1,44.88
2026-06-17,T0027,P005,1,53.29
2026-06-17,T0027,P006,2,66.24
2026-06-17,T0027,P008,1,12.46
2026-06-17,T0027,P009,1,45.16
2026-06-17,T0027,P010,2,8.92
2026-06-17,T0027,P011,1,54.45
2026-06-17,T0027,P012,1,33.81
2026-06-17,T0027,P014,3,17.13
2026-06-17,T0027,P016,1,19.1
2026-06-17,T0027,P019,2,32.1
2026-06-17,T0027,P020,2,61.39
2026-06-17,T0028,P002,1,71.22
2026-06-17,T0028,P003,2,72.47
2026-06-17,T0028,P004,2,44.88
2026-06-17,T0028,P006,1,66.24
2026-06-17,T0028,P010,3,8.92
2026-06-17,T0028,P011,1,54.45
2026-06-17,T0028,P012,1,33.81
2026-06-17,T0028,P015,1,65.43
2026-06-17,T0028,P018,1,53.96
2026-06-17,T0028,P019,3,32.1
2026-06-17,T0028,P020,1,61.39
2026-06-17,T0029,P002,2,71.22
2026-06-17,T0029,P004,1,44.88
2026-06-17,T0029,P005,1,53.29
2026-06-17,T0029,P006,1,66.24
2026-06-17,T0029,P007,4,74.43
2026-06-17,T0029,P008,1,12.46
2026-06-17,T0029,P010,2,8.92
2026-06-17,T0029,P011,1,54.45
2026-06-17,T0029,P015,1,65.43
2026-06-17,T0029,P016,1,19.1
2026-06-17,T0029,P019,2,32.1
2026-06-17,T0030,P003,1,72.47
2026-06-17,T0030,P004,4,44.88
2026-06-17,T0030,P005,1,53.29
2026-06-17,T0030,P006,3,66.24
2026-06-17,T0030,P007,3,74.43
2026-06-17,T0030,P008,2,12.46
2026-06-17,T0030,P009,1,45.16
2026-06-17,T0030,P010,1,8.92
2026-06-17,T0030,P011,2,54.45
2026-06-17,T0030,P012,3,33.81
2026-06-17,T0030,P014,1,17.13
2026-06-17,T0030,P015,1,65.43
2026-06-17,T0030,P016,2,19.1
2026-06-17,T0030,P018,1,53.96
2026-06-17,T0030,P019,2,32.1
2026-06-17,T0031,P002,3,71.22
2026-06-17,T0031,P003,3,72.47
2026-06-17,T0031,P004,4,44.88
2026-06-17,T0031,P006,4,66.24
2026-06-17,T0031,P007,2,74.43
2026-06-17,T0031,P009,3,45.16
2026-06-17,T0031,P010,1,8.92
2026-06-17,T0031,P011,2,54.45
2026-06-17,T0031,P012,1,33.81
2026-06-17,T0031,P014,2,17.13
2026-06-17,T0031,P016,1,19.1
2026-06-17,T0031,P018,2,53.96
2026-06-17,T0031,P019,3,32.1
2026-06-17,T0032,P002,2,71.22
2026-06-17,T0032,P003,2,72.47
2026-06-17,T0032,P004,6,44.88
2026-06-17,T0032,P005,4,53.29
2026-06-17,T0032,P006,3,66.24
2026-06-17,T0032,P007,2,74.43
2026-06-17,T0032,P008,1,12.46
2026-06-17,T0032,P010,3,8.92
2026-06-17,T0032,P014,3,17.13
2026-06-17,T0032,P015,1,65.43
2026-06-17,T0032,P016,2,19.1
2026-06-17,T0032,P017,1,103.46
2026-06-17,T0032,P019,2,32.1
2026-06-17,T0033,P002,1,71.22
2026-06-17,T0033,P003,3,72.47
2026-06-17,T0033,P006,1,66.24
2026-06-17,T0033,P007,2,74.43
2026-06-17,T0033,P010,1,8.92
2026-06-17,T0033,P011,1,54.45
2026-06-17,T0033,P012,1,33.81
2026-06-17,T0033,P014,1,17.13
2026-06-17,T0034,P002,2,71.22
2026-06-17,T0034,P004,1,44.88
2026-06-17,T0034,P005,1,53.29
2026-06-17,T0034,P006,1,66.24
2026-06-17,T0034,P007,1,74.43
2026-06-17,T0034,P010,2,8.92
2026-06-17,T0034,P012,2,33.81
2026-06-17,T0034,P016,1,19.1
2026-06-17,T0034,P017,1,103.46
2026-06-17,T0034,P019,2,32.1
2026-06-17,T0035,P003,1,72.47
2026-06-17,T0035,P005,1,53.29
2026-06-17,T0035,P006,2,66.24
2026-06-17,T0035,P007,1,74.43
2026-06-17,T0035,P012,1,33.81
2026-06-17,T0035,P017,1,103.46
2026-06-17,T0035,P018,2,53.96
2026-06-17,T0035,P019,2,32.1
2026-06-17,T0036,P004,2,44.88
2026-06-17,T0036,P005,1,53.29
2026-06-17,T0036,P006,1,66.24
2026-06-17,T0036,P008,1,12.46
2026-06-17,T0036,P010,2,8.92
2026-06-17,T0036,P014,1,17.13
2026-06-17,T0036,P020,2,61.39
2026-06-17,T0037,P003,2,72.47
2026-06-17,T0037,P004,1,44.88
2026-06-17,T0037,P005,3,53.29
2026-06-17,T0037,P006,1,66.24
2026-06-17,T0037,P007,2,74.43
2026-06-17,T0037,P008,2,12.46
2026-06-17,T0037,P009,3,45.16
2026-06-17,T0037,P010,1,8.92
2026-06-17,T0037,P011,1,54.45
2026-06-17,T0037,P012,2,33.81
2026-06-17,T0037,P015,1,65.43
2026-06-17,T0037,P016,3,19.1
2026-06-17,T0037,P019,1,32.1
2026-06-17,T0038,P001,1,77.79
2026-06-17,T0038,P003,1,72.47
2026-06-17,T0038,P004,1,44.88
2026-06-17,T0038,P005,1,53.29
2026-06-17,T0038,P006,1,66.24
2026-06-17,T0038,P007,2,74.43
2026-06-17,T0038,P009,1,45.16
2026-06-17,T0038,P011,1,54.45
2026-06-17,T0038,P012,1,33.81
2026-06-17,T0038,P014,3,17.13
2026-06-17,T0038,P015,1,65.43
2026-06-17,T0038,P016,1,19.1
2026-06-17,T0038,P017,1,103.46
2026-06-17,T0039,P002,1,71.22
2026-06-17,T0039,P004,4,44.88
2026-06-17,T0039,P005,2,53.29
2026-06-17,T0039,P006,3,66.24
2026-06-17,T0039,P007,3,74.43
2026-06-17,T0039,P009,1,45.16
2026-06-17,T0039,P010,1,8.92
2026-06-17,T0039,P011,1,54.45
2026-06-17,T0039,P012,2,33.81
2026-06-17,T0039,P013,1,20.71
2026-06-17,T0039,P015,1,65.43
2026-06-17,T0039,P016,5,19.1
2026-06-17,T0039,P017,1,103.46
2026-06-17,T0039,P019,1,32.1
2026-06-17,T0040,P004,5,44.88
2026-06-17,T0040,P005,4,53.29
2026-06-17,T0040,P007,2,74.43
2026-06-17,T0040,P008,2,12.46
2026-06-17,T0040,P009,2,45.16
2026-06-17,T0040,P010,3,8.92
2026-06-17,T0040,P011,2,54.45
2026-06-17,T0040,P013,1,20.71
2026-06-17,T0040,P014,5,17.13
2026-06-17,T0040,P015,1,65.43
2026-06-17,T0040,P016,3,19.1
2026-06-17,T0040,P018,1,53.96
2026-06-17,T0040,P019,3,32.1
2026-06-17,T0040,P020,3,61.39
2026-06-18,T0001,P001,1,77.79
2026-06-18,T0001,P004,5,44.88
2026-06-18,T0001,P005,3,53.29
2026-06-18,T0001,P006,4,66.24
2026-06-18,T0001,P007,2,74.43
2026-06-18,T0001,P008,4,12.46
2026-06-18,T0001,P009,1,45.16
2026-06-18,T0001,P010,1,8.92
2026-06-18,T0001,P011,3,54.45
2026-06-18,T0001,P012,1,33.81
2026-06-18,T0001,P013,1,20.71
2026-06-18,T0001,P015,1,65.43
2026-06-18,T0001,P016,5,19.1
2026-06-18,T0001,P017,2,103.46
2026-06-18,T0001,P019,5,32.1
2026-06-18,T0001,P020,1,61.39
2026-06-18,T0002,P002,5,71.22
2026-06-18,T0002,P003,9,72.47
2026-06-18,T0002,P004,4,44.88
2026-06-18,T0002,P005,2,53.29
2026-06-18,T0002,P006,3,66.24
2026-06-18,T0002,P007,3,74.43
2026-06-18,T0002,P008,3,12.46
2026-06-18,T0002,P009,2,45.16
2026-06-18,T0002,P010,3,8.92
2026-06-18,T0002,P011,8,54.45
2026-06-18,T0002,P012,3,33.81
2026-06-18,T0002,P013,2,20.71
2026-06-18,T0002,P014,2,17.13
2026-06-18,T0002,P015,1,65.43
2026-06-18,T0002,P016,6,19.1
2026-06-18,T0002,P019,5,32.1
2026-06-18,T0002,P020,2,61.39
2026-06-18,T0003,P004,1,44.88
2026-06-18,T0003,P005,2,53.29
2026-06-18,T0003,P008,1,12.46
2026-06-18,T0003,P009,1,45.16
2026-06-18,T0003,P010,2,8.92
2026-06-18,T0003,P011,2,54.45
2026-06-18,T0003,P014,4,17.13
2026-06-18,T0003,P015,2,65.43
2026-06-18,T0003,P016,1,19.1
2026-06-18,T0003,P017,2,103.46
2026-06-18,T0003,P019,1,32.1
2026-06-18,T0003,P020,1,61.39
2026-06-18,T0004,P003,1,72.47
2026-06-18,T0004,P004,3,44.88
2026-06-18,T0004,P005,5,53.29
2026-06-18,T0004,P006,1,66.24
2026-06-18,T0004,P007,3,74.43
2026-06-18,T0004,P008,1,12.46
2026-06-18,T0004,P009,1,45.16
2026-06-18,T0004,P010,4,8.92
2026-06-18,T0004,P011,1,54.45
2026-06-18,T0004,P012,1,33.81
2026-06-18,T0004,P013,1,20.71
2026-06-18,T0004,P014,2,17.13
2026-06-18,T0004,P016,3,19.1
2026-06-18,T0004,P017,1,103.46
2026-06-18,T0004,P018,1,53.96
2026-06-18,T0004,P019,1,32.1
2026-06-18,T0005,P003,3,72.47
2026-06-18,T0005,P008,4,12.46
2026-06-18,T0005,P010,5,8.92
2026-06-18,T0005,P011,1,54.45
2026-06-18,T0005,P012,1,33.81
2026-06-18,T0005,P015,1,65.43
2026-06-18,T0005,P016,3,19.1
2026-06-18,T0005,P017,1,103.46
2026-06-18,T0005,P019,4,32.1
2026-06-18,T0005,P020,2,61.39
2026-06-18,T0006,P001,1,77.79
2026-06-18,T0006,P002,6,71.22
2026-06-18,T0006,P003,2,72.47
2026-06-18,T0006,P004,10,44.88
2026-06-18,T0006,P005,8,53.29
2026-06-18,T0006,P006,9,66.24
2026-06-18,T0006,P007,14,74.43
2026-06-18,T0006,P008,5,12.46
2026-06-18,T0006,P009,2,45.16
2026-06-18,T0006,P010,8,8.92
2026-06-18,T0006,P011,7,54.45
2026-06-18,T0006,P012,3,33.81
2026-06-18,T0006,P013,1,20.71
2026-06-18,T0006,P014,7,17.13
2026-06-18,T0006,P015,5,65.43
2026-06-18,T0006,P016,4,19.1
2026-06-18,T0006,P017,3,103.46
2026-06-18,T0006,P018,3,53.96
2026-06-18,T0006,P019,4,32.1
2026-06-18,T0006,P020,2,61.39
2026-06-18,T0007,P001,1,77.79
2026-06-18,T0007,P004,6,44.88
2026-06-18,T0007,P005,5,53.29
2026-06-18,T0007,P006,4,66.24
2026-06-18,T0007,P007,2,74.43
2026-06-18,T0007,P008,2,12.46
2026-06-18,T0007,P009,1,45.16
2026-06-18,T0007,P010,3,8.92
2026-06-18,T0007,P011,7,54.45
2026-06-18,T0007,P012,2,33.81
2026-06-18,T0007,P014,6,17.13
2026-06-18,T0007,P015,1,65.43
2026-06-18,T0007,P016,3,19.1
2026-06-18,T0007,P017,3,103.46
2026-06-18,T0007,P018,2,53.96
2026-06-18,T0007,P019,5,32.1
2026-06-18,T0008,P001,1,77.79
2026-06-18,T0008,P002,4,71.22
2026-06-18,T0008,P004,3,44.88
2026-06-18,T0008,P006,4,66.24
2026-06-18,T0008,P007,8,74.43
2026-06-18,T0008,P008,9,12.46
2026-06-18,T0008,P009,5,45.16
2026-06-18,T0008,P010,6,8.92
2026-06-18,T0008,P011,9,54.45
2026-06-18,T0008,P012,5,33.81
2026-06-18,T0008,P013,1,20.71
2026-06-18,T0008,P014,4,17.13
2026-06-18,T0008,P015,6,65.43
2026-06-18,T0008,P016,8,19.1
2026-06-18,T0008,P017,4,103.46
2026-06-18,T0008,P018,2,53.96
2026-06-18,T0008,P019,14,32.1
2026-06-18,T0009,P002,4,71.22
2026-06-18,T0009,P003,6,72.47
2026-06-18,T0009,P004,3,44.88
2026-06-18,T0009,P005,2,53.29
2026-06-18,T0009,P006,4,66.24
2026-06-18,T0009,P007,3,74.43
2026-06-18,T0009,P008,8,12.46
2026-06-18,T0009,P009,4,45.16
2026-06-18,T0009,P010,4,8.92
2026-06-18,T0009,P011,4,54.45
2026-06-18,T0009,P012,3,33.81
2026-06-18,T0009,P013,4,20.71
2026-06-18,T0009,P014,3,17.13
2026-06-18,T0009,P016,5,19.1
2026-06-18,T0009,P017,3,103.46
2026-06-18,T0009,P018,1,53.96
2026-06-18,T0009,P019,5,32.1
2026-06-18,T0009,P020,1,61.39
2026-06-18,T0010,P002,1,71.22
2026-06-18,T0010,P003,2,72.47
2026-06-18,T0010,P004,3,44.88
2026-06-18,T0010,P005,2,53.29
2026-06-18,T0010,P006,2,66.24
2026-06-18,T0010,P007,1,74.43
2026-06-18,T0010,P009,1,45.16
2026-06-18,T0010,P010,3,8.92
2026-06-18,T0010,P011,4,54.45
2026-06-18,T0010,P012,5,33.81
2026-06-18,T0010,P014,4,17.13
2026-06-18,T0010,P015,2,65.43
2026-06-18,T0010,P016,4,19.1
2026-06-18,T0010,P017,4,103.46
2026-06-18,T0010,P019,3,32.1
2026-06-18,T0011,P002,1,71.22
2026-06-18,T0011,P004,3,44.88
2026-06-18,T0011,P005,1,53.29
2026-06-18,T0011,P006,2,66.24
2026-06-18,T0011,P007,6,74.43
2026-06-18,T0011,P008,1,12.46
2026-06-18,T0011,P009,2,45.16
2026-06-18,T0011,P010,1,8.92
2026-06-18,T0011,P011,1,54.45
2026-06-18,T0011,P012,1,33.81
2026-06-18,T0011,P014,3,17.13
2026-06-18,T0011,P016,1,19.1
2026-06-18,T0011,P017,1,103.46
2026-06-18,T0011,P018,1,53.96
2026-06-18,T0011,P019,4,32.1
2026-06-18,T0012,P002,2,71.22
2026-06-18,T0012,P003,4,72.47
2026-06-18,T0012,P004,4,44.88
2026-06-18,T0012,P005,3,53.29
2026-06-18,T0012,P006,3,66.24
2026-06-18,T0012,P007,2,74.43
2026-06-18,T0012,P008,3,12.46
2026-06-18,T0012,P009,2,45.16
2026-06-18,T0012,P010,2,8.92
2026-06-18,T0012,P011,2,54.45
2026-06-18,T0012,P012,1,33.81
2026-06-18,T0012,P013,2,20.71
2026-06-18,T0012,P014,4,17.13
2026-06-18,T0012,P015,1,65.43
2026-06-18,T0012,P016,4,19.1
2026-06-18,T0012,P017,1,103.46
2026-06-18,T0013,P002,2,71.22
2026-06-18,T0013,P004,2,44.88
2026-06-18,T0013,P005,5,53.29
2026-06-18,T0013,P006,10,66.24
2026-06-18,T0013,P007,2,74.43
2026-06-18,T0013,P008,4,12.46
2026-06-18,T0013,P009,2,45.16
2026-06-18,T0013,P010,5,8.92
2026-06-18,T0013,P011,2,54.45
2026-06-18,T0013,P012,1,33.81
2026-06-18,T0013,P014,3,17.13
2026-06-18,T0013,P016,3,19.1
2026-06-18,T0013,P017,3,103.46
2026-06-18,T0013,P019,3,32.1
2026-06-18,T0013,P020,2,61.39
2026-06-18,T0014,P001,1,77.79
2026-06-18,T0014,P002,3,71.22
2026-06-18,T0014,P003,3,72.47
2026-06-18,T0014,P004,2,44.88
2026-06-18,T0014,P005,3,53.29
2026-06-18,T0014,P006,2,66.24
2026-06-18,T0014,P007,4,74.43
2026-06-18,T0014,P008,2,12.46
2026-06-18,T0014,P009,2,45.16
2026-06-18,T0014,P010,2,8.92
2026-06-18,T0014,P011,6,54.45
2026-06-18,T0014,P012,1,33.81
2026-06-18,T0014,P014,2,17.13
2026-06-18,T0014,P016,4,19.1
2026-06-18,T0014,P018,2,53.96
2026-06-18,T0014,P019,1,32.1
2026-06-18,T0014,P020,1,61.39
2026-06-18,T0015,P007,74,74.43
2026-06-18,T0015,P012,24,33.81
2026-06-18,T0015,P013,13,20.71
2026-06-18,T0015,P020,15,61.39
2026-06-18,T0016,P006,110,66.24
2026-06-18,T0017,P002,3,71.22
2026-06-18,T0017,P005,1,53.29
2026-06-18,T0017,P006,1,66.24
2026-06-18,T0017,P007,2,74.43
2026-06-18,T0017,P010,2,8.92
2026-06-18,T0017,P012,1,33.81
2026-06-18,T0017,P014,4,17.13
2026-06-18,T0017,P016,1,19.1
2026-06-18,T0017,P017,2,103.46
2026-06-18,T0017,P018,1,53.96
2026-06-18,T0017,P019,1,32.1
2026-06-18,T0018,P004,2,44.88
2026-06-18,T0018,P005,2,53.29
2026-06-18,T0018,P006,1,66.24
2026-06-18,T0018,P007,1,74.43
2026-06-18,T0018,P011,3,54.45
2026-06-18,T0018,P014,1,17.13
2026-06-18,T0018,P015,1,65.43
2026-06-18,T0018,P019,2,32.1
2026-06-18,T0019,P002,2,71.22
2026-06-18,T0019,P003,1,72.47
2026-06-18,T0019,P004,2,44.88
2026-06-18,T0019,P005,4,53.29
2026-06-18,T0019,P006,2,66.24
2026-06-18,T0019,P007,1,74.43
2026-06-18,T0019,P008,1,12.46
2026-06-18,T0019,P009,1,45.16
2026-06-18,T0019,P011,3,54.45
2026-06-18,T0019,P013,1,20.71
2026-06-18,T0019,P014,3,17.13
2026-06-18,T0019,P015,3,65.43
2026-06-18,T0019,P016,2,19.1
2026-06-18,T0019,P017,1,103.46
2026-06-18,T0019,P019,1,32.1
2026-06-18,T0019,P020,1,61.39
2026-06-18,T0020,P002,1,71.22
2026-06-18,T0020,P004,3,44.88
2026-06-18,T0020,P005,3,53.29
2026-06-18,T0020,P006,2,66.24
2026-06-18,T0020,P007,1,74.43
2026-06-18,T0020,P008,2,12.46
2026-06-18,T0020,P012,1,33.81
2026-06-18,T0020,P014,1,17.13
2026-06-18,T0020,P016,4,19.1
2026-06-18,T0020,P017,1,103.46
2026-06-18,T0020,P019,1,32.1
2026-06-18,T0021,P004,2,44.88
2026-06-18,T0021,P005,1,53.29
2026-06-18,T0021,P006,3,66.24
2026-06-18,T0021,P007,5,74.43
2026-06-18,T0021,P008,1,12.46
2026-06-18,T0021,P009,1,45.16
2026-06-18,T0021,P010,2,8.92
2026-06-18,T0021,P014,3,17.13
2026-06-18,T0021,P018,1,53.96
2026-06-18,T0021,P019,2,32.1
2026-06-18,T0022,P002,1,71.22
2026-06-18,T0022,P003,1,72.47
2026-06-18,T0022,P004,2,44.88
2026-06-18,T0022,P006,1,66.24
2026-06-18,T0022,P007,1,74.43
2026-06-18,T0022,P010,1,8.92
2026-06-18,T0022,P011,2,54.45
2026-06-18,T0022,P016,1,19.1
2026-06-18,T0022,P017,1,103.46
2026-06-18,T0023,P004,1,44.88
2026-06-18,T0023,P007,1,74.43
2026-06-18,T0023,P010,1,8.92
2026-06-18,T0023,P011,1,54.45
2026-06-18,T0023,P014,3,17.13
2026-06-18,T0023,P015,1,65.43
2026-06-18,T0024,P002,1,71.22
2026-06-18,T0024,P003,2,72.47
2026-06-18,T0024,P004,1,44.88
2026-06-18,T0024,P005,3,53.29
2026-06-18,T0024,P006,2,66.24
2026-06-18,T0024,P007,1,74.43
2026-06-18,T0024,P008,1,12.46
2026-06-18,T0024,P009,1,45.16
2026-06-18,T0024,P011,3,54.45
2026-06-18,T0024,P012,1,33.81
2026-06-18,T0024,P014,2,17.13
2026-06-18,T0024,P015,2,65.43
2026-06-18,T0024,P019,1,32.1
2026-06-18,T0025,P002,1,71.22
2026-06-18,T0025,P003,2,72.47
2026-06-18,T0025,P005,1,53.29
2026-06-18,T0025,P007,1,74.43
2026-06-18,T0025,P010,2,8.92
2026-06-18,T0025,P012,1,33.81
2026-06-18,T0025,P016,1,19.1
2026-06-18,T0025,P019,1,32.1
2026-06-18,T0026,P006,1,66.24
2026-06-18,T0026,P009,1,45.16
2026-06-18,T0026,P011,1,54.45
2026-06-18,T0026,P016,1,19.1
2026-06-18,T0026,P019,1,32.1
2026-06-18,T0027,P001,1,77.79
2026-06-18,T0027,P002,1,71.22
2026-06-18,T0027,P004,1,44.88
2026-06-18,T0027,P005,3,53.29
2026-06-18,T0027,P006,3,66.24
2026-06-18,T0027,P007,1,74.43
2026-06-18,T0027,P008,1,12.46
2026-06-18,T0027,P010,1,8.92
2026-06-18,T0027,P011,2,54.45
2026-06-18,T0027,P013,1,20.71
2026-06-18,T0027,P016,1,19.1
2026-06-18,T0027,P017,1,103.46
2026-06-18,T0027,P019,2,32.1
2026-06-18,T0028,P003,2,72.47
2026-06-18,T0028,P004,5,44.88
2026-06-18,T0028,P005,1,53.29
2026-06-18,T0028,P006,3,66.24
2026-06-18,T0028,P007,1,74.43
2026-06-18,T0028,P008,1,12.46
2026-06-18,T0028,P011,1,54.45
2026-06-18,T0028,P012,2,33.81
2026-06-18,T0028,P013,1,20.71
2026-06-18,T0028,P014,2,17.13
2026-06-18,T0028,P015,2,65.43
2026-06-18,T0028,P016,3,19.1
2026-06-18,T0028,P018,2,53.96
2026-06-18,T0028,P019,1,32.1
2026-06-18,T0029,P002,1,71.22
2026-06-18,T0029,P004,1,44.88
2026-06-18,T0029,P006,2,66.24
2026-06-18,T0029,P007,1,74.43
2026-06-18,T0029,P008,1,12.46
2026-06-18,T0029,P009,1,45.16
2026-06-18,T0029,P010,2,8.92
2026-06-18,T0029,P011,1,54.45
2026-06-18,T0029,P016,1,19.1
2026-06-18,T0030,P001,1,77.79
2026-06-18,T0030,P002,4,71.22
2026-06-18,T0030,P004,3,44.88
2026-06-18,T0030,P005,4,53.29
2026-06-18,T0030,P006,4,66.24
2026-06-18,T0030,P007,4,74.43
2026-06-18,T0030,P008,3,12.46
2026-06-18,T0030,P009,1,45.16
2026-06-18,T0030,P010,4,8.92
2026-06-18,T0030,P012,2,33.81
2026-06-18,T0030,P014,2,17.13
2026-06-18,T0030,P015,1,65.43
2026-06-18,T0030,P016,2,19.1
2026-06-18,T0030,P017,2,103.46
2026-06-18,T0030,P019,2,32.1
2026-06-18,T0031,P001,1,77.79
2026-06-18,T0031,P003,2,72.47
2026-06-18,T0031,P004,1,44.88
2026-06-18,T0031,P006,3,66.24
2026-06-18,T0031,P007,6,74.43
2026-06-18,T0031,P008,2,12.46
2026-06-18,T0031,P010,1,8.92
2026-06-18,T0031,P011,1,54.45
2026-06-18,T0031,P012,1,33.81
2026-06-18,T0031,P015,2,65.43
2026-06-18,T0031,P016,2,19.1
2026-06-18,T0031,P019,2,32.1
2026-06-18,T0031,P020,2,61.39
2026-06-18,T0032,P002,2,71.22
2026-06-18,T0032,P003,1,72.47
2026-06-18,T0032,P004,1,44.88
2026-06-18,T0032,P005,1,53.29
2026-06-18,T0032,P008,1,12.46
2026-06-18,T0032,P010,1,8.92
2026-06-18,T0032,P011,1,54.45
2026-06-18,T0032,P012,1,33.81
2026-06-18,T0032,P014,1,17.13
2026-06-18,T0032,P015,1,65.43
2026-06-18,T0032,P016,2,19.1
2026-06-18,T0032,P019,1,32.1
2026-06-18,T0033,P003,1,72.47
2026-06-18,T0033,P004,2,44.88
2026-06-18,T0033,P007,1,74.43
2026-06-18,T0033,P008,1,12.46
2026-06-18,T0033,P010,1,8.92
2026-06-18,T0033,P015,1,65.43
2026-06-18,T0033,P016,3,19.1
2026-06-18,T0033,P019,1,32.1
2026-06-18,T0034,P004,3,44.88
2026-06-18,T0034,P005,2,53.29
2026-06-18,T0034,P006,1,66.24
2026-06-18,T0034,P007,1,74.43
2026-06-18,T0034,P008,1,12.46
2026-06-18,T0034,P009,1,45.16
2026-06-18,T0034,P010,1,8.92
2026-06-18,T0034,P014,1,17.13
2026-06-18,T0034,P016,3,19.1
2026-06-18,T0034,P019,3,32.1
2026-06-18,T0034,P020,1,61.39
2026-06-18,T0035,P001,1,77.79
2026-06-18,T0035,P003,1,72.47
2026-06-18,T0035,P006,1,66.24
2026-06-18,T0035,P008,1,12.46
2026-06-18,T0035,P010,2,8.92
2026-06-18,T0035,P015,1,65.43
2026-06-18,T0035,P017,1,103.46
2026-06-18,T0035,P019,1,32.1
2026-06-18,T0036,P002,1,71.22
2026-06-18,T0036,P003,1,72.47
2026-06-18,T0036,P006,2,66.24
2026-06-18,T0036,P007,1,74.43
2026-06-18,T0036,P010,1,8.92
2026-06-18,T0036,P014,2,17.13
2026-06-18,T0036,P016,1,19.1
2026-06-18,T0037,P001,1,77.79
2026-06-18,T0037,P003,2,72.47
2026-06-18,T0037,P004,4,44.88
2026-06-18,T0037,P006,3,66.24
2026-06-18,T0037,P007,1,74.43
2026-06-18,T0037,P008,1,12.46
2026-06-18,T0037,P009,1,45.16
2026-06-18,T0037,P010,1,8.92
2026-06-18,T0037,P014,6,17.13
2026-06-18,T0038,P003,2,72.47
2026-06-18,T0038,P004,2,44.88
2026-06-18,T0038,P006,2,66.24
2026-06-18,T0038,P007,3,74.43
2026-06-18,T0038,P008,1,12.46
2026-06-18,T0038,P011,1,54.45
2026-06-18,T0038,P014,2,17.13
2026-06-18,T0038,P016,1,19.1
2026-06-18,T0038,P019,2,32.1
2026-06-18,T0039,P002,3,71.22
2026-06-18,T0039,P003,2,72.47
2026-06-18,T0039,P004,5,44.88
2026-06-18,T0039,P006,2,66.24
2026-06-18,T0039,P007,2,74.43
2026-06-18,T0039,P008,1,12.46
2026-06-18,T0039,P010,3,8.92
2026-06-18,T0039,P014,4,17.13
2026-06-18,T0039,P016,4,19.1
2026-06-18,T0039,P018,1,53.96
2026-06-18,T0039,P019,2,32.1
2026-06-18,T0040,P001,1,77.79
2026-06-18,T0040,P002,2,71.22
2026-06-18,T0040,P004,2,44.88
2026-06-18,T0040,P005,4,53.29
2026-06-18,T0040,P006,4,66.24
2026-06-18,T0040,P008,1,12.46
2026-06-18,T0040,P011,2,54.45
2026-06-18,T0040,P012,3,33.81
2026-06-18,T0040,P014,3,17.13
2026-06-18,T0040,P016,1,19.1
2026-06-18,T0040,P017,1,103.46
2026-06-18,T0040,P019,2,32.1
2026-06-19,T0001,P001,2,77.79
2026-06-19,T0001,P002,2,71.22
2026-06-19,T0001,P004,3,44.88
2026-06-19,T0001,P005,1,53.29
2026-06-19,T0001,P007,6,74.43
2026-06-19,T0001,P008,3,12.46
2026-06-19,T0001,P010,6,8.92
2026-06-19,T0001,P011,4,54.45
2026-06-19,T0001,P012,1,33.81
2026-06-19,T0001,P014,1,17.13
2026-06-19,T0001,P015,4,65.43
2026-06-19,T0001,P016,2,19.1
2026-06-19,T0001,P017,1,103.46
2026-06-19,T0001,P019,5,32.1
2026-06-19,T0002,P001,1,77.79
2026-06-19,T0002,P002,4,71.22
2026-06-19,T0002,P004,7,44.88
2026-06-19,T0002,P005,4,53.29
2026-06-19,T0002,P006,8,66.24
2026-06-19,T0002,P007,7,74.43
2026-06-19,T0002,P008,5,12.46
2026-06-19,T0002,P010,10,8.92
2026-06-19,T0002,P011,4,54.45
2026-06-19,T0002,P012,4,33.81
2026-06-19,T0002,P014,6,17.13
2026-06-19,T0002,P015,1,65.43
2026-06-19,T0002,P016,3,19.1
2026-06-19,T0002,P017,1,103.46
2026-06-19,T0002,P018,1,53.96
2026-06-19,T0002,P019,6,32.1
2026-06-19,T0002,P020,3,61.39
2026-06-19,T0003,P001,2,77.79
2026-06-19,T0003,P004,5,44.88
2026-06-19,T0003,P005,2,53.29
2026-06-19,T0003,P006,4,66.24
2026-06-19,T0003,P008,4,12.46
2026-06-19,T0003,P009,1,45.16
2026-06-19,T0003,P011,5,54.45
2026-06-19,T0003,P013,1,20.71
2026-06-19,T0003,P014,3,17.13
2026-06-19,T0003,P015,1,65.43
2026-06-19,T0003,P016,1,19.1
2026-06-19,T0003,P017,1,103.46
2026-06-19,T0003,P018,1,53.96
2026-06-19,T0003,P019,5,32.1
2026-06-19,T0003,P020,1,61.39
2026-06-19,T0004,P002,3,71.22
2026-06-19,T0004,P003,4,72.47
2026-06-19,T0004,P004,1,44.88
2026-06-19,T0004,P005,3,53.29
2026-06-19,T0004,P006,6,66.24
2026-06-19,T0004,P007,5,74.43
2026-06-19,T0004,P008,1,12.46
2026-06-19,T0004,P009,3,45.16
2026-06-19,T0004,P010,7,8.92
2026-06-19,T0004,P011,1,54.45
2026-06-19,T0004,P012,2,33.81
2026-06-19,T0004,P014,6,17.13
2026-06-19,T0004,P015,1,65.43
2026-06-19,T0004,P016,4,19.1
2026-06-19,T0004,P017,1,103.46
2026-06-19,T0004,P019,5,32.1
2026-06-19,T0004,P020,2,61.39
2026-06-19,T0005,P001,1,77.79
2026-06-19,T0005,P002,4,71.22
2026-06-19,T0005,P003,2,72.47
2026-06-19,T0005,P005,3,53.29
2026-06-19,T0005,P006,4,66.24
2026-06-19,T0005,P007,3,74.43
2026-06-19,T0005,P008,2,12.46
2026-06-19,T0005,P010,2,8.92
2026-06-19,T0005,P011,5,54.45
2026-06-19,T0005,P012,1,33.81
2026-06-19,T0005,P013,2,20.71
2026-06-19,T0005,P015,2,65.43
2026-06-19,T0005,P016,3,19.1
2026-06-19,T0005,P018,1,53.96
2026-06-19,T0005,P019,4,32.1
2026-06-19,T0006,P001,5,77.79
2026-06-19,T0006,P002,4,71.22
2026-06-19,T0006,P003,15,72.47
2026-06-19,T0006,P004,14,44.88
2026-06-19,T0006,P005,8,53.29
2026-06-19,T0006,P006,10,66.24
2026-06-19,T0006,P007,16,74.43
2026-06-19,T0006,P008,3,12.46
2026-06-19,T0006,P009,2,45.16
2026-06-19,T0006,P011,9,54.45
2026-06-19,T0006,P012,6,33.81
2026-06-19,T0006,P014,13,17.13
2026-06-19,T0006,P015,4,65.43
2026-06-19,T0006,P016,7,19.1
2026-06-19,T0006,P017,2,103.46
2026-06-19,T0006,P018,4,53.96
2026-06-19,T0006,P019,13,32.1
2026-06-19,T0006,P020,2,61.39
2026-06-19,T0007,P001,1,77.79
2026-06-19,T0007,P004,9,44.88
2026-06-19,T0007,P005,1,53.29
2026-06-19,T0007,P006,6,66.24
2026-06-19,T0007,P007,8,74.43
2026-06-19,T0007,P008,6,12.46
2026-06-19,T0007,P009,1,45.16
2026-06-19,T0007,P010,6,8.92
2026-06-19,T0007,P011,7,54.45
2026-06-19,T0007,P013,1,20.71
2026-06-19,T0007,P014,3,17.13
2026-06-19,T0007,P015,1,65.43
2026-06-19,T0007,P017,2,103.46
2026-06-19,T0007,P019,6,32.1
2026-06-19,T0008,P002,11,71.22
2026-06-19,T0008,P006,7,66.24
2026-06-19,T0008,P007,11,74.43
2026-06-19,T0008,P008,4,12.46
2026-06-19,T0008,P009,3,45.16
2026-06-19,T0008,P010,13,8.92
2026-06-19,T0008,P011,7,54.45
2026-06-19,T0008,P012,5,33.81
2026-06-19,T0008,P013,2,20.71
2026-06-19,T0008,P014,9,17.13
2026-06-19,T0008,P015,3,65.43
2026-06-19,T0008,P016,10,19.1
2026-06-19,T0008,P017,4,103.46
2026-06-19,T0008,P018,1,53.96
2026-06-19,T0008,P020,1,61.39
2026-06-19,T0009,P001,1,77.79
2026-06-19,T0009,P002,6,71.22
2026-06-19,T0009,P003,9,72.47
2026-06-19,T0009,P004,9,44.88
2026-06-19,T0009,P005,6,53.29
2026-06-19,T0009,P006,8,66.24
2026-06-19,T0009,P007,8,74.43
2026-06-19,T0009,P008,6,12.46
2026-06-19,T0009,P009,4,45.16
2026-06-19,T0009,P010,9,8.92
2026-06-19,T0009,P011,5,54.45
2026-06-19,T0009,P012,4,33.81
2026-06-19,T0009,P013,1,20.71
2026-06-19,T0009,P016,7,19.1
2026-06-19,T0009,P017,1,103.46
2026-06-19,T0009,P018,1,53.96
2026-06-19,T0009,P019,5,32.1
2026-06-19,T0009,P020,2,61.39
2026-06-19,T0010,P002,4,71.22
2026-06-19,T0010,P003,5,72.47
2026-06-19,T0010,P004,3,44.88
2026-06-19,T0010,P005,7,53.29
2026-06-19,T0010,P006,7,66.24
2026-06-19,T0010,P007,6,74.43
2026-06-19,T0010,P009,3,45.16
2026-06-19,T0010,P010,7,8.92
2026-06-19,T0010,P011,5,54.45
2026-06-19,T0010,P012,2,33.81
2026-06-19,T0010,P014,3,17.13
2026-06-19,T0010,P015,2,65.43
2026-06-19,T0010,P016,6,19.1
2026-06-19,T0010,P017,1,103.46
2026-06-19,T0010,P018,2,53.96
2026-06-19,T0010,P019,7,32.1
2026-06-19,T0010,P020,1,61.39
2026-06-19,T0011,P002,2,71.22
2026-06-19,T0011,P004,3,44.88
2026-06-19,T0011,P005,2,53.29
2026-06-19,T0011,P007,1,74.43
2026-06-19,T0011,P008,2,12.46
2026-06-19,T0011,P009,1,45.16
2026-06-19,T0011,P010,5,8.92
2026-06-19,T0011,P011,2,54.45
2026-06-19,T0011,P012,1,33.81
2026-06-19,T0011,P013,1,20.71
2026-06-19,T0011,P014,1,17.13
2026-06-19,T0011,P016,5,19.1
2026-06-19,T0011,P019,3,32.1
2026-06-19,T0012,P002,1,71.22
2026-06-19,T0012,P003,5,72.47
2026-06-19,T0012,P004,2,44.88
2026-06-19,T0012,P005,7,53.29
2026-06-19,T0012,P006,6,66.24
2026-06-19,T0012,P007,4,74.43
2026-06-19,T0012,P008,2,12.46
2026-06-19,T0012,P010,3,8.92
2026-06-19,T0012,P011,1,54.45
2026-06-19,T0012,P012,2,33.81
2026-06-19,T0012,P013,1,20.71
2026-06-19,T0012,P014,1,17.13
2026-06-19,T0012,P015,1,65.43
2026-06-19,T0012,P016,6,19.1
2026-06-19,T0012,P017,1,103.46
2026-06-19,T0012,P018,1,53.96
2026-06-19,T0012,P020,1,61.39
2026-06-19,T0013,P002,3,71.22
2026-06-19,T0013,P005,5,53.29
2026-06-19,T0013,P006,3,66.24
2026-06-19,T0013,P007,1,74.43
2026-06-19,T0013,P008,2,12.46
2026-06-19,T0013,P009,3,45.16
2026-06-19,T0013,P010,4,8.92
2026-06-19,T0013,P011,4,54.45
2026-06-19,T0013,P012,2,33.81
2026-06-19,T0013,P014,3,17.13
2026-06-19,T0013,P016,3,19.1
2026-06-19,T0013,P017,3,103.46
2026-06-19,T0013,P018,1,53.96
2026-06-19,T0013,P019,3,32.1
2026-06-19,T0014,P002,1,71.22
2026-06-19,T0014,P003,7,72.47
2026-06-19,T0014,P004,4,44.88
2026-06-19,T0014,P005,2,53.29
2026-06-19,T0014,P007,3,74.43
2026-06-19,T0014,P008,1,12.46
2026-06-19,T0014,P009,2,45.16
2026-06-19,T0014,P010,4,8.92
2026-06-19,T0014,P011,5,54.45
2026-06-19,T0014,P012,1,33.81
2026-06-19,T0014,P013,1,20.71
2026-06-19,T0014,P014,3,17.13
2026-06-19,T0014,P015,5,65.43
2026-06-19,T0014,P016,4,19.1
2026-06-19,T0014,P017,2,103.46
2026-06-19,T0014,P018,1,53.96
2026-06-19,T0014,P019,5,32.1
2026-06-19,T0015,P004,89,44.88
2026-06-19,T0015,P006,91,66.24
2026-06-19,T0015,P009,31,45.16
2026-06-19,T0015,P018,22,53.96
2026-06-19,T0016,P002,70,71.22
2026-06-19,T0016,P003,192,72.47
2026-06-19,T0016,P004,182,44.88
2026-06-19,T0016,P008,78,12.46
2026-06-19,T0016,P020,42,61.39
2026-06-19,T0017,P002,5,71.22
2026-06-19,T0017,P004,7,44.88
2026-06-19,T0017,P005,6,53.29
2026-06-19,T0017,P006,5,66.24
2026-06-19,T0017,P007,4,74.43
2026-06-19,T0017,P008,1,12.46
2026-06-19,T0017,P010,2,8.92
2026-06-19,T0017,P011,1,54.45
2026-06-19,T0017,P012,1,33.81
2026-06-19,T0017,P014,3,17.13
2026-06-19,T0017,P016,3,19.1
2026-06-19,T0017,P017,1,103.46
2026-06-19,T0017,P019,5,32.1
2026-06-19,T0018,P002,2,71.22
2026-06-19,T0018,P003,2,72.47
2026-06-19,T0018,P004,4,44.88
2026-06-19,T0018,P006,1,66.24
2026-06-19,T0018,P007,2,74.43
2026-06-19,T0018,P008,1,12.46
2026-06-19,T0018,P010,1,8.92
2026-06-19,T0018,P011,2,54.45
2026-06-19,T0018,P012,1,33.81
2026-06-19,T0018,P014,3,17.13
2026-06-19,T0018,P015,1,65.43
2026-06-19,T0018,P017,2,103.46
2026-06-19,T0018,P019,1,32.1
2026-06-19,T0018,P020,1,61.39
2026-06-19,T0019,P002,1,71.22
2026-06-19,T0019,P003,2,72.47
2026-06-19,T0019,P004,4,44.88
2026-06-19,T0019,P005,3,53.29
2026-06-19,T0019,P006,5,66.24
2026-06-19,T0019,P007,2,74.43
2026-06-19,T0019,P008,2,12.46
2026-06-19,T0019,P012,5,33.81
2026-06-19,T0019,P013,1,20.71
2026-06-19,T0019,P014,5,17.13
2026-06-19,T0019,P015,1,65.43
2026-06-19,T0019,P017,1,103.46
2026-06-19,T0019,P018,2,53.96
2026-06-19,T0019,P019,3,32.1
2026-06-19,T0019,P020,4,61.39
2026-06-19,T0020,P002,1,71.22
2026-06-19,T0020,P006,2,66.24
2026-06-19,T0020,P007,2,74.43
2026-06-19,T0020,P008,1,12.46
2026-06-19,T0020,P009,1,45.16
2026-06-19,T0020,P010,2,8.92
2026-06-19,T0020,P014,1,17.13
2026-06-19,T0020,P016,1,19.1
2026-06-19,T0021,P001,1,77.79
2026-06-19,T0021,P004,3,44.88
2026-06-19,T0021,P005,1,53.29
2026-06-19,T0021,P006,2,66.24
2026-06-19,T0021,P007,2,74.43
2026-06-19,T0021,P009,1,45.16
2026-06-19,T0021,P010,4,8.92
2026-06-19,T0021,P012,1,33.81
2026-06-19,T0021,P014,2,17.13
2026-06-19,T0021,P015,1,65.43
2026-06-19,T0021,P016,2,19.1
2026-06-19,T0021,P019,3,32.1
2026-06-19,T0021,P020,1,61.39
2026-06-19,T0022,P002,1,71.22
2026-06-19,T0022,P004,2,44.88
2026-06-19,T0022,P005,3,53.29
2026-06-19,T0022,P008,2,12.46
2026-06-19,T0022,P014,3,17.13
2026-06-19,T0022,P016,1,19.1
2026-06-19,T0022,P017,1,103.46
2026-06-19,T0022,P019,3,32.1
2026-06-19,T0023,P007,2,74.43
2026-06-19,T0023,P009,1,45.16
2026-06-19,T0023,P010,2,8.92
2026-06-19,T0023,P013,1,20.71
2026-06-19,T0023,P014,1,17.13
2026-06-19,T0023,P016,2,19.1
2026-06-19,T0023,P020,1,61.39
2026-06-19,T0024,P003,2,72.47
2026-06-19,T0024,P004,2,44.88
2026-06-19,T0024,P005,3,53.29
2026-06-19,T0024,P006,3,66.24
2026-06-19,T0024,P007,3,74.43
2026-06-19,T0024,P010,1,8.92
2026-06-19,T0024,P011,2,54.45
2026-06-19,T0024,P012,2,33.81
2026-06-19,T0024,P014,1,17.13
2026-06-19,T0024,P015,1,65.43
2026-06-19,T0024,P016,1,19.1
2026-06-19,T0024,P019,1,32.1
2026-06-19,T0025,P006,3,66.24
2026-06-19,T0025,P008,1,12.46
2026-06-19,T0025,P009,2,45.16
2026-06-19,T0025,P010,1,8.92
2026-06-19,T0025,P015,1,65.43
2026-06-19,T0026,P002,1,71.22
2026-06-19,T0026,P004,2,44.88
2026-06-19,T0026,P008,1,12.46
2026-06-19,T0026,P011,1,54.45
2026-06-19,T0026,P012,1,33.81
2026-06-19,T0026,P016,1,19.1
2026-06-19,T0027,P001,1,77.79
2026-06-19,T0027,P003,1,72.47
2026-06-19,T0027,P004,2,44.88
2026-06-19,T0027,P005,1,53.29
2026-06-19,T0027,P007,2,74.43
2026-06-19,T0027,P008,3,12.46
2026-06-19,T0027,P009,1,45.16
2026-06-19,T0027,P010,2,8.92
2026-06-19,T0027,P011,3,54.45
2026-06-19,T0027,P014,1,17.13
2026-06-19,T0027,P017,1,103.46
2026-06-19,T0027,P018,1,53.96
2026-06-19,T0027,P019,3,32.1
2026-06-19,T0028,P002,2,71.22
2026-06-19,T0028,P003,2,72.47
2026-06-19,T0028,P006,1,66.24
2026-06-19,T0028,P007,3,74.43
2026-06-19,T0028,P008,2,12.46
2026-06-19,T0028,P010,4,8.92
2026-06-19,T0028,P011,3,54.45
2026-06-19,T0028,P012,1,33.81
2026-06-19,T0028,P014,1,17.13
2026-06-19,T0028,P015,1,65.43
2026-06-19,T0028,P016,4,19.1
2026-06-19,T0028,P017,1,103.46
2026-06-19,T0029,P002,1,71.22
2026-06-19,T0029,P004,2,44.88
2026-06-19,T0029,P006,6,66.24
2026-06-19,T0029,P007,1,74.43
2026-06-19,T0029,P008,2,12.46
2026-06-19,T0029,P009,3,45.16
2026-06-19,T0029,P010,3,8.92
2026-06-19,T0029,P014,2,17.13
2026-06-19,T0029,P016,6,19.1
2026-06-19,T0029,P017,1,103.46
2026-06-19,T0029,P019,3,32.1
2026-06-19,T0029,P020,1,61.39
2026-06-19,T0030,P002,3,71.22
2026-06-19,T0030,P003,1,72.47
2026-06-19,T0030,P004,7,44.88
2026-06-19,T0030,P005,3,53.29
2026-06-19,T0030,P006,5,66.24
2026-06-19,T0030,P007,2,74.43
2026-06-19,T0030,P008,1,12.46
2026-06-19,T0030,P010,5,8.92
2026-06-19,T0030,P014,2,17.13
2026-06-19,T0030,P016,1,19.1
2026-06-19,T0031,P002,1,71.22
2026-06-19,T0031,P003,2,72.47
2026-06-19,T0031,P004,2,44.88
2026-06-19,T0031,P006,3,66.24
2026-06-19,T0031,P007,3,74.43
2026-06-19,T0031,P010,2,8.92
2026-06-19,T0031,P011,2,54.45
2026-06-19,T0031,P014,2,17.13
2026-06-19,T0031,P015,1,65.43
2026-06-19,T0031,P016,1,19.1
2026-06-19,T0031,P019,7,32.1
2026-06-19,T0031,P020,1,61.39
2026-06-19,T0032,P001,1,77.79
2026-06-19,T0032,P002,1,71.22
2026-06-19,T0032,P004,9,44.88
2026-06-19,T0032,P005,2,53.29
2026-06-19,T0032,P006,3,66.24
2026-06-19,T0032,P007,2,74.43
2026-06-19,T0032,P008,1,12.46
2026-06-19,T0032,P009,2,45.16
2026-06-19,T0032,P010,4,8.92
2026-06-19,T0032,P011,4,54.45
2026-06-19,T0032,P012,2,33.81
2026-06-19,T0032,P014,3,17.13
2026-06-19,T0032,P015,1,65.43
2026-06-19,T0032,P016,3,19.1
2026-06-19,T0032,P019,3,32.1
2026-06-19,T0032,P020,3,61.39
2026-06-19,T0033,P002,1,71.22
2026-06-19,T0033,P003,1,72.47
2026-06-19,T0033,P004,1,44.88
2026-06-19,T0033,P005,1,53.29
2026-06-19,T0033,P007,1,74.43
2026-06-19,T0033,P010,2,8.92
2026-06-19,T0033,P016,3,19.1
2026-06-19,T0034,P001,2,77.79
2026-06-19,T0034,P004,5,44.88
2026-06-19,T0034,P005,1,53.29
2026-06-19,T0034,P006,2,66.24
2026-06-19,T0034,P007,1,74.43
2026-06-19,T0034,P008,2,12.46
2026-06-19,T0034,P009,1,45.16
2026-06-19,T0034,P010,1,8.92
2026-06-19,T0034,P011,4,54.45
2026-06-19,T0034,P012,1,33.81
2026-06-19,T0034,P014,3,17.13
2026-06-19,T0034,P016,3,19.1
2026-06-19,T0034,P017,2,103.46
2026-06-19,T0034,P019,2,32.1
2026-06-19,T0035,P005,1,53.29
2026-06-19,T0035,P007,2,74.43
2026-06-19,T0035,P009,1,45.16
2026-06-19,T0035,P010,1,8.92
2026-06-19,T0035,P011,1,54.45
2026-06-19,T0035,P014,1,17.13
2026-06-19,T0035,P019,2,32.1
2026-06-19,T0036,P002,1,71.22
2026-06-19,T0036,P007,1,74.43
2026-06-19,T0036,P008,1,12.46
2026-06-19,T0036,P012,1,33.81
2026-06-19,T0036,P018,1,53.96
2026-06-19,T0036,P019,1,32.1
2026-06-19,T0037,P003,3,72.47
2026-06-19,T0037,P004,3,44.88
2026-06-19,T0037,P005,4,53.29
2026-06-19,T0037,P006,1,66.24
2026-06-19,T0037,P007,5,74.43
2026-06-19,T0037,P008,1,12.46
2026-06-19,T0037,P010,3,8.92
2026-06-19,T0037,P011,3,54.45
2026-06-19,T0037,P012,2,33.81
2026-06-19,T0037,P014,1,17.13
2026-06-19,T0037,P016,3,19.1
2026-06-19,T0037,P020,1,61.39
2026-06-19,T0038,P002,3,71.22
2026-06-19,T0038,P003,6,72.47
2026-06-19,T0038,P005,3,53.29
2026-06-19,T0038,P006,4,66.24
2026-06-19,T0038,P007,4,74.43
2026-06-19,T0038,P011,1,54.45
2026-06-19,T0038,P016,2,19.1
2026-06-19,T0038,P019,2,32.1
2026-06-19,T0038,P020,1,61.39
2026-06-19,T0039,P003,3,72.47
2026-06-19,T0039,P004,4,44.88
2026-06-19,T0039,P005,2,53.29
2026-06-19,T0039,P006,1,66.24
2026-06-19,T0039,P010,3,8.92
2026-06-19,T0039,P011,4,54.45
2026-06-19,T0039,P013,1,20.71
2026-06-19,T0039,P015,3,65.43
2026-06-19,T0039,P016,3,19.1
2026-06-19,T0039,P018,1,53.96
2026-06-19,T0040,P002,1,71.22
2026-06-19,T0040,P004,1,44.88
2026-06-19,T0040,P005,4,53.29
2026-06-19,T0040,P009,2,45.16
2026-06-19,T0040,P010,2,8.92
2026-06-19,T0040,P011,4,54.45
2026-06-19,T0040,P012,1,33.81
2026-06-19,T0040,P015,1,65.43
2026-06-19,T0040,P016,3,19.1
2026-06-19,T0040,P017,3,103.46
2026-06-19,T0040,P018,1,53.96
2026-06-19,T0040,P019,1,32.1
2026-06-19,T0040,P020,1,61.39
2026-06-20,T0001,P004,3,44.88
2026-06-20,T0001,P005,1,53.29
2026-06-20,T0001,P007,6,74.43
2026-06-20,T0001,P008,2,12.46
2026-06-20,T0001,P009,1,45.16
2026-06-20,T0001,P010,1,8.92
2026-06-20,T0001,P011,3,54.45
2026-06-20,T0001,P012,2,33.81
2026-06-20,T0001,P016,6,19.1
2026-06-20,T0001,P019,1,32.1
2026-06-20,T0001,P020,1,61.39
2026-06-20,T0002,P001,3,77.79
2026-06-20,T0002,P004,5,44.88
2026-06-20,T0002,P005,11,53.29
2026-06-20,T0002,P006,11,66.24
2026-06-20,T0002,P007,4,74.43
2026-06-20,T0002,P008,2,12.46
2026-06-20,T0002,P010,10,8.92
2026-06-20,T0002,P011,3,54.45
2026-06-20,T0002,P012,3,33.81
2026-06-20,T0002,P013,3,20.71
2026-06-20,T0002,P014,4,17.13
2026-06-20,T0002,P015,3,65.43
2026-06-20,T0002,P016,4,19.1
2026-06-20,T0002,P017,1,103.46
2026-06-20,T0002,P019,13,32.1
2026-06-20,T0002,P020,2,61.39
2026-06-20,T0003,P002,1,71.22
2026-06-20,T0003,P004,1,44.88
2026-06-20,T0003,P005,2,53.29
2026-06-20,T0003,P006,2,66.24
2026-06-20,T0003,P008,4,12.46
2026-06-20,T0003,P009,2,45.16
2026-06-20,T0003,P011,2,54.45
2026-06-20,T0003,P015,3,65.43
2026-06-20,T0003,P016,4,19.1
2026-06-20,T0003,P017,2,103.46
2026-06-20,T0003,P018,1,53.96
2026-06-20,T0003,P019,5,32.1
2026-06-20,T0004,P001,1,77.79
2026-06-20,T0004,P002,2,71.22
2026-06-20,T0004,P003,4,72.47
2026-06-20,T0004,P004,4,44.88
2026-06-20,T0004,P005,3,53.29
2026-06-20,T0004,P006,3,66.24
2026-06-20,T0004,P007,2,74.43
2026-06-20,T0004,P008,4,12.46
2026-06-20,T0004,P009,1,45.16
2026-06-20,T0004,P010,2,8.92
2026-06-20,T0004,P011,3,54.45
2026-06-20,T0004,P014,2,17.13
2026-06-20,T0004,P015,1,65.43
2026-06-20,T0004,P016,4,19.1
2026-06-20,T0004,P017,2,103.46
2026-06-20,T0004,P019,4,32.1
2026-06-20,T0004,P020,1,61.39
2026-06-20,T0005,P002,1,71.22
2026-06-20,T0005,P003,4,72.47
2026-06-20,T0005,P006,3,66.24
2026-06-20,T0005,P007,4,74.43
2026-06-20,T0005,P008,1,12.46
2026-06-20,T0005,P009,2,45.16
2026-06-20,T0005,P010,2,8.92
2026-06-20,T0005,P011,4,54.45
2026-06-20,T0005,P012,2,33.81
2026-06-20,T0005,P013,1,20.71
2026-06-20,T0005,P015,1,65.43
2026-06-20,T0005,P016,5,19.1
2026-06-20,T0005,P017,1,103.46
2026-06-20,T0005,P018,3,53.96
2026-06-20,T0005,P019,3,32.1
2026-06-20,T0005,P020,1,61.39
2026-06-20,T0006,P002,5,71.22
2026-06-20,T0006,P003,12,72.47
2026-06-20,T0006,P004,10,44.88
2026-06-20,T0006,P005,8,53.29
2026-06-20,T0006,P006,11,66.24
2026-06-20,T0006,P007,8,74.43
2026-06-20,T0006,P008,7,12.46
2026-06-20,T0006,P009,2,45.16
2026-06-20,T0006,P011,9,54.45
2026-06-20,T0006,P012,6,33.81
2026-06-20,T0006,P014,12,17.13
2026-06-20,T0006,P015,2,65.43
2026-06-20,T0006,P016,18,19.1
2026-06-20,T0006,P017,5,103.46
2026-06-20,T0006,P018,3,53.96
2026-06-20,T0006,P019,12,32.1
2026-06-20,T0006,P020,3,61.39
2026-06-20,T0007,P001,1,77.79
2026-06-20,T0007,P004,7,44.88
2026-06-20,T0007,P006,8,66.24
2026-06-20,T0007,P007,4,74.43
2026-06-20,T0007,P008,1,12.46
2026-06-20,T0007,P009,1,45.16
2026-06-20,T0007,P010,3,8.92
2026-06-20,T0007,P011,6,54.45
2026-06-20,T0007,P014,6,17.13
2026-06-20,T0007,P015,2,65.43
2026-06-20,T0007,P017,2,103.46
2026-06-20,T0007,P019,4,32.1
2026-06-20,T0008,P002,6,71.22
2026-06-20,T0008,P006,7,66.24
2026-06-20,T0008,P007,11,74.43
2026-06-20,T0008,P008,10,12.46
2026-06-20,T0008,P009,7,45.16
2026-06-20,T0008,P010,13,8.92
2026-06-20,T0008,P011,9,54.45
2026-06-20,T0008,P012,8,33.81
2026-06-20,T0008,P013,1,20.71
2026-06-20,T0008,P014,6,17.13
2026-06-20,T0008,P015,6,65.43
2026-06-20,T0008,P016,6,19.1
2026-06-20,T0008,P017,4,103.46
2026-06-20,T0008,P018,3,53.96
2026-06-20,T0008,P020,3,61.39
2026-06-20,T0009,P001,1,77.79
2026-06-20,T0009,P002,4,71.22
2026-06-20,T0009,P003,5,72.47
2026-06-20,T0009,P004,5,44.88
2026-06-20,T0009,P005,7,53.29
2026-06-20,T0009,P006,5,66.24
2026-06-20,T0009,P007,8,74.43
2026-06-20,T0009,P008,4,12.46
2026-06-20,T0009,P009,2,45.16
2026-06-20,T0009,P010,5,8.92
2026-06-20,T0009,P011,3,54.45
2026-06-20,T0009,P012,5,33.81
2026-06-20,T0009,P016,14,19.1
2026-06-20,T0009,P017,1,103.46
2026-06-20,T0009,P019,6,32.1
2026-06-20,T0009,P020,1,61.39
2026-06-20,T0010,P001,1,77.79
2026-06-20,T0010,P002,1,71.22
2026-06-20,T0010,P003,5,72.47
2026-06-20,T0010,P004,7,44.88
2026-06-20,T0010,P005,9,53.29
2026-06-20,T0010,P006,5,66.24
2026-06-20,T0010,P007,9,74.43
2026-06-20,T0010,P009,2,45.16
2026-06-20,T0010,P010,5,8.92
2026-06-20,T0010,P011,4,54.45
2026-06-20,T0010,P012,5,33.81
2026-06-20,T0010,P016,4,19.1
2026-06-20,T0010,P018,2,53.96
2026-06-20,T0010,P019,3,32.1
2026-06-20,T0010,P020,1,61.39
2026-06-20,T0011,P002,2,71.22
2026-06-20,T0011,P004,6,44.88
2026-06-20,T0011,P005,2,53.29
2026-06-20,T0011,P006,1,66.24
2026-06-20,T0011,P009,1,45.16
2026-06-20,T0011,P011,1,54.45
2026-06-20,T0012,P002,1,71.22
2026-06-20,T0012,P003,6,72.47
2026-06-20,T0012,P004,2,44.88
2026-06-20,T0012,P005,2,53.29
2026-06-20,T0012,P006,1,66.24
2026-06-20,T0012,P007,3,74.43
2026-06-20,T0012,P008,1,12.46
2026-06-20,T0012,P010,3,8.92
2026-06-20,T0012,P012,1,33.81
2026-06-20,T0012,P014,1,17.13
2026-06-20,T0012,P015,2,65.43
2026-06-20,T0013,P001,1,77.79
2026-06-20,T0013,P002,1,71.22
2026-06-20,T0013,P005,3,53.29
2026-06-20,T0013,P006,4,66.24
2026-06-20,T0013,P007,7,74.43
2026-06-20,T0013,P008,4,12.46
2026-06-20,T0013,P010,2,8.92
2026-06-20,T0013,P011,6,54.45
2026-06-20,T0013,P012,1,33.81
2026-06-20,T0013,P013,1,20.71
2026-06-20,T0013,P014,3,17.13
2026-06-20,T0013,P016,5,19.1
2026-06-20,T0013,P018,1,53.96
2026-06-20,T0013,P019,4,32.1
2026-06-20,T0014,P003,5,72.47
2026-06-20,T0014,P004,2,44.88
2026-06-20,T0014,P005,3,53.29
2026-06-20,T0014,P007,6,74.43
2026-06-20,T0014,P008,2,12.46
2026-06-20,T0014,P010,1,8.92
2026-06-20,T0014,P011,3,54.45
2026-06-20,T0014,P012,1,33.81
2026-06-20,T0014,P013,1,20.71
2026-06-20,T0014,P014,4,17.13
2026-06-20,T0014,P015,1,65.43
2026-06-20,T0014,P016,3,19.1
2026-06-20,T0014,P019,6,32.1
2026-06-20,T0014,P020,1,61.39
2026-06-20,T0015,P001,3,77.79
2026-06-20,T0015,P010,101,8.92
2026-06-20,T0015,P016,23,19.1
2026-06-20,T0015,P017,31,103.46
2026-06-20,T0016,P003,4,72.47
2026-06-20,T0016,P005,130,53.29
2026-06-20,T0016,P011,67,54.45
2026-06-20,T0016,P015,60,65.43
2026-06-20,T0017,P004,1,44.88
2026-06-20,T0017,P005,2,53.29
2026-06-20,T0017,P006,6,66.24
2026-06-20,T0017,P007,4,74.43
2026-06-20,T0017,P009,1,45.16
2026-06-20,T0017,P011,5,54.45
2026-06-20,T0017,P012,3,33.81
2026-06-20,T0017,P014,3,17.13
2026-06-20,T0017,P015,3,65.43
2026-06-20,T0017,P016,5,19.1
2026-06-20,T0017,P018,2,53.96
2026-06-20,T0017,P019,3,32.1
2026-06-20,T0018,P001,1,77.79
2026-06-20,T0018,P002,1,71.22
2026-06-20,T0018,P003,1,72.47
2026-06-20,T0018,P004,1,44.88
2026-06-20,T0018,P005,2,53.29
2026-06-20,T0018,P007,2,74.43
2026-06-20,T0018,P008,2,12.46
2026-06-20,T0018,P010,2,8.92
2026-06-20,T0018,P012,1,33.81
2026-06-20,T0018,P014,1,17.13
2026-06-20,T0018,P019,6,32.1
2026-06-20,T0018,P020,1,61.39
2026-06-20,T0019,P001,1,77.79
2026-06-20,T0019,P002,3,71.22
2026-06-20,T0019,P003,3,72.47
2026-06-20,T0019,P004,2,44.88
2026-06-20,T0019,P005,4,53.29
2026-06-20,T0019,P006,3,66.24
2026-06-20,T0019,P007,3,74.43
2026-06-20,T0019,P008,2,12.46
2026-06-20,T0019,P012,3,33.81
2026-06-20,T0019,P014,5,17.13
2026-06-20,T0019,P016,2,19.1
2026-06-20,T0019,P019,5,32.1
2026-06-20,T0020,P002,1,71.22
2026-06-20,T0020,P003,3,72.47
2026-06-20,T0020,P005,1,53.29
2026-06-20,T0020,P006,1,66.24
2026-06-20,T0020,P008,2,12.46
2026-06-20,T0020,P011,3,54.45
2026-06-20,T0020,P013,1,20.71
2026-06-20,T0020,P014,4,17.13
2026-06-20,T0020,P015,1,65.43
2026-06-20,T0020,P016,4,19.1
2026-06-20,T0020,P017,1,103.46
2026-06-20,T0020,P019,1,32.1
2026-06-20,T0020,P020,1,61.39
2026-06-20,T0021,P004,1,44.88
2026-06-20,T0021,P005,1,53.29
2026-06-20,T0021,P011,1,54.45
2026-06-20,T0021,P013,1,20.71
2026-06-20,T0021,P014,2,17.13
2026-06-20,T0021,P015,1,65.43
2026-06-20,T0021,P016,2,19.1
2026-06-20,T0021,P017,1,103.46
2026-06-20,T0021,P018,1,53.96
2026-06-20,T0021,P019,2,32.1
2026-06-20,T0022,P003,1,72.47
2026-06-20,T0022,P006,4,66.24
2026-06-20,T0022,P011,1,54.45
2026-06-20,T0022,P014,2,17.13
2026-06-20,T0022,P019,2,32.1
2026-06-20,T0023,P005,1,53.29
2026-06-20,T0023,P011,2,54.45
2026-06-20,T0023,P014,2,17.13
2026-06-20,T0023,P015,2,65.43
2026-06-20,T0024,P002,1,71.22
2026-06-20,T0024,P003,1,72.47
2026-06-20,T0024,P004,3,44.88
2026-06-20,T0024,P006,3,66.24
2026-06-20,T0024,P007,1,74.43
2026-06-20,T0024,P008,1,12.46
2026-06-20,T0024,P009,2,45.16
2026-06-20,T0024,P010,5,8.92
2026-06-20,T0024,P011,1,54.45
2026-06-20,T0024,P014,1,17.13
2026-06-20,T0025,P003,1,72.47
2026-06-20,T0025,P005,1,53.29
2026-06-20,T0025,P006,1,66.24
2026-06-20,T0025,P007,1,74.43
2026-06-20,T0025,P009,1,45.16
2026-06-20,T0025,P010,1,8.92
2026-06-20,T0025,P011,1,54.45
2026-06-20,T0025,P012,1,33.81
2026-06-20,T0025,P013,1,20.71
2026-06-20,T0025,P016,2,19.1
2026-06-20,T0025,P019,2,32.1
2026-06-20,T0026,P004,2,44.88
2026-06-20,T0026,P005,1,53.29
2026-06-20,T0026,P006,1,66.24
2026-06-20,T0026,P007,2,74.43
2026-06-20,T0026,P009,1,45.16
2026-06-20,T0026,P010,1,8.92
2026-06-20,T0026,P011,3,54.45
2026-06-20,T0026,P012,1,33.81
2026-06-20,T0026,P014,1,17.13
2026-06-20,T0026,P019,2,32.1
2026-06-20,T0027,P003,1,72.47
2026-06-20,T0027,P004,1,44.88
2026-06-20,T0027,P005,1,53.29
2026-06-20,T0027,P006,1,66.24
2026-06-20,T0027,P007,2,74.43
2026-06-20,T0027,P008,1,12.46
2026-06-20,T0027,P010,1,8.92
2026-06-20,T0027,P011,3,54.45
2026-06-20,T0027,P018,1,53.96
2026-06-20,T0027,P019,3,32.1
2026-06-20,T0028,P002,2,71.22
2026-06-20,T0028,P003,2,72.47
2026-06-20,T0028,P004,1,44.88
2026-06-20,T0028,P006,1,66.24
2026-06-20,T0028,P007,1,74.43
2026-06-20,T0028,P008,2,12.46
2026-06-20,T0028,P011,2,54.45
2026-06-20,T0028,P012,1,33.81
2026-06-20,T0028,P015,1,65.43
2026-06-20,T0028,P016,2,19.1
2026-06-20,T0028,P017,1,103.46
2026-06-20,T0028,P019,1,32.1
2026-06-20,T0029,P001,1,77.79
2026-06-20,T0029,P002,1,71.22
2026-06-20,T0029,P004,1,44.88
2026-06-20,T0029,P006,3,66.24
2026-06-20,T0029,P007,5,74.43
2026-06-20,T0029,P011,2,54.45
2026-06-20,T0029,P013,1,20.71
2026-06-20,T0029,P014,4,17.13
2026-06-20,T0029,P016,1,19.1
2026-06-20,T0029,P019,1,32.1
2026-06-20,T0030,P001,1,77.79
2026-06-20,T0030,P002,1,71.22
2026-06-20,T0030,P003,1,72.47
2026-06-20,T0030,P004,4,44.88
2026-06-20,T0030,P005,5,53.29
2026-06-20,T0030,P006,2,66.24
2026-06-20,T0030,P007,4,74.43
2026-06-20,T0030,P009,1,45.16
2026-06-20,T0030,P010,4,8.92
2026-06-20,T0030,P012,3,33.81
2026-06-20,T0030,P013,1,20.71
2026-06-20,T0030,P014,2,17.13
2026-06-20,T0030,P015,1,65.43
2026-06-20,T0030,P016,5,19.1
2026-06-20,T0030,P019,6,32.1
2026-06-20,T0030,P020,1,61.39
2026-06-20,T0031,P003,1,72.47
2026-06-20,T0031,P006,2,66.24
2026-06-20,T0031,P007,6,74.43
2026-06-20,T0031,P011,1,54.45
2026-06-20,T0031,P014,3,17.13
2026-06-20,T0031,P015,1,65.43
2026-06-20,T0031,P016,5,19.1
2026-06-20,T0031,P018,1,53.96
2026-06-20,T0031,P019,3,32.1
2026-06-20,T0032,P002,3,71.22
2026-06-20,T0032,P004,1,44.88
2026-06-20,T0032,P005,9,53.29
2026-06-20,T0032,P006,1,66.24
2026-06-20,T0032,P007,1,74.43
2026-06-20,T0032,P008,3,12.46
2026-06-20,T0032,P010,6,8.92
2026-06-20,T0032,P011,3,54.45
2026-06-20,T0032,P012,1,33.81
2026-06-20,T0032,P014,2,17.13
2026-06-20,T0032,P016,5,19.1
2026-06-20,T0032,P019,1,32.1
2026-06-20,T0032,P020,1,61.39
2026-06-20,T0033,P001,1,77.79
2026-06-20,T0033,P002,1,71.22
2026-06-20,T0033,P003,1,72.47
2026-06-20,T0033,P004,2,44.88
2026-06-20,T0033,P007,2,74.43
2026-06-20,T0033,P009,1,45.16
2026-06-20,T0033,P010,1,8.92
2026-06-20,T0033,P011,1,54.45
2026-06-20,T0033,P012,1,33.81
2026-06-20,T0033,P013,1,20.71
2026-06-20,T0033,P014,2,17.13
2026-06-20,T0033,P019,1,32.1
2026-06-20,T0034,P004,1,44.88
2026-06-20,T0034,P005,1,53.29
2026-06-20,T0034,P006,3,66.24
2026-06-20,T0034,P007,5,74.43
2026-06-20,T0034,P008,1,12.46
2026-06-20,T0034,P010,4,8.92
2026-06-20,T0034,P011,1,54.45
2026-06-20,T0034,P013,2,20.71
2026-06-20,T0034,P014,3,17.13
2026-06-20,T0034,P016,3,19.1
2026-06-20,T0034,P019,1,32.1
2026-06-20,T0034,P020,2,61.39
2026-06-20,T0035,P003,1,72.47
2026-06-20,T0035,P004,2,44.88
2026-06-20,T0035,P005,1,53.29
2026-06-20,T0035,P006,1,66.24
2026-06-20,T0035,P009,2,45.16
2026-06-20,T0035,P010,2,8.92
2026-06-20,T0035,P011,1,54.45
2026-06-20,T0035,P013,1,20.71
2026-06-20,T0035,P017,1,103.46
2026-06-20,T0035,P020,1,61.39
2026-06-20,T0036,P004,1,44.88
2026-06-20,T0036,P006,2,66.24
2026-06-20,T0036,P007,2,74.43
2026-06-20,T0036,P013,1,20.71
2026-06-20,T0036,P016,1,19.1
2026-06-20,T0036,P017,1,103.46
2026-06-20,T0036,P019,2,32.1
2026-06-20,T0037,P002,2,71.22
2026-06-20,T0037,P003,4,72.47
2026-06-20,T0037,P005,3,53.29
2026-06-20,T0037,P006,3,66.24
2026-06-20,T0037,P007,2,74.43
2026-06-20,T0037,P010,1,8.92
2026-06-20,T0037,P011,1,54.45
2026-06-20,T0037,P014,1,17.13
2026-06-20,T0037,P015,1,65.43
2026-06-20,T0037,P016,5,19.1
2026-06-20,T0038,P003,1,72.47
2026-06-20,T0038,P004,5,44.88
2026-06-20,T0038,P006,2,66.24
2026-06-20,T0038,P007,1,74.43
2026-06-20,T0038,P011,2,54.45
2026-06-20,T0038,P014,1,17.13
2026-06-20,T0038,P016,1,19.1
2026-06-20,T0038,P019,1,32.1
2026-06-20,T0039,P003,4,72.47
2026-06-20,T0039,P004,6,44.88
2026-06-20,T0039,P005,7,53.29
2026-06-20,T0039,P008,1,12.46
2026-06-20,T0039,P010,7,8.92
2026-06-20,T0039,P011,2,54.45
2026-06-20,T0039,P012,7,33.81
2026-06-20,T0039,P014,1,17.13
2026-06-20,T0039,P016,2,19.1
2026-06-20,T0039,P020,1,61.39
2026-06-20,T0040,P002,1,71.22
2026-06-20,T0040,P004,4,44.88
2026-06-20,T0040,P005,1,53.29
2026-06-20,T0040,P006,2,66.24
2026-06-20,T0040,P008,1,12.46
2026-06-20,T0040,P009,2,45.16
2026-06-20,T0040,P010,6,8.92
2026-06-20,T0040,P011,2,54.45
2026-06-20,T0040,P012,2,33.81
2026-06-20,T0040,P014,2,17.13
2026-06-20,T0040,P016,3,19.1
2026-06-20,T0040,P017,2,103.46
2026-06-20,T0040,P019,2,32.1
2026-06-20,T0040,P020,1,61.39
2026-06-21,T0001,P002,1,71.22
2026-06-21,T0001,P004,6,44.88
2026-06-21,T0001,P005,2,53.29
2026-06-21,T0001,P007,2,74.43
2026-06-21,T0001,P010,2,8.92
2026-06-21,T0001,P011,2,54.45
2026-06-21,T0001,P012,2,33.81
2026-06-21,T0001,P015,2,65.43
2026-06-21,T0001,P016,1,19.1
2026-06-21,T0001,P019,1,32.1
2026-06-21,T0001,P020,2,61.39
2026-06-21,T0002,P004,4,44.88
2026-06-21,T0002,P005,3,53.29
2026-06-21,T0002,P006,3,66.24
2026-06-21,T0002,P007,5,74.43
2026-06-21,T0002,P008,1,12.46
2026-06-21,T0002,P010,5,8.92
2026-06-21,T0002,P011,3,54.45
2026-06-21,T0002,P012,1,33.81
2026-06-21,T0002,P014,2,17.13
2026-06-21,T0002,P015,1,65.43
2026-06-21,T0002,P016,5,19.1
2026-06-21,T0002,P017,2,103.46
2026-06-21,T0002,P019,9,32.1
2026-06-21,T0003,P004,2,44.88
2026-06-21,T0003,P005,4,53.29
2026-06-21,T0003,P006,6,66.24
2026-06-21,T0003,P008,2,12.46
2026-06-21,T0003,P009,1,45.16
2026-06-21,T0003,P011,1,54.45
2026-06-21,T0003,P013,2,20.71
2026-06-21,T0003,P015,1,65.43
2026-06-21,T0003,P016,2,19.1
2026-06-21,T0003,P019,2,32.1
2026-06-21,T0004,P002,1,71.22
2026-06-21,T0004,P003,3,72.47
2026-06-21,T0004,P004,1,44.88
2026-06-21,T0004,P005,4,53.29
2026-06-21,T0004,P006,2,66.24
2026-06-21,T0004,P007,2,74.43
2026-06-21,T0004,P009,1,45.16
2026-06-21,T0004,P010,3,8.92
2026-06-21,T0004,P011,3,54.45
2026-06-21,T0004,P012,2,33.81
2026-06-21,T0004,P014,2,17.13
2026-06-21,T0004,P015,1,65.43
2026-06-21,T0004,P016,3,19.1
2026-06-21,T0004,P017,2,103.46
2026-06-21,T0004,P019,2,32.1
2026-06-21,T0004,P020,1,61.39
2026-06-21,T0005,P003,6,72.47
2026-06-21,T0005,P006,5,66.24
2026-06-21,T0005,P007,3,74.43
2026-06-21,T0005,P008,2,12.46
2026-06-21,T0005,P009,1,45.16
2026-06-21,T0005,P010,1,8.92
2026-06-21,T0005,P011,4,54.45
2026-06-21,T0005,P015,2,65.43
2026-06-21,T0005,P016,3,19.1
2026-06-21,T0005,P019,5,32.1
2026-06-21,T0006,P002,3,71.22
2026-06-21,T0006,P003,9,72.47
2026-06-21,T0006,P004,9,44.88
2026-06-21,T0006,P005,10,53.29
2026-06-21,T0006,P006,8,66.24
2026-06-21,T0006,P007,8,74.43
2026-06-21,T0006,P008,4,12.46
2026-06-21,T0006,P009,2,45.16
2026-06-21,T0006,P011,5,54.45
2026-06-21,T0006,P012,1,33.81
2026-06-21,T0006,P014,9,17.13
2026-06-21,T0006,P015,5,65.43
2026-06-21,T0006,P016,8,19.1
2026-06-21,T0006,P017,5,103.46
2026-06-21,T0006,P019,6,32.1
2026-06-21,T0006,P020,2,61.39
2026-06-21,T0007,P001,1,77.79
2026-06-21,T0007,P004,4,44.88
2026-06-21,T0007,P006,4,66.24
2026-06-21,T0007,P007,7,74.43
2026-06-21,T0007,P008,4,12.46
2026-06-21,T0007,P010,5,8.92
2026-06-21,T0007,P011,7,54.45
2026-06-21,T0007,P012,2,33.81
2026-06-21,T0007,P013,1,20.71
2026-06-21,T0007,P014,5,17.13
2026-06-21,T0007,P015,1,65.43
2026-06-21,T0007,P017,1,103.46
2026-06-21,T0007,P019,8,32.1
2026-06-21,T0008,P001,2,77.79
2026-06-21,T0008,P002,7,71.22
2026-06-21,T0008,P006,10,66.24
2026-06-21,T0008,P007,13,74.43
2026-06-21,T0008,P008,5,12.46
2026-06-21,T0008,P009,3,45.16
2026-06-21,T0008,P010,4,8.92
2026-06-21,T0008,P011,6,54.45
2026-06-21,T0008,P012,4,33.81
2026-06-21,T0008,P013,2,20.71
2026-06-21,T0008,P014,1,17.13
2026-06-21,T0008,P015,2,65.43
2026-06-21,T0008,P016,10,19.1
2026-06-21,T0008,P017,6,103.46
2026-06-21,T0008,P018,1,53.96
2026-06-21,T0009,P002,3,71.22
2026-06-21,T0009,P003,9,72.47
2026-06-21,T0009,P004,7,44.88
2026-06-21,T0009,P005,10,53.29
2026-06-21,T0009,P006,6,66.24
2026-06-21,T0009,P007,5,74.43
2026-06-21,T0009,P008,2,12.46
2026-06-21,T0009,P009,3,45.16
2026-06-21,T0009,P010,4,8.92
2026-06-21,T0009,P011,3,54.45
2026-06-21,T0009,P012,5,33.81
2026-06-21,T0009,P016,10,19.1
2026-06-21,T0009,P019,8,32.1
2026-06-21,T0009,P020,1,61.39
2026-06-21,T0010,P001,1,77.79
2026-06-21,T0010,P003,5,72.47
2026-06-21,T0010,P004,5,44.88
2026-06-21,T0010,P005,2,53.29
2026-06-21,T0010,P006,6,66.24
2026-06-21,T0010,P007,3,74.43
2026-06-21,T0010,P009,1,45.16
2026-06-21,T0010,P010,4,8.92
2026-06-21,T0010,P011,3,54.45
2026-06-21,T0010,P013,1,20.71
2026-06-21,T0010,P015,2,65.43
2026-06-21,T0010,P016,4,19.1
2026-06-21,T0010,P017,1,103.46
2026-06-21,T0010,P018,1,53.96
2026-06-21,T0010,P019,5,32.1
2026-06-21,T0011,P004,1,44.88
2026-06-21,T0011,P005,1,53.29
2026-06-21,T0011,P006,2,66.24
2026-06-21,T0011,P009,1,45.16
2026-06-21,T0011,P010,2,8.92
2026-06-21,T0011,P017,1,103.46
2026-06-21,T0011,P019,2,32.1
2026-06-21,T0011,P020,1,61.39
2026-06-21,T0012,P002,1,71.22
2026-06-21,T0012,P003,3,72.47
2026-06-21,T0012,P004,3,44.88
2026-06-21,T0012,P005,2,53.29
2026-06-21,T0012,P006,3,66.24
2026-06-21,T0012,P007,3,74.43
2026-06-21,T0012,P008,1,12.46
2026-06-21,T0012,P010,4,8.92
2026-06-21,T0012,P014,2,17.13
2026-06-21,T0012,P016,1,19.1
2026-06-21,T0012,P018,1,53.96
2026-06-21,T0013,P005,5,53.29
2026-06-21,T0013,P006,2,66.24
2026-06-21,T0013,P007,2,74.43
2026-06-21,T0013,P008,1,12.46
2026-06-21,T0013,P009,4,45.16
2026-06-21,T0013,P010,6,8.92
2026-06-21,T0013,P011,2,54.45
2026-06-21,T0013,P012,1,33.81
2026-06-21,T0013,P014,4,17.13
2026-06-21,T0013,P016,4,19.1
2026-06-21,T0013,P017,1,103.46
2026-06-21,T0013,P018,1,53.96
2026-06-21,T0013,P019,4,32.1
2026-06-21,T0014,P002,1,71.22
2026-06-21,T0014,P003,4,72.47
2026-06-21,T0014,P004,1,44.88
2026-06-21,T0014,P005,1,53.29
2026-06-21,T0014,P007,1,74.43
2026-06-21,T0014,P008,2,12.46
2026-06-21,T0014,P009,1,45.16
2026-06-21,T0014,P010,3,8.92
2026-06-21,T0014,P011,2,54.45
2026-06-21,T0014,P012,1,33.81
2026-06-21,T0014,P014,1,17.13
2026-06-21,T0014,P015,2,65.43
2026-06-21,T0014,P016,4,19.1
2026-06-21,T0014,P019,1,32.1
2026-06-21,T0015,P017,9,103.46
2026-06-21,T0015,P020,7,61.39
2026-06-21,T0016,P007,106,74.43
2026-06-21,T0016,P008,86,12.46
2026-06-21,T0016,P015,4,65.43
2026-06-21,T0016,P020,25,61.39
2026-06-21,T0017,P001,1,77.79
2026-06-21,T0017,P004,1,44.88
2026-06-21,T0017,P005,2,53.29
2026-06-21,T0017,P006,4,66.24
2026-06-21,T0017,P007,1,74.43
2026-06-21,T0017,P011,4,54.45
2026-06-21,T0017,P012,1,33.81
2026-06-21,T0017,P014,1,17.13
2026-06-21,T0017,P016,3,19.1
2026-06-21,T0017,P017,2,103.46
2026-06-21,T0017,P019,3,32.1
2026-06-21,T0018,P001,1,77.79
2026-06-21,T0018,P003,3,72.47
2026-06-21,T0018,P004,1,44.88
2026-06-21,T0018,P006,2,66.24
2026-06-21,T0018,P007,2,74.43
2026-06-21,T0019,P002,1,71.22
2026-06-21,T0019,P003,3,72.47
2026-06-21,T0019,P004,2,44.88
2026-06-21,T0019,P006,3,66.24
2026-06-21,T0019,P008,1,12.46
2026-06-21,T0019,P011,1,54.45
2026-06-21,T0019,P014,3,17.13
2026-06-21,T0019,P015,1,65.43
2026-06-21,T0019,P016,5,19.1
2026-06-21,T0019,P017,2,103.46
2026-06-21,T0019,P019,3,32.1
2026-06-21,T0020,P005,2,53.29
2026-06-21,T0020,P006,1,66.24
2026-06-21,T0020,P007,3,74.43
2026-06-21,T0020,P014,1,17.13
2026-06-21,T0020,P016,2,19.1
2026-06-21,T0020,P019,1,32.1
2026-06-21,T0021,P004,1,44.88
2026-06-21,T0021,P005,1,53.29
2026-06-21,T0021,P007,1,74.43
2026-06-21,T0021,P011,1,54.45
2026-06-21,T0021,P014,3,17.13
2026-06-21,T0021,P016,1,19.1
2026-06-21,T0021,P018,1,53.96
2026-06-21,T0021,P019,2,32.1
2026-06-21,T0022,P005,1,53.29
2026-06-21,T0022,P006,1,66.24
2026-06-21,T0022,P014,1,17.13
2026-06-21,T0023,P001,1,77.79
2026-06-21,T0023,P005,1,53.29
2026-06-21,T0023,P010,1,8.92
2026-06-21,T0023,P011,2,54.45
2026-06-21,T0024,P002,1,71.22
2026-06-21,T0024,P003,2,72.47
2026-06-21,T0024,P004,2,44.88
2026-06-21,T0024,P006,3,66.24
2026-06-21,T0024,P007,1,74.43
2026-06-21,T0024,P008,1,12.46
2026-06-21,T0024,P010,1,8.92
2026-06-21,T0024,P014,3,17.13
2026-06-21,T0025,P003,1,72.47
2026-06-21,T0025,P006,2,66.24
2026-06-21,T0025,P012,1,33.81
2026-06-21,T0025,P014,2,17.13
2026-06-21,T0025,P015,1,65.43
2026-06-21,T0026,P005,1,53.29
2026-06-21,T0026,P006,3,66.24
2026-06-21,T0026,P010,1,8.92
2026-06-21,T0026,P011,1,54.45
2026-06-21,T0026,P012,2,33.81
2026-06-21,T0026,P014,1,17.13
2026-06-21,T0026,P019,1,32.1
2026-06-21,T0026,P020,1,61.39
2026-06-21,T0027,P002,1,71.22
2026-06-21,T0027,P003,1,72.47
2026-06-21,T0027,P004,1,44.88
2026-06-21,T0027,P005,1,53.29
2026-06-21,T0027,P007,2,74.43
2026-06-21,T0027,P009,1,45.16
2026-06-21,T0027,P010,2,8.92
2026-06-21,T0027,P012,1,33.81
2026-06-21,T0027,P019,1,32.1
2026-06-21,T0028,P004,2,44.88
2026-06-21,T0028,P005,3,53.29
2026-06-21,T0028,P007,4,74.43
2026-06-21,T0028,P010,4,8.92
2026-06-21,T0028,P012,1,33.81
2026-06-21,T0028,P013,1,20.71
2026-06-21,T0028,P014,1,17.13
2026-06-21,T0028,P016,4,19.1
2026-06-21,T0028,P017,1,103.46
2026-06-21,T0028,P018,1,53.96
2026-06-21,T0028,P019,2,32.1
2026-06-21,T0029,P007,2,74.43
2026-06-21,T0029,P008,3,12.46
2026-06-21,T0029,P009,1,45.16
2026-06-21,T0029,P011,3,54.45
2026-06-21,T0029,P012,1,33.81
2026-06-21,T0029,P014,2,17.13
2026-06-21,T0029,P016,3,19.1
2026-06-21,T0029,P017,1,103.46
2026-06-21,T0030,P002,1,71.22
2026-06-21,T0030,P003,2,72.47
2026-06-21,T0030,P004,5,44.88
2026-06-21,T0030,P005,2,53.29
2026-06-21,T0030,P006,2,66.24
2026-06-21,T0030,P007,3,74.43
2026-06-21,T0030,P014,3,17.13
2026-06-21,T0030,P016,1,19.1
2026-06-21,T0030,P018,1,53.96
2026-06-21,T0030,P019,2,32.1
2026-06-21,T0031,P002,3,71.22
2026-06-21,T0031,P003,1,72.47
2026-06-21,T0031,P006,1,66.24
2026-06-21,T0031,P007,2,74.43
2026-06-21,T0031,P008,1,12.46
2026-06-21,T0031,P011,2,54.45
2026-06-21,T0031,P014,4,17.13
2026-06-21,T0031,P016,2,19.1
2026-06-21,T0031,P018,2,53.96
2026-06-21,T0031,P019,2,32.1
2026-06-21,T0032,P002,2,71.22
2026-06-21,T0032,P004,2,44.88
2026-06-21,T0032,P005,1,53.29
2026-06-21,T0032,P006,1,66.24
2026-06-21,T0032,P007,1,74.43
2026-06-21,T0032,P008,1,12.46
2026-06-21,T0032,P010,1,8.92
2026-06-21,T0032,P011,2,54.45
2026-06-21,T0032,P012,3,33.81
2026-06-21,T0032,P014,2,17.13
2026-06-21,T0032,P019,4,32.1
2026-06-21,T0032,P020,1,61.39
2026-06-21,T0033,P003,1,72.47
2026-06-21,T0033,P004,1,44.88
2026-06-21,T0033,P005,1,53.29
2026-06-21,T0033,P007,1,74.43
2026-06-21,T0033,P019,1,32.1
2026-06-21,T0034,P004,2,44.88
2026-06-21,T0034,P005,1,53.29
2026-06-21,T0034,P006,1,66.24
2026-06-21,T0034,P007,3,74.43
2026-06-21,T0034,P008,1,12.46
2026-06-21,T0034,P011,1,54.45
2026-06-21,T0034,P015,2,65.43
2026-06-21,T0034,P016,1,19.1
2026-06-21,T0034,P019,2,32.1
2026-06-21,T0035,P002,3,71.22
2026-06-21,T0035,P003,2,72.47
2026-06-21,T0035,P004,1,44.88
2026-06-21,T0035,P005,1,53.29
2026-06-21,T0035,P006,1,66.24
2026-06-21,T0035,P010,1,8.92
2026-06-21,T0035,P017,1,103.46
2026-06-21,T0035,P019,1,32.1
2026-06-21,T0036,P004,1,44.88
2026-06-21,T0036,P005,1,53.29
2026-06-21,T0036,P016,2,19.1
2026-06-21,T0036,P017,1,103.46
2026-06-21,T0037,P002,1,71.22
2026-06-21,T0037,P003,2,72.47
2026-06-21,T0037,P004,2,44.88
2026-06-21,T0037,P006,3,66.24
2026-06-21,T0037,P007,2,74.43
2026-06-21,T0037,P008,2,12.46
2026-06-21,T0037,P014,2,17.13
2026-06-21,T0037,P019,2,32.1
2026-06-21,T0038,P002,1,71.22
2026-06-21,T0038,P004,3,44.88
2026-06-21,T0038,P006,1,66.24
2026-06-21,T0038,P007,2,74.43
2026-06-21,T0038,P012,1,33.81
2026-06-21,T0038,P016,1,19.1
2026-06-21,T0038,P020,1,61.39
2026-06-21,T0039,P003,2,72.47
2026-06-21,T0039,P004,2,44.88
2026-06-21,T0039,P005,6,53.29
2026-06-21,T0039,P010,1,8.92
2026-06-21,T0039,P014,2,17.13
2026-06-21,T0039,P015,1,65.43
2026-06-21,T0039,P016,2,19.1
2026-06-21,T0040,P001,1,77.79
2026-06-21,T0040,P002,1,71.22
2026-06-21,T0040,P004,1,44.88
2026-06-21,T0040,P005,4,53.29
2026-06-21,T0040,P006,1,66.24
2026-06-21,T0040,P009,1,45.16
2026-06-21,T0040,P010,3,8.92
2026-06-21,T0040,P011,2,54.45
2026-06-21,T0040,P014,1,17.13
2026-06-21,T0040,P015,2,65.43
2026-06-21,T0040,P016,4,19.1
2026-06-21,T0040,P017,1,103.46
2026-06-21,T0040,P019,3,32.1
2026-06-22,T0001,P002,1,71.22
2026-06-22,T0001,P003,2,72.47
2026-06-22,T0001,P004,3,44.88
2026-06-22,T0001,P005,1,53.29
2026-06-22,T0001,P006,2,66.24
2026-06-22,T0001,P007,3,74.43
2026-06-22,T0001,P008,1,12.46
2026-06-22,T0001,P009,2,45.16
2026-06-22,T0001,P010,1,8.92
2026-06-22,T0001,P013,1,20.71
2026-06-22,T0001,P014,3,17.13
2026-06-22,T0001,P016,1,19.1
2026-06-22,T0001,P017,1,103.46
2026-06-22,T0001,P019,4,32.1
2026-06-22,T0002,P002,1,71.22
2026-06-22,T0002,P003,7,72.47
2026-06-22,T0002,P004,6,44.88
2026-06-22,T0002,P005,5,53.29
2026-06-22,T0002,P006,4,66.24
2026-06-22,T0002,P007,4,74.43
2026-06-22,T0002,P008,1,12.46
2026-06-22,T0002,P009,4,45.16
2026-06-22,T0002,P010,3,8.92
2026-06-22,T0002,P011,3,54.45
2026-06-22,T0002,P012,1,33.81
2026-06-22,T0002,P014,2,17.13
2026-06-22,T0002,P016,5,19.1
2026-06-22,T0002,P017,4,103.46
2026-06-22,T0002,P018,1,53.96
2026-06-22,T0002,P019,11,32.1
2026-06-22,T0003,P002,2,71.22
2026-06-22,T0003,P003,2,72.47
2026-06-22,T0003,P004,7,44.88
2026-06-22,T0003,P005,3,53.29
2026-06-22,T0003,P006,1,66.24
2026-06-22,T0003,P007,4,74.43
2026-06-22,T0003,P008,1,12.46
2026-06-22,T0003,P010,1,8.92
2026-06-22,T0003,P011,2,54.45
2026-06-22,T0003,P012,2,33.81
2026-06-22,T0003,P013,1,20.71
2026-06-22,T0003,P014,1,17.13
2026-06-22,T0003,P018,2,53.96
2026-06-22,T0003,P019,2,32.1
2026-06-22,T0003,P020,1,61.39
2026-06-22,T0004,P002,3,71.22
2026-06-22,T0004,P003,4,72.47
2026-06-22,T0004,P004,4,44.88
2026-06-22,T0004,P005,2,53.29
2026-06-22,T0004,P006,2,66.24
2026-06-22,T0004,P007,5,74.43
2026-06-22,T0004,P008,2,12.46
2026-06-22,T0004,P009,3,45.16
2026-06-22,T0004,P010,1,8.92
2026-06-22,T0004,P014,1,17.13
2026-06-22,T0004,P015,1,65.43
2026-06-22,T0004,P017,1,103.46
2026-06-22,T0004,P019,3,32.1
2026-06-22,T0005,P002,2,71.22
2026-06-22,T0005,P003,5,72.47
2026-06-22,T0005,P004,5,44.88
2026-06-22,T0005,P005,5,53.29
2026-06-22,T0005,P006,2,66.24
2026-06-22,T0005,P007,2,74.43
2026-06-22,T0005,P008,3,12.46
2026-06-22,T0005,P009,2,45.16
2026-06-22,T0005,P010,1,8.92
2026-06-22,T0005,P011,5,54.45
2026-06-22,T0005,P012,1,33.81
2026-06-22,T0005,P014,2,17.13
2026-06-22,T0005,P015,2,65.43
2026-06-22,T0005,P016,3,19.1
2026-06-22,T0005,P017,1,103.46
2026-06-22,T0005,P018,1,53.96
2026-06-22,T0005,P019,4,32.1
2026-06-22,T0006,P002,5,71.22
2026-06-22,T0006,P003,9,72.47
2026-06-22,T0006,P004,9,44.88
2026-06-22,T0006,P005,9,53.29
2026-06-22,T0006,P006,10,66.24
2026-06-22,T0006,P007,7,74.43
2026-06-22,T0006,P008,3,12.46
2026-06-22,T0006,P009,1,45.16
2026-06-22,T0006,P010,7,8.92
2026-06-22,T0006,P011,9,54.45
2026-06-22,T0006,P012,3,33.81
2026-06-22,T0006,P013,1,20.71
2026-06-22,T0006,P014,6,17.13
2026-06-22,T0006,P015,2,65.43
2026-06-22,T0006,P016,10,19.1
2026-06-22,T0006,P017,3,103.46
2026-06-22,T0006,P018,1,53.96
2026-06-22,T0006,P019,9,32.1
2026-06-22,T0006,P020,4,61.39
2026-06-22,T0007,P002,4,71.22
2026-06-22,T0007,P003,11,72.47
2026-06-22,T0007,P004,2,44.88
2026-06-22,T0007,P005,6,53.29
2026-06-22,T0007,P006,4,66.24
2026-06-22,T0007,P007,5,74.43
2026-06-22,T0007,P008,1,12.46
2026-06-22,T0007,P009,3,45.16
2026-06-22,T0007,P010,3,8.92
2026-06-22,T0007,P011,5,54.45
2026-06-22,T0007,P012,3,33.81
2026-06-22,T0007,P014,3,17.13
2026-06-22,T0007,P015,1,65.43
2026-06-22,T0007,P016,4,19.1
2026-06-22,T0007,P018,3,53.96
2026-06-22,T0007,P019,2,32.1
2026-06-22,T0008,P001,3,77.79
2026-06-22,T0008,P002,5,71.22
2026-06-22,T0008,P003,8,72.47
2026-06-22,T0008,P004,5,44.88
2026-06-22,T0008,P005,8,53.29
2026-06-22,T0008,P006,10,66.24
2026-06-22,T0008,P007,6,74.43
2026-06-22,T0008,P008,5,12.46
2026-06-22,T0008,P009,3,45.16
2026-06-22,T0008,P010,4,8.92
2026-06-22,T0008,P011,6,54.45
2026-06-22,T0008,P012,4,33.81
2026-06-22,T0008,P013,1,20.71
2026-06-22,T0008,P014,5,17.13
2026-06-22,T0008,P015,3,65.43
2026-06-22,T0008,P016,6,19.1
2026-06-22,T0008,P017,2,103.46
2026-06-22,T0008,P018,1,53.96
2026-06-22,T0008,P019,7,32.1
2026-06-22,T0008,P020,2,61.39
2026-06-22,T0009,P002,5,71.22
2026-06-22,T0009,P003,4,72.47
2026-06-22,T0009,P004,8,44.88
2026-06-22,T0009,P005,6,53.29
2026-06-22,T0009,P006,3,66.24
2026-06-22,T0009,P007,3,74.43
2026-06-22,T0009,P008,4,12.46
2026-06-22,T0009,P009,3,45.16
2026-06-22,T0009,P010,6,8.92
2026-06-22,T0009,P011,4,54.45
2026-06-22,T0009,P012,2,33.81
2026-06-22,T0009,P014,2,17.13
2026-06-22,T0009,P015,2,65.43
2026-06-22,T0009,P016,3,19.1
2026-06-22,T0009,P017,2,103.46
2026-06-22,T0009,P018,2,53.96
2026-06-22,T0009,P019,2,32.1
2026-06-22,T0009,P020,2,61.39
2026-06-22,T0010,P002,2,71.22
2026-06-22,T0010,P003,4,72.47
2026-06-22,T0010,P004,5,44.88
2026-06-22,T0010,P005,3,53.29
2026-06-22,T0010,P006,1,66.24
2026-06-22,T0010,P007,2,74.43
2026-06-22,T0010,P008,3,12.46
2026-06-22,T0010,P010,2,8.92
2026-06-22,T0010,P012,3,33.81
2026-06-22,T0010,P013,2,20.71
2026-06-22,T0010,P014,5,17.13
2026-06-22,T0010,P015,1,65.43
2026-06-22,T0010,P016,1,19.1
2026-06-22,T0010,P018,1,53.96
2026-06-22,T0010,P019,6,32.1
2026-06-22,T0010,P020,1,61.39
2026-06-22,T0011,P003,1,72.47
2026-06-22,T0011,P004,3,44.88
2026-06-22,T0011,P005,3,53.29
2026-06-22,T0011,P006,2,66.24
2026-06-22,T0011,P007,1,74.43
2026-06-22,T0011,P008,3,12.46
2026-06-22,T0011,P010,1,8.92
2026-06-22,T0011,P016,1,19.1
2026-06-22,T0011,P017,1,103.46
2026-06-22,T0011,P019,2,32.1
2026-06-22,T0011,P020,1,61.39
2026-06-22,T0012,P002,3,71.22
2026-06-22,T0012,P003,1,72.47
2026-06-22,T0012,P004,1,44.88
2026-06-22,T0012,P005,2,53.29
2026-06-22,T0012,P007,1,74.43
2026-06-22,T0012,P008,2,12.46
2026-06-22,T0012,P009,1,45.16
2026-06-22,T0012,P010,1,8.92
2026-06-22,T0012,P013,2,20.71
2026-06-22,T0012,P014,2,17.13
2026-06-22,T0012,P017,2,103.46
2026-06-22,T0012,P019,2,32.1
2026-06-22,T0013,P002,2,71.22
2026-06-22,T0013,P003,7,72.47
2026-06-22,T0013,P004,3,44.88
2026-06-22,T0013,P005,1,53.29
2026-06-22,T0013,P006,5,66.24
2026-06-22,T0013,P007,1,74.43
2026-06-22,T0013,P008,1,12.46
2026-06-22,T0013,P009,2,45.16
2026-06-22,T0013,P010,7,8.92
2026-06-22,T0013,P011,2,54.45
2026-06-22,T0013,P012,1,33.81
2026-06-22,T0013,P014,1,17.13
2026-06-22,T0013,P016,3,19.1
2026-06-22,T0013,P019,1,32.1
2026-06-22,T0014,P002,1,71.22
2026-06-22,T0014,P003,2,72.47
2026-06-22,T0014,P004,2,44.88
2026-06-22,T0014,P005,5,53.29
2026-06-22,T0014,P006,1,66.24
2026-06-22,T0014,P007,2,74.43
2026-06-22,T0014,P008,2,12.46
2026-06-22,T0014,P009,1,45.16
2026-06-22,T0014,P011,1,54.45
2026-06-22,T0014,P014,3,17.13
2026-06-22,T0014,P015,2,65.43
2026-06-22,T0014,P016,3,19.1
2026-06-22,T0014,P019,2,32.1
2026-06-22,T0014,P020,1,61.39
2026-06-22,T0015,P005,66,53.29
2026-06-22,T0015,P006,70,66.24
2026-06-22,T0015,P009,29,45.16
2026-06-22,T0015,P011,48,54.45
2026-06-22,T0015,P020,15,61.39
2026-06-22,T0016,P005,94,53.29
2026-06-22,T0017,P001,1,77.79
2026-06-22,T0017,P002,2,71.22
2026-06-22,T0017,P003,2,72.47
2026-06-22,T0017,P004,5,44.88
2026-06-22,T0017,P005,2,53.29
2026-06-22,T0017,P007,3,74.43
2026-06-22,T0017,P009,2,45.16
2026-06-22,T0017,P010,2,8.92
2026-06-22,T0017,P011,1,54.45
2026-06-22,T0017,P014,2,17.13
2026-06-22,T0017,P015,2,65.43
2026-06-22,T0017,P016,2,19.1
2026-06-22,T0017,P018,1,53.96
2026-06-22,T0017,P019,1,32.1
2026-06-22,T0017,P020,1,61.39
2026-06-22,T0018,P003,1,72.47
2026-06-22,T0018,P004,1,44.88
2026-06-22,T0018,P005,2,53.29
2026-06-22,T0018,P006,4,66.24
2026-06-22,T0018,P007,1,74.43
2026-06-22,T0018,P008,1,12.46
2026-06-22,T0018,P010,2,8.92
2026-06-22,T0018,P011,1,54.45
2026-06-22,T0018,P012,1,33.81
2026-06-22,T0018,P016,1,19.1
2026-06-22,T0018,P018,1,53.96
2026-06-22,T0018,P019,2,32.1
2026-06-22,T0019,P001,1,77.79
2026-06-22,T0019,P003,4,72.47
2026-06-22,T0019,P004,7,44.88
2026-06-22,T0019,P006,6,66.24
2026-06-22,T0019,P007,1,74.43
2026-06-22,T0019,P008,3,12.46
2026-06-22,T0019,P009,1,45.16
2026-06-22,T0019,P011,1,54.45
2026-06-22,T0019,P013,1,20.71
2026-06-22,T0019,P014,6,17.13
2026-06-22,T0019,P015,1,65.43
2026-06-22,T0019,P019,3,32.1
2026-06-22,T0020,P001,1,77.79
2026-06-22,T0020,P002,1,71.22
2026-06-22,T0020,P004,2,44.88
2026-06-22,T0020,P005,1,53.29
2026-06-22,T0020,P006,2,66.24
2026-06-22,T0020,P007,1,74.43
2026-06-22,T0020,P008,1,12.46
2026-06-22,T0020,P011,2,54.45
2026-06-22,T0020,P012,1,33.81
2026-06-22,T0020,P014,3,17.13
2026-06-22,T0020,P016,1,19.1
2026-06-22,T0020,P019,1,32.1
2026-06-22,T0021,P002,1,71.22
2026-06-22,T0021,P003,4,72.47
2026-06-22,T0021,P005,3,53.29
2026-06-22,T0021,P006,1,66.24
2026-06-22,T0021,P007,1,74.43
2026-06-22,T0021,P008,1,12.46
2026-06-22,T0021,P009,1,45.16
2026-06-22,T0021,P010,3,8.92
2026-06-22,T0021,P011,1,54.45
2026-06-22,T0021,P012,1,33.81
2026-06-22,T0021,P015,1,65.43
2026-06-22,T0021,P016,4,19.1
2026-06-22,T0021,P019,3,32.1
2026-06-22,T0022,P004,3,44.88
2026-06-22,T0022,P007,3,74.43
2026-06-22,T0022,P011,1,54.45
2026-06-22,T0022,P012,1,33.81
2026-06-22,T0022,P014,3,17.13
2026-06-22,T0022,P017,1,103.46
2026-06-22,T0023,P008,2,12.46
2026-06-22,T0023,P016,1,19.1
2026-06-22,T0023,P020,2,61.39
2026-06-22,T0024,P003,3,72.47
2026-06-22,T0024,P005,2,53.29
2026-06-22,T0024,P007,3,74.43
2026-06-22,T0024,P009,1,45.16
2026-06-22,T0024,P012,1,33.81
2026-06-22,T0024,P013,1,20.71
2026-06-22,T0024,P014,2,17.13
2026-06-22,T0024,P015,1,65.43
2026-06-22,T0024,P016,4,19.1
2026-06-22,T0024,P019,3,32.1
2026-06-22,T0025,P002,1,71.22
2026-06-22,T0025,P003,2,72.47
2026-06-22,T0025,P004,1,44.88
2026-06-22,T0025,P007,1,74.43
2026-06-22,T0025,P008,2,12.46
2026-06-22,T0025,P010,1,8.92
2026-06-22,T0025,P012,1,33.81
2026-06-22,T0025,P014,1,17.13
2026-06-22,T0025,P015,1,65.43
2026-06-22,T0025,P017,1,103.46
2026-06-22,T0025,P019,1,32.1
2026-06-22,T0026,P002,1,71.22
2026-06-22,T0026,P003,1,72.47
2026-06-22,T0026,P006,1,66.24
2026-06-22,T0026,P009,1,45.16
2026-06-22,T0026,P010,3,8.92
2026-06-22,T0026,P011,2,54.45
2026-06-22,T0026,P012,1,33.81
2026-06-22,T0026,P014,1,17.13
2026-06-22,T0026,P016,3,19.1
2026-06-22,T0026,P017,1,103.46
2026-06-22,T0026,P018,1,53.96
2026-06-22,T0027,P004,2,44.88
2026-06-22,T0027,P005,2,53.29
2026-06-22,T0027,P006,4,66.24
2026-06-22,T0027,P007,2,74.43
2026-06-22,T0027,P010,2,8.92
2026-06-22,T0027,P011,1,54.45
2026-06-22,T0027,P015,1,65.43
2026-06-22,T0027,P016,1,19.1
2026-06-22,T0027,P017,1,103.46
2026-06-22,T0027,P018,1,53.96
2026-06-22,T0027,P019,2,32.1
2026-06-22,T0028,P002,1,71.22
2026-06-22,T0028,P004,4,44.88
2026-06-22,T0028,P005,2,53.29
2026-06-22,T0028,P006,2,66.24
2026-06-22,T0028,P007,2,74.43
2026-06-22,T0028,P009,1,45.16
2026-06-22,T0028,P011,1,54.45
2026-06-22,T0028,P013,1,20.71
2026-06-22,T0028,P014,2,17.13
2026-06-22,T0028,P015,2,65.43
2026-06-22,T0028,P016,2,19.1
2026-06-22,T0028,P019,2,32.1
2026-06-22,T0029,P003,1,72.47
2026-06-22,T0029,P004,4,44.88
2026-06-22,T0029,P006,1,66.24
2026-06-22,T0029,P008,1,12.46
2026-06-22,T0029,P009,2,45.16
2026-06-22,T0029,P011,1,54.45
2026-06-22,T0029,P014,1,17.13
2026-06-22,T0029,P015,1,65.43
2026-06-22,T0030,P002,1,71.22
2026-06-22,T0030,P003,1,72.47
2026-06-22,T0030,P004,3,44.88
2026-06-22,T0030,P005,3,53.29
2026-06-22,T0030,P006,2,66.24
2026-06-22,T0030,P010,1,8.92
2026-06-22,T0030,P011,2,54.45
2026-06-22,T0030,P012,1,33.81
2026-06-22,T0030,P013,1,20.71
2026-06-22,T0030,P014,3,17.13
2026-06-22,T0030,P016,6,19.1
2026-06-22,T0030,P018,1,53.96
2026-06-22,T0030,P019,3,32.1
2026-06-22,T0030,P020,1,61.39
2026-06-22,T0031,P002,2,71.22
2026-06-22,T0031,P004,2,44.88
2026-06-22,T0031,P005,3,53.29
2026-06-22,T0031,P006,4,66.24
2026-06-22,T0031,P007,3,74.43
2026-06-22,T0031,P008,2,12.46
2026-06-22,T0031,P009,1,45.16
2026-06-22,T0031,P010,2,8.92
2026-06-22,T0031,P011,1,54.45
2026-06-22,T0031,P015,1,65.43
2026-06-22,T0031,P016,3,19.1
2026-06-22,T0031,P017,3,103.46
2026-06-22,T0031,P019,1,32.1
2026-06-22,T0032,P003,3,72.47
2026-06-22,T0032,P004,2,44.88
2026-06-22,T0032,P005,4,53.29
2026-06-22,T0032,P006,1,66.24
2026-06-22,T0032,P007,4,74.43
2026-06-22,T0032,P008,1,12.46
2026-06-22,T0032,P009,1,45.16
2026-06-22,T0032,P010,4,8.92
2026-06-22,T0032,P011,2,54.45
2026-06-22,T0032,P012,1,33.81
2026-06-22,T0032,P014,1,17.13
2026-06-22,T0032,P016,2,19.1
2026-06-22,T0033,P004,3,44.88
2026-06-22,T0033,P011,1,54.45
2026-06-22,T0033,P014,1,17.13
2026-06-22,T0033,P016,2,19.1
2026-06-22,T0033,P019,1,32.1
2026-06-22,T0034,P003,1,72.47
2026-06-22,T0034,P006,2,66.24
2026-06-22,T0034,P007,3,74.43
2026-06-22,T0034,P008,1,12.46
2026-06-22,T0034,P011,2,54.45
2026-06-22,T0034,P013,1,20.71
2026-06-22,T0034,P014,1,17.13
2026-06-22,T0034,P015,2,65.43
2026-06-22,T0034,P017,1,103.46
2026-06-22,T0034,P019,3,32.1
2026-06-22,T0035,P003,2,72.47
2026-06-22,T0035,P004,1,44.88
2026-06-22,T0035,P006,1,66.24
2026-06-22,T0035,P008,1,12.46
2026-06-22,T0035,P010,3,8.92
2026-06-22,T0035,P011,1,54.45
2026-06-22,T0035,P014,2,17.13
2026-06-22,T0036,P002,1,71.22
2026-06-22,T0036,P003,1,72.47
2026-06-22,T0036,P005,1,53.29
2026-06-22,T0036,P007,3,74.43
2026-06-22,T0036,P010,2,8.92
2026-06-22,T0036,P012,1,33.81
2026-06-22,T0036,P015,1,65.43
2026-06-22,T0036,P017,2,103.46
2026-06-22,T0036,P018,1,53.96
2026-06-22,T0036,P019,2,32.1
2026-06-22,T0037,P002,1,71.22
2026-06-22,T0037,P004,2,44.88
2026-06-22,T0037,P006,1,66.24
2026-06-22,T0037,P007,3,74.43
2026-06-22,T0037,P008,3,12.46
2026-06-22,T0037,P009,1,45.16
2026-06-22,T0037,P010,1,8.92
2026-06-22,T0037,P012,1,33.81
2026-06-22,T0037,P014,1,17.13
2026-06-22,T0037,P015,1,65.43
2026-06-22,T0037,P016,3,19.1
2026-06-22,T0037,P019,1,32.1
2026-06-22,T0038,P002,2,71.22
2026-06-22,T0038,P003,1,72.47
2026-06-22,T0038,P004,1,44.88
2026-06-22,T0038,P005,1,53.29
2026-06-22,T0038,P006,2,66.24
2026-06-22,T0038,P007,2,74.43
2026-06-22,T0038,P010,2,8.92
2026-06-22,T0038,P011,1,54.45
2026-06-22,T0038,P014,3,17.13
2026-06-22,T0038,P016,3,19.1
2026-06-22,T0038,P019,1,32.1
2026-06-22,T0039,P002,1,71.22
2026-06-22,T0039,P003,1,72.47
2026-06-22,T0039,P004,1,44.88
2026-06-22,T0039,P005,1,53.29
2026-06-22,T0039,P006,3,66.24
2026-06-22,T0039,P007,3,74.43
2026-06-22,T0039,P008,2,12.46
2026-06-22,T0039,P010,1,8.92
2026-06-22,T0039,P011,1,54.45
2026-06-22,T0039,P012,3,33.81
2026-06-22,T0039,P013,1,20.71
2026-06-22,T0039,P014,1,17.13
2026-06-22,T0039,P015,2,65.43
2026-06-22,T0039,P016,2,19.1
2026-06-22,T0039,P018,1,53.96
2026-06-22,T0039,P019,1,32.1
2026-06-22,T0040,P002,3,71.22
2026-06-22,T0040,P003,1,72.47
2026-06-22,T0040,P004,2,44.88
2026-06-22,T0040,P005,2,53.29
2026-06-22,T0040,P006,1,66.24
2026-06-22,T0040,P007,2,74.43
2026-06-22,T0040,P008,1,12.46
2026-06-22,T0040,P009,1,45.16
2026-06-22,T0040,P010,2,8.92
2026-06-22,T0040,P011,2,54.45
2026-06-22,T0040,P012,2,33.81
2026-06-22,T0040,P015,1,65.43
2026-06-22,T0040,P016,2,19.1
2026-06-22,T0040,P017,1,103.46
2026-06-22,T0040,P018,1,53.96
2026-06-22,T0040,P019,2,32.1
2026-06-23,T0001,P003,4,72.47
2026-06-23,T0001,P004,4,44.88
2026-06-23,T0001,P006,1,66.24
2026-06-23,T0001,P007,4,74.43
2026-06-23,T0001,P008,3,12.46
2026-06-23,T0001,P009,1,45.16
2026-06-23,T0001,P010,2,8.92
2026-06-23,T0001,P011,1,54.45
2026-06-23,T0001,P014,5,17.13
2026-06-23,T0001,P015,1,65.43
2026-06-23,T0001,P016,3,19.1
2026-06-23,T0001,P017,1,103.46
2026-06-23,T0001,P018,2,53.96
2026-06-23,T0001,P019,4,32.1
2026-06-23,T0002,P001,1,77.79
2026-06-23,T0002,P002,4,71.22
2026-06-23,T0002,P003,10,72.47
2026-06-23,T0002,P004,5,44.88
2026-06-23,T0002,P005,6,53.29
2026-06-23,T0002,P006,13,66.24
2026-06-23,T0002,P007,6,74.43
2026-06-23,T0002,P008,5,12.46
2026-06-23,T0002,P009,4,45.16
2026-06-23,T0002,P010,1,8.92
2026-06-23,T0002,P011,9,54.45
2026-06-23,T0002,P012,1,33.81
2026-06-23,T0002,P014,4,17.13
2026-06-23,T0002,P015,1,65.43
2026-06-23,T0002,P016,6,19.1
2026-06-23,T0002,P019,2,32.1
2026-06-23,T0002,P020,5,61.39
2026-06-23,T0003,P001,1,77.79
2026-06-23,T0003,P002,1,71.22
2026-06-23,T0003,P003,2,72.47
2026-06-23,T0003,P004,1,44.88
2026-06-23,T0003,P005,3,53.29
2026-06-23,T0003,P006,4,66.24
2026-06-23,T0003,P007,2,74.43
2026-06-23,T0003,P008,1,12.46
2026-06-23,T0003,P009,1,45.16
2026-06-23,T0003,P010,3,8.92
2026-06-23,T0003,P011,1,54.45
2026-06-23,T0003,P012,2,33.81
2026-06-23,T0003,P014,2,17.13
2026-06-23,T0003,P015,3,65.43
2026-06-23,T0003,P016,3,19.1
2026-06-23,T0003,P020,1,61.39
2026-06-23,T0004,P002,2,71.22
2026-06-23,T0004,P003,4,72.47
2026-06-23,T0004,P005,4,53.29
2026-06-23,T0004,P006,4,66.24
2026-06-23,T0004,P007,4,74.43
2026-06-23,T0004,P008,3,12.46
2026-06-23,T0004,P009,1,45.16
2026-06-23,T0004,P010,3,8.92
2026-06-23,T0004,P011,2,54.45
2026-06-23,T0004,P014,2,17.13
2026-06-23,T0004,P015,1,65.43
2026-06-23,T0004,P016,2,19.1
2026-06-23,T0004,P017,1,103.46
2026-06-23,T0004,P019,4,32.1
2026-06-23,T0004,P020,2,61.39
2026-06-23,T0005,P001,1,77.79
2026-06-23,T0005,P002,1,71.22
2026-06-23,T0005,P003,4,72.47
2026-06-23,T0005,P005,2,53.29
2026-06-23,T0005,P006,2,66.24
2026-06-23,T0005,P007,4,74.43
2026-06-23,T0005,P010,2,8.92
2026-06-23,T0005,P011,3,54.45
2026-06-23,T0005,P012,1,33.81
2026-06-23,T0005,P014,4,17.13
2026-06-23,T0005,P015,1,65.43
2026-06-23,T0005,P016,3,19.1
2026-06-23,T0005,P019,5,32.1
2026-06-23,T0005,P020,1,61.39
2026-06-23,T0006,P001,1,77.79
2026-06-23,T0006,P002,6,71.22
2026-06-23,T0006,P003,9,72.47
2026-06-23,T0006,P004,9,44.88
2026-06-23,T0006,P005,8,53.29
2026-06-23,T0006,P006,6,66.24
2026-06-23,T0006,P007,11,74.43
2026-06-23,T0006,P008,2,12.46
2026-06-23,T0006,P010,12,8.92
2026-06-23,T0006,P011,4,54.45
2026-06-23,T0006,P012,6,33.81
2026-06-23,T0006,P013,1,20.71
2026-06-23,T0006,P014,10,17.13
2026-06-23,T0006,P015,6,65.43
2026-06-23,T0006,P016,6,19.1
2026-06-23,T0006,P017,1,103.46
2026-06-23,T0006,P018,4,53.96
2026-06-23,T0006,P019,3,32.1
2026-06-23,T0006,P020,1,61.39
2026-06-23,T0007,P001,1,77.79
2026-06-23,T0007,P002,5,71.22
2026-06-23,T0007,P003,4,72.47
2026-06-23,T0007,P004,11,44.88
2026-06-23,T0007,P005,6,53.29
2026-06-23,T0007,P006,5,66.24
2026-06-23,T0007,P008,3,12.46
2026-06-23,T0007,P009,2,45.16
2026-06-23,T0007,P010,5,8.92
2026-06-23,T0007,P011,2,54.45
2026-06-23,T0007,P012,4,33.81
2026-06-23,T0007,P013,1,20.71
2026-06-23,T0007,P014,7,17.13
2026-06-23,T0007,P015,2,65.43
2026-06-23,T0007,P016,2,19.1
2026-06-23,T0007,P017,3,103.46
2026-06-23,T0007,P019,8,32.1
2026-06-23,T0007,P020,1,61.39
2026-06-23,T0008,P002,7,71.22
2026-06-23,T0008,P003,9,72.47
2026-06-23,T0008,P004,13,44.88
2026-06-23,T0008,P005,12,53.29
2026-06-23,T0008,P006,6,66.24
2026-06-23,T0008,P007,8,74.43
2026-06-23,T0008,P008,6,12.46
2026-06-23,T0008,P009,3,45.16
2026-06-23,T0008,P010,7,8.92
2026-06-23,T0008,P011,8,54.45
2026-06-23,T0008,P012,2,33.81
2026-06-23,T0008,P013,1,20.71
2026-06-23,T0008,P014,5,17.13
2026-06-23,T0008,P015,3,65.43
2026-06-23,T0008,P016,7,19.1
2026-06-23,T0008,P017,1,103.46
2026-06-23,T0008,P018,2,53.96
2026-06-23,T0008,P019,8,32.1
2026-06-23,T0008,P020,1,61.39
2026-06-23,T0009,P001,1,77.79
2026-06-23,T0009,P002,4,71.22
2026-06-23,T0009,P003,2,72.47
2026-06-23,T0009,P004,4,44.88
2026-06-23,T0009,P005,9,53.29
2026-06-23,T0009,P006,6,66.24
2026-06-23,T0009,P007,6,74.43
2026-06-23,T0009,P008,4,12.46
2026-06-23,T0009,P010,3,8.92
2026-06-23,T0009,P011,7,54.45
2026-06-23,T0009,P012,2,33.81
2026-06-23,T0009,P013,1,20.71
2026-06-23,T0009,P014,7,17.13
2026-06-23,T0009,P015,1,65.43
2026-06-23,T0009,P016,1,19.1
2026-06-23,T0009,P017,1,103.46
2026-06-23,T0009,P019,3,32.1
2026-06-23,T0009,P020,2,61.39
2026-06-23,T0010,P001,1,77.79
2026-06-23,T0010,P003,2,72.47
2026-06-23,T0010,P004,4,44.88
2026-06-23,T0010,P005,1,53.29
2026-06-23,T0010,P006,8,66.24
2026-06-23,T0010,P007,4,74.43
2026-06-23,T0010,P008,3,12.46
2026-06-23,T0010,P009,1,45.16
2026-06-23,T0010,P010,5,8.92
2026-06-23,T0010,P011,2,54.45
2026-06-23,T0010,P013,1,20.71
2026-06-23,T0010,P014,5,17.13
2026-06-23,T0010,P015,1,65.43
2026-06-23,T0010,P017,3,103.46
2026-06-23,T0010,P019,3,32.1
2026-06-23,T0011,P002,1,71.22
2026-06-23,T0011,P004,2,44.88
2026-06-23,T0011,P005,2,53.29
2026-06-23,T0011,P006,1,66.24
2026-06-23,T0011,P007,2,74.43
2026-06-23,T0011,P008,1,12.46
2026-06-23,T0011,P010,2,8.92
2026-06-23,T0011,P011,1,54.45
2026-06-23,T0011,P012,2,33.81
2026-06-23,T0011,P014,1,17.13
2026-06-23,T0011,P019,1,32.1
2026-06-23,T0012,P003,1,72.47
2026-06-23,T0012,P004,3,44.88
2026-06-23,T0012,P005,2,53.29
2026-06-23,T0012,P006,3,66.24
2026-06-23,T0012,P007,3,74.43
2026-06-23,T0012,P008,1,12.46
2026-06-23,T0012,P009,1,45.16
2026-06-23,T0012,P010,6,8.92
2026-06-23,T0012,P011,1,54.45
2026-06-23,T0012,P012,1,33.81
2026-06-23,T0012,P013,1,20.71
2026-06-23,T0012,P014,3,17.13
2026-06-23,T0012,P016,2,19.1
2026-06-23,T0012,P018,1,53.96
2026-06-23,T0012,P019,4,32.1
2026-06-23,T0013,P002,1,71.22
2026-06-23,T0013,P003,2,72.47
2026-06-23,T0013,P004,3,44.88
2026-06-23,T0013,P005,4,53.29
2026-06-23,T0013,P006,6,66.24
2026-06-23,T0013,P007,8,74.43
2026-06-23,T0013,P008,4,12.46
2026-06-23,T0013,P010,6,8.92
2026-06-23,T0013,P011,3,54.45
2026-06-23,T0013,P012,1,33.81
2026-06-23,T0013,P013,1,20.71
2026-06-23,T0013,P014,5,17.13
2026-06-23,T0013,P015,2,65.43
2026-06-23,T0013,P016,3,19.1
2026-06-23,T0013,P017,1,103.46
2026-06-23,T0013,P019,3,32.1
2026-06-23,T0013,P020,2,61.39
2026-06-23,T0014,P001,1,77.79
2026-06-23,T0014,P002,2,71.22
2026-06-23,T0014,P003,3,72.47
2026-06-23,T0014,P004,3,44.88
2026-06-23,T0014,P005,2,53.29
2026-06-23,T0014,P006,3,66.24
2026-06-23,T0014,P007,3,74.43
2026-06-23,T0014,P008,2,12.46
2026-06-23,T0014,P009,5,45.16
2026-06-23,T0014,P010,6,8.92
2026-06-23,T0014,P011,2,54.45
2026-06-23,T0014,P012,1,33.81
2026-06-23,T0014,P013,2,20.71
2026-06-23,T0014,P014,4,17.13
2026-06-23,T0014,P016,4,19.1
2026-06-23,T0014,P017,2,103.46
2026-06-23,T0014,P018,1,53.96
2026-06-23,T0014,P019,3,32.1
2026-06-23,T0015,P011,65,54.45
2026-06-23,T0016,P001,15,77.79
2026-06-23,T0016,P008,74,12.46
2026-06-23,T0016,P012,55,33.81
2026-06-23,T0017,P003,2,72.47
2026-06-23,T0017,P004,2,44.88
2026-06-23,T0017,P005,1,53.29
2026-06-23,T0017,P006,4,66.24
2026-06-23,T0017,P007,1,74.43
2026-06-23,T0017,P008,2,12.46
2026-06-23,T0017,P009,2,45.16
2026-06-23,T0017,P010,1,8.92
2026-06-23,T0017,P011,3,54.45
2026-06-23,T0017,P012,2,33.81
2026-06-23,T0017,P013,1,20.71
2026-06-23,T0017,P014,1,17.13
2026-06-23,T0017,P016,5,19.1
2026-06-23,T0017,P018,1,53.96
2026-06-23,T0017,P019,1,32.1
2026-06-23,T0018,P003,5,72.47
2026-06-23,T0018,P004,1,44.88
2026-06-23,T0018,P005,3,53.29
2026-06-23,T0018,P007,3,74.43
2026-06-23,T0018,P009,1,45.16
2026-06-23,T0018,P010,3,8.92
2026-06-23,T0018,P011,2,54.45
2026-06-23,T0018,P014,2,17.13
2026-06-23,T0018,P015,1,65.43
2026-06-23,T0018,P016,3,19.1
2026-06-23,T0018,P019,1,32.1
2026-06-23,T0019,P001,1,77.79
2026-06-23,T0019,P002,2,71.22
2026-06-23,T0019,P003,6,72.47
2026-06-23,T0019,P004,1,44.88
2026-06-23,T0019,P005,4,53.29
2026-06-23,T0019,P006,2,66.24
2026-06-23,T0019,P007,3,74.43
2026-06-23,T0019,P008,1,12.46
2026-06-23,T0019,P011,1,54.45
2026-06-23,T0019,P014,4,17.13
2026-06-23,T0019,P016,2,19.1
2026-06-23,T0019,P017,1,103.46
2026-06-23,T0019,P019,3,32.1
2026-06-23,T0019,P020,3,61.39
2026-06-23,T0020,P004,1,44.88
2026-06-23,T0020,P005,1,53.29
2026-06-23,T0020,P006,2,66.24
2026-06-23,T0020,P007,1,74.43
2026-06-23,T0020,P009,1,45.16
2026-06-23,T0020,P010,2,8.92
2026-06-23,T0020,P011,1,54.45
2026-06-23,T0020,P015,2,65.43
2026-06-23,T0020,P016,2,19.1
2026-06-23,T0021,P003,1,72.47
2026-06-23,T0021,P004,1,44.88
2026-06-23,T0021,P008,1,12.46
2026-06-23,T0021,P010,2,8.92
2026-06-23,T0021,P011,1,54.45
2026-06-23,T0021,P012,1,33.81
2026-06-23,T0021,P014,2,17.13
2026-06-23,T0021,P016,3,19.1
2026-06-23,T0021,P019,2,32.1
2026-06-23,T0022,P002,1,71.22
2026-06-23,T0022,P004,1,44.88
2026-06-23,T0022,P005,1,53.29
2026-06-23,T0022,P006,1,66.24
2026-06-23,T0022,P007,1,74.43
2026-06-23,T0022,P011,1,54.45
2026-06-23,T0022,P012,2,33.81
2026-06-23,T0022,P014,1,17.13
2026-06-23,T0022,P016,2,19.1
2026-06-23,T0023,P001,1,77.79
2026-06-23,T0023,P003,2,72.47
2026-06-23,T0023,P004,2,44.88
2026-06-23,T0023,P006,2,66.24
2026-06-23,T0023,P007,1,74.43
2026-06-23,T0023,P008,2,12.46
2026-06-23,T0023,P010,1,8.92
2026-06-23,T0023,P015,1,65.43
2026-06-23,T0023,P016,1,19.1
2026-06-23,T0024,P002,4,71.22
2026-06-23,T0024,P003,3,72.47
2026-06-23,T0024,P005,2,53.29
2026-06-23,T0024,P006,1,66.24
2026-06-23,T0024,P007,1,74.43
2026-06-23,T0024,P008,1,12.46
2026-06-23,T0024,P009,2,45.16
2026-06-23,T0024,P010,1,8.92
2026-06-23,T0024,P011,3,54.45
2026-06-23,T0024,P012,1,33.81
2026-06-23,T0024,P014,2,17.13
2026-06-23,T0024,P016,2,19.1
2026-06-23,T0024,P019,2,32.1
2026-06-23,T0025,P003,1,72.47
2026-06-23,T0025,P009,1,45.16
2026-06-23,T0025,P010,1,8.92
2026-06-23,T0025,P014,2,17.13
2026-06-23,T0025,P017,1,103.46
2026-06-23,T0025,P019,1,32.1
2026-06-23,T0026,P001,1,77.79
2026-06-23,T0026,P003,4,72.47
2026-06-23,T0026,P004,1,44.88
2026-06-23,T0026,P011,1,54.45
2026-06-23,T0026,P012,1,33.81
2026-06-23,T0026,P013,1,20.71
2026-06-23,T0026,P015,1,65.43
2026-06-23,T0026,P017,1,103.46
2026-06-23,T0026,P018,1,53.96
2026-06-23,T0026,P019,1,32.1
2026-06-23,T0027,P003,2,72.47
2026-06-23,T0027,P004,2,44.88
2026-06-23,T0027,P005,2,53.29
2026-06-23,T0027,P006,1,66.24
2026-06-23,T0027,P007,1,74.43
2026-06-23,T0027,P008,2,12.46
2026-06-23,T0027,P010,1,8.92
2026-06-23,T0027,P014,1,17.13
2026-06-23,T0027,P015,1,65.43
2026-06-23,T0027,P019,2,32.1
2026-06-23,T0028,P002,1,71.22
2026-06-23,T0028,P003,2,72.47
2026-06-23,T0028,P006,2,66.24
2026-06-23,T0028,P010,4,8.92
2026-06-23,T0028,P011,2,54.45
2026-06-23,T0028,P012,1,33.81
2026-06-23,T0028,P015,1,65.43
2026-06-23,T0028,P016,5,19.1
2026-06-23,T0028,P017,1,103.46
2026-06-23,T0028,P018,1,53.96
2026-06-23,T0028,P019,3,32.1
2026-06-23,T0029,P003,2,72.47
2026-06-23,T0029,P004,1,44.88
2026-06-23,T0029,P005,4,53.29
2026-06-23,T0029,P007,1,74.43
2026-06-23,T0029,P010,1,8.92
2026-06-23,T0029,P011,1,54.45
2026-06-23,T0029,P012,1,33.81
2026-06-23,T0029,P014,2,17.13
2026-06-23,T0029,P017,1,103.46
2026-06-23,T0029,P019,2,32.1
2026-06-23,T0030,P003,1,72.47
2026-06-23,T0030,P004,1,44.88
2026-06-23,T0030,P005,5,53.29
2026-06-23,T0030,P007,3,74.43
2026-06-23,T0030,P008,1,12.46
2026-06-23,T0030,P010,3,8.92
2026-06-23,T0030,P011,1,54.45
2026-06-23,T0030,P016,3,19.1
2026-06-23,T0030,P017,1,103.46
2026-06-23,T0030,P019,1,32.1
2026-06-23,T0031,P002,1,71.22
2026-06-23,T0031,P003,1,72.47
2026-06-23,T0031,P004,2,44.88
2026-06-23,T0031,P005,2,53.29
2026-06-23,T0031,P006,4,66.24
2026-06-23,T0031,P007,6,74.43
2026-06-23,T0031,P008,2,12.46
2026-06-23,T0031,P010,4,8.92
2026-06-23,T0031,P016,3,19.1
2026-06-23,T0031,P019,1,32.1
2026-06-23,T0031,P020,1,61.39
2026-06-23,T0032,P003,1,72.47
2026-06-23,T0032,P004,1,44.88
2026-06-23,T0032,P005,3,53.29
2026-06-23,T0032,P008,3,12.46
2026-06-23,T0032,P009,1,45.16
2026-06-23,T0032,P010,2,8.92
2026-06-23,T0032,P011,5,54.45
2026-06-23,T0032,P012,1,33.81
2026-06-23,T0032,P014,1,17.13
2026-06-23,T0032,P015,1,65.43
2026-06-23,T0032,P016,1,19.1
2026-06-23,T0032,P017,1,103.46
2026-06-23,T0033,P003,4,72.47
2026-06-23,T0033,P006,2,66.24
2026-06-23,T0033,P011,1,54.45
2026-06-23,T0033,P012,2,33.81
2026-06-23,T0034,P003,1,72.47
2026-06-23,T0034,P004,1,44.88
2026-06-23,T0034,P005,1,53.29
2026-06-23,T0034,P006,2,66.24
2026-06-23,T0034,P010,2,8.92
2026-06-23,T0034,P011,1,54.45
2026-06-23,T0034,P014,2,17.13
2026-06-23,T0034,P016,1,19.1
2026-06-23,T0034,P019,2,32.1
2026-06-23,T0035,P002,1,71.22
2026-06-23,T0035,P004,1,44.88
2026-06-23,T0035,P005,1,53.29
2026-06-23,T0035,P006,2,66.24
2026-06-23,T0035,P007,2,74.43
2026-06-23,T0035,P010,2,8.92
2026-06-23,T0035,P011,2,54.45
2026-06-23,T0035,P012,2,33.81
2026-06-23,T0036,P002,1,71.22
2026-06-23,T0036,P003,1,72.47
2026-06-23,T0036,P004,1,44.88
2026-06-23,T0036,P007,2,74.43
2026-06-23,T0036,P009,1,45.16
2026-06-23,T0036,P013,1,20.71
2026-06-23,T0036,P014,2,17.13
2026-06-23,T0036,P016,1,19.1
2026-06-23,T0036,P019,1,32.1
2026-06-23,T0037,P003,2,72.47
2026-06-23,T0037,P004,3,44.88
2026-06-23,T0037,P005,2,53.29
2026-06-23,T0037,P006,4,66.24
2026-06-23,T0037,P007,1,74.43
2026-06-23,T0037,P008,1,12.46
2026-06-23,T0037,P009,2,45.16
2026-06-23,T0037,P014,2,17.13
2026-06-23,T0037,P016,1,19.1
2026-06-23,T0037,P017,1,103.46
2026-06-23,T0037,P019,1,32.1
2026-06-23,T0038,P002,1,71.22
2026-06-23,T0038,P004,1,44.88
2026-06-23,T0038,P005,2,53.29
2026-06-23,T0038,P006,2,66.24
2026-06-23,T0038,P007,3,74.43
2026-06-23,T0038,P010,1,8.92
2026-06-23,T0038,P011,1,54.45
2026-06-23,T0038,P012,1,33.81
2026-06-23,T0038,P014,1,17.13
2026-06-23,T0038,P016,1,19.1
2026-06-23,T0038,P019,1,32.1
2026-06-23,T0039,P001,3,77.79
2026-06-23,T0039,P002,2,71.22
2026-06-23,T0039,P004,1,44.88
2026-06-23,T0039,P005,2,53.29
2026-06-23,T0039,P006,2,66.24
2026-06-23,T0039,P007,1,74.43
2026-06-23,T0039,P008,2,12.46
2026-06-23,T0039,P010,3,8.92
2026-06-23,T0039,P011,4,54.45
2026-06-23,T0039,P012,1,33.81
2026-06-23,T0039,P014,2,17.13
2026-06-23,T0039,P016,2,19.1
2026-06-23,T0039,P017,1,103.46
2026-06-23,T0039,P019,2,32.1
2026-06-23,T0039,P020,1,61.39
2026-06-23,T0040,P002,3,71.22
2026-06-23,T0040,P003,3,72.47
2026-06-23,T0040,P004,2,44.88
2026-06-23,T0040,P005,2,53.29
2026-06-23,T0040,P006,2,66.24
2026-06-23,T0040,P008,3,12.46
2026-06-23,T0040,P009,1,45.16
2026-06-23,T0040,P010,1,8.92
2026-06-23,T0040,P012,2,33.81
2026-06-23,T0040,P014,3,17.13
2026-06-23,T0040,P015,1,65.43
2026-06-23,T0040,P016,5,19.1
2026-06-23,T0040,P017,2,103.46
2026-06-23,T0040,P019,2,32.1
2026-06-23,T0040,P020,2,61.39
2026-06-24,T0001,P002,1,71.22
2026-06-24,T0001,P003,3,72.47
2026-06-24,T0001,P004,4,44.88
2026-06-24,T0001,P005,2,53.29
2026-06-24,T0001,P006,3,66.24
2026-06-24,T0001,P007,5,74.43
2026-06-24,T0001,P008,2,12.46
2026-06-24,T0001,P009,3,45.16
2026-06-24,T0001,P010,1,8.92
2026-06-24,T0001,P011,1,54.45
2026-06-24,T0001,P014,3,17.13
2026-06-24,T0001,P015,3,65.43
2026-06-24,T0001,P016,1,19.1
2026-06-24,T0001,P017,2,103.46
2026-06-24,T0001,P018,4,53.96
2026-06-24,T0001,P019,1,32.1
2026-06-24,T0001,P020,1,61.39
2026-06-24,T0002,P002,5,71.22
2026-06-24,T0002,P003,2,72.47
2026-06-24,T0002,P005,3,53.29
2026-06-24,T0002,P006,1,66.24
2026-06-24,T0002,P007,5,74.43
2026-06-24,T0002,P008,4,12.46
2026-06-24,T0002,P009,3,45.16
2026-06-24,T0002,P010,4,8.92
2026-06-24,T0002,P014,6,17.13
2026-06-24,T0002,P015,1,65.43
2026-06-24,T0002,P016,6,19.1
2026-06-24,T0002,P019,5,32.1
2026-06-24,T0003,P002,2,71.22
2026-06-24,T0003,P003,2,72.47
2026-06-24,T0003,P004,6,44.88
2026-06-24,T0003,P005,2,53.29
2026-06-24,T0003,P006,3,66.24
2026-06-24,T0003,P007,1,74.43
2026-06-24,T0003,P010,2,8.92
2026-06-24,T0003,P011,2,54.45
2026-06-24,T0003,P012,1,33.81
2026-06-24,T0003,P014,3,17.13
2026-06-24,T0003,P016,1,19.1
2026-06-24,T0003,P017,1,103.46
2026-06-24,T0003,P018,1,53.96
2026-06-24,T0003,P019,4,32.1
2026-06-24,T0004,P001,2,77.79
2026-06-24,T0004,P002,1,71.22
2026-06-24,T0004,P003,2,72.47
2026-06-24,T0004,P004,5,44.88
2026-06-24,T0004,P005,4,53.29
2026-06-24,T0004,P006,3,66.24
2026-06-24,T0004,P008,1,12.46
2026-06-24,T0004,P010,2,8.92
2026-06-24,T0004,P011,3,54.45
2026-06-24,T0004,P014,4,17.13
2026-06-24,T0004,P015,2,65.43
2026-06-24,T0004,P016,3,19.1
2026-06-24,T0004,P018,1,53.96
2026-06-24,T0004,P019,2,32.1
2026-06-24,T0004,P020,1,61.39
2026-06-24,T0005,P003,1,72.47
2026-06-24,T0005,P004,3,44.88
2026-06-24,T0005,P006,1,66.24
2026-06-24,T0005,P007,3,74.43
2026-06-24,T0005,P008,1,12.46
2026-06-24,T0005,P010,4,8.92
2026-06-24,T0005,P011,2,54.45
2026-06-24,T0005,P014,6,17.13
2026-06-24,T0005,P016,5,19.1
2026-06-24,T0005,P017,1,103.46
2026-06-24,T0005,P019,1,32.1
2026-06-24,T0005,P020,1,61.39
2026-06-24,T0006,P001,3,77.79
2026-06-24,T0006,P002,3,71.22
2026-06-24,T0006,P003,14,72.47
2026-06-24,T0006,P004,9,44.88
2026-06-24,T0006,P005,5,53.29
2026-06-24,T0006,P006,7,66.24
2026-06-24,T0006,P007,8,74.43
2026-06-24,T0006,P008,10,12.46
2026-06-24,T0006,P009,4,45.16
2026-06-24,T0006,P010,8,8.92
2026-06-24,T0006,P011,6,54.45
2026-06-24,T0006,P012,3,33.81
2026-06-24,T0006,P013,4,20.71
2026-06-24,T0006,P014,9,17.13
2026-06-24,T0006,P015,1,65.43
2026-06-24,T0006,P016,8,19.1
2026-06-24,T0006,P017,5,103.46
2026-06-24,T0006,P018,1,53.96
2026-06-24,T0006,P019,13,32.1
2026-06-24,T0006,P020,1,61.39
2026-06-24,T0007,P002,4,71.22
2026-06-24,T0007,P003,5,72.47
2026-06-24,T0007,P004,5,44.88
2026-06-24,T0007,P005,6,53.29
2026-06-24,T0007,P006,2,66.24
2026-06-24,T0007,P007,6,74.43
2026-06-24,T0007,P008,2,12.46
2026-06-24,T0007,P009,1,45.16
2026-06-24,T0007,P010,4,8.92
2026-06-24,T0007,P011,9,54.45
2026-06-24,T0007,P012,2,33.81
2026-06-24,T0007,P013,1,20.71
2026-06-24,T0007,P014,3,17.13
2026-06-24,T0007,P015,2,65.43
2026-06-24,T0007,P016,3,19.1
2026-06-24,T0007,P017,1,103.46
2026-06-24,T0007,P018,1,53.96
2026-06-24,T0007,P019,7,32.1
2026-06-24,T0007,P020,2,61.39
2026-06-24,T0008,P002,5,71.22
2026-06-24,T0008,P003,8,72.47
2026-06-24,T0008,P004,9,44.88
2026-06-24,T0008,P005,8,53.29
2026-06-24,T0008,P006,11,66.24
2026-06-24,T0008,P007,10,74.43
2026-06-24,T0008,P008,3,12.46
2026-06-24,T0008,P009,6,45.16
2026-06-24,T0008,P010,12,8.92
2026-06-24,T0008,P011,4,54.45
2026-06-24,T0008,P012,7,33.81
2026-06-24,T0008,P014,8,17.13
2026-06-24,T0008,P015,6,65.43
2026-06-24,T0008,P016,10,19.1
2026-06-24,T0008,P017,2,103.46
2026-06-24,T0008,P018,2,53.96
2026-06-24,T0008,P019,7,32.1
2026-06-24,T0008,P020,1,61.39
2026-06-24,T0009,P001,1,77.79
2026-06-24,T0009,P002,6,71.22
2026-06-24,T0009,P003,5,72.47
2026-06-24,T0009,P004,7,44.88
2026-06-24,T0009,P005,8,53.29
2026-06-24,T0009,P006,4,66.24
2026-06-24,T0009,P007,5,74.43
2026-06-24,T0009,P008,1,12.46
2026-06-24,T0009,P009,1,45.16
2026-06-24,T0009,P010,6,8.92
2026-06-24,T0009,P011,2,54.45
2026-06-24,T0009,P012,2,33.81
2026-06-24,T0009,P014,5,17.13
2026-06-24,T0009,P015,1,65.43
2026-06-24,T0009,P016,1,19.1
2026-06-24,T0009,P017,2,103.46
2026-06-24,T0009,P018,1,53.96
2026-06-24,T0009,P019,4,32.1
2026-06-24,T0010,P001,1,77.79
2026-06-24,T0010,P003,2,72.47
2026-06-24,T0010,P004,2,44.88
2026-06-24,T0010,P005,3,53.29
2026-06-24,T0010,P006,2,66.24
2026-06-24,T0010,P007,4,74.43
2026-06-24,T0010,P008,1,12.46
2026-06-24,T0010,P009,1,45.16
2026-06-24,T0010,P010,3,8.92
2026-06-24,T0010,P011,1,54.45
2026-06-24,T0010,P013,1,20.71
2026-06-24,T0010,P014,5,17.13
2026-06-24,T0010,P016,5,19.1
2026-06-24,T0010,P017,3,103.46
2026-06-24,T0010,P019,2,32.1
2026-06-24,T0010,P020,1,61.39
2026-06-24,T0011,P003,2,72.47
2026-06-24,T0011,P004,3,44.88
2026-06-24,T0011,P005,1,53.29
2026-06-24,T0011,P006,3,66.24
2026-06-24,T0011,P007,1,74.43
2026-06-24,T0011,P008,2,12.46
2026-06-24,T0011,P009,2,45.16
2026-06-24,T0011,P011,1,54.45
2026-06-24,T0011,P012,1,33.81
2026-06-24,T0011,P014,2,17.13
2026-06-24,T0011,P015,1,65.43
2026-06-24,T0011,P016,2,19.1
2026-06-24,T0011,P019,1,32.1
2026-06-24,T0012,P003,1,72.47
2026-06-24,T0012,P004,1,44.88
2026-06-24,T0012,P005,3,53.29
2026-06-24,T0012,P007,6,74.43
2026-06-24,T0012,P010,4,8.92
2026-06-24,T0012,P011,2,54.45
2026-06-24,T0012,P012,1,33.81
2026-06-24,T0012,P015,1,65.43
2026-06-24,T0012,P016,2,19.1
2026-06-24,T0013,P003,3,72.47
2026-06-24,T0013,P004,2,44.88
2026-06-24,T0013,P005,3,53.29
2026-06-24,T0013,P007,2,74.43
2026-06-24,T0013,P009,2,45.16
2026-06-24,T0013,P010,4,8.92
2026-06-24,T0013,P011,2,54.45
2026-06-24,T0013,P012,1,33.81
2026-06-24,T0013,P013,1,20.71
2026-06-24,T0013,P014,3,17.13
2026-06-24,T0013,P016,1,19.1
2026-06-24,T0013,P017,1,103.46
2026-06-24,T0013,P018,2,53.96
2026-06-24,T0013,P019,3,32.1
2026-06-24,T0013,P020,1,61.39
2026-06-24,T0014,P002,3,71.22
2026-06-24,T0014,P003,6,72.47
2026-06-24,T0014,P004,4,44.88
2026-06-24,T0014,P005,3,53.29
2026-06-24,T0014,P006,4,66.24
2026-06-24,T0014,P007,4,74.43
2026-06-24,T0014,P008,2,12.46
2026-06-24,T0014,P010,5,8.92
2026-06-24,T0014,P011,2,54.45
2026-06-24,T0014,P012,3,33.81
2026-06-24,T0014,P014,5,17.13
2026-06-24,T0014,P015,1,65.43
2026-06-24,T0014,P016,6,19.1
2026-06-24,T0014,P017,1,103.46
2026-06-24,T0014,P018,1,53.96
2026-06-24,T0014,P019,2,32.1
2026-06-24,T0015,P002,34,71.22
2026-06-24,T0015,P003,87,72.47
2026-06-24,T0015,P013,7,20.71
2026-06-24,T0015,P016,75,19.1
2026-06-24,T0015,P019,40,32.1
2026-06-24,T0016,P012,11,33.81
2026-06-24,T0016,P014,89,17.13
2026-06-24,T0016,P016,66,19.1
2026-06-24,T0017,P001,1,77.79
2026-06-24,T0017,P003,2,72.47
2026-06-24,T0017,P004,3,44.88
2026-06-24,T0017,P005,3,53.29
2026-06-24,T0017,P006,1,66.24
2026-06-24,T0017,P007,2,74.43
2026-06-24,T0017,P008,1,12.46
2026-06-24,T0017,P010,1,8.92
2026-06-24,T0017,P011,2,54.45
2026-06-24,T0017,P012,2,33.81
2026-06-24,T0017,P014,3,17.13
2026-06-24,T0017,P016,2,19.1
2026-06-24,T0017,P019,1,32.1
2026-06-24,T0017,P020,1,61.39
2026-06-24,T0018,P004,1,44.88
2026-06-24,T0018,P006,1,66.24
2026-06-24,T0018,P007,2,74.43
2026-06-24,T0018,P008,1,12.46
2026-06-24,T0018,P009,1,45.16
2026-06-24,T0018,P010,2,8.92
2026-06-24,T0018,P014,2,17.13
2026-06-24,T0018,P016,1,19.1
2026-06-24,T0018,P017,1,103.46
2026-06-24,T0018,P018,1,53.96
2026-06-24,T0018,P020,1,61.39
2026-06-24,T0019,P003,1,72.47
2026-06-24,T0019,P004,1,44.88
2026-06-24,T0019,P005,3,53.29
2026-06-24,T0019,P006,2,66.24
2026-06-24,T0019,P007,3,74.43
2026-06-24,T0019,P008,2,12.46
2026-06-24,T0019,P010,2,8.92
2026-06-24,T0019,P011,3,54.45
2026-06-24,T0019,P012,1,33.81
2026-06-24,T0019,P016,3,19.1
2026-06-24,T0019,P019,3,32.1
2026-06-24,T0020,P002,1,71.22
2026-06-24,T0020,P004,1,44.88
2026-06-24,T0020,P006,1,66.24
2026-06-24,T0020,P007,2,74.43
2026-06-24,T0020,P008,1,12.46
2026-06-24,T0020,P010,1,8.92
2026-06-24,T0020,P011,5,54.45
2026-06-24,T0020,P012,2,33.81
2026-06-24,T0020,P014,1,17.13
2026-06-24,T0020,P015,1,65.43
2026-06-24,T0020,P016,5,19.1
2026-06-24,T0020,P018,1,53.96
2026-06-24,T0020,P019,7,32.1
2026-06-24,T0021,P001,1,77.79
2026-06-24,T0021,P002,1,71.22
2026-06-24,T0021,P004,2,44.88
2026-06-24,T0021,P005,1,53.29
2026-06-24,T0021,P006,2,66.24
2026-06-24,T0021,P008,1,12.46
2026-06-24,T0021,P010,1,8.92
2026-06-24,T0021,P011,2,54.45
2026-06-24,T0021,P012,1,33.81
2026-06-24,T0021,P013,1,20.71
2026-06-24,T0021,P014,2,17.13
2026-06-24,T0021,P015,1,65.43
2026-06-24,T0021,P017,1,103.46
2026-06-24,T0021,P019,2,32.1
2026-06-24,T0021,P020,1,61.39
2026-06-24,T0022,P005,2,53.29
2026-06-24,T0022,P006,3,66.24
2026-06-24,T0022,P007,2,74.43
2026-06-24,T0022,P008,2,12.46
2026-06-24,T0022,P010,1,8.92
2026-06-24,T0022,P014,1,17.13
2026-06-24,T0022,P018,1,53.96
2026-06-24,T0022,P019,2,32.1
2026-06-24,T0023,P002,1,71.22
2026-06-24,T0023,P003,1,72.47
2026-06-24,T0023,P005,2,53.29
2026-06-24,T0023,P006,2,66.24
2026-06-24,T0023,P007,3,74.43
2026-06-24,T0023,P008,1,12.46
2026-06-24,T0023,P009,1,45.16
2026-06-24,T0023,P010,1,8.92
2026-06-24,T0023,P011,1,54.45
2026-06-24,T0023,P012,1,33.81
2026-06-24,T0023,P016,1,19.1
2026-06-24,T0024,P002,1,71.22
2026-06-24,T0024,P003,1,72.47
2026-06-24,T0024,P004,1,44.88
2026-06-24,T0024,P006,4,66.24
2026-06-24,T0024,P007,1,74.43
2026-06-24,T0024,P008,2,12.46
2026-06-24,T0024,P014,1,17.13
2026-06-24,T0024,P016,1,19.1
2026-06-24,T0024,P018,1,53.96
2026-06-24,T0024,P019,1,32.1
2026-06-24,T0024,P020,1,61.39
2026-06-24,T0025,P002,2,71.22
2026-06-24,T0025,P003,2,72.47
2026-06-24,T0025,P004,3,44.88
2026-06-24,T0025,P007,2,74.43
2026-06-24,T0025,P010,1,8.92
2026-06-24,T0025,P012,1,33.81
2026-06-24,T0025,P018,1,53.96
2026-06-24,T0026,P003,2,72.47
2026-06-24,T0026,P004,1,44.88
2026-06-24,T0026,P005,1,53.29
2026-06-24,T0026,P006,2,66.24
2026-06-24,T0026,P014,2,17.13
2026-06-24,T0026,P015,1,65.43
2026-06-24,T0026,P016,4,19.1
2026-06-24,T0026,P019,2,32.1
2026-06-24,T0027,P002,1,71.22
2026-06-24,T0027,P004,1,44.88
2026-06-24,T0027,P005,1,53.29
2026-06-24,T0027,P006,1,66.24
2026-06-24,T0027,P007,1,74.43
2026-06-24,T0027,P008,2,12.46
2026-06-24,T0027,P010,3,8.92
2026-06-24,T0027,P011,2,54.45
2026-06-24,T0027,P016,2,19.1
2026-06-24,T0028,P001,1,77.79
2026-06-24,T0028,P004,2,44.88
2026-06-24,T0028,P005,2,53.29
2026-06-24,T0028,P006,1,66.24
2026-06-24,T0028,P007,2,74.43
2026-06-24,T0028,P009,1,45.16
2026-06-24,T0028,P011,2,54.45
2026-06-24,T0028,P014,4,17.13
2026-06-24,T0028,P015,1,65.43
2026-06-24,T0028,P016,1,19.1
2026-06-24,T0028,P018,1,53.96
2026-06-24,T0029,P002,2,71.22
2026-06-24,T0029,P003,2,72.47
2026-06-24,T0029,P004,3,44.88
2026-06-24,T0029,P006,1,66.24
2026-06-24,T0029,P007,2,74.43
2026-06-24,T0029,P009,2,45.16
2026-06-24,T0029,P010,1,8.92
2026-06-24,T0029,P011,2,54.45
2026-06-24,T0029,P014,1,17.13
2026-06-24,T0029,P016,2,19.1
2026-06-24,T0030,P003,2,72.47
2026-06-24,T0030,P004,2,44.88
2026-06-24,T0030,P005,1,53.29
2026-06-24,T0030,P006,2,66.24
2026-06-24,T0030,P007,3,74.43
2026-06-24,T0030,P008,3,12.46
2026-06-24,T0030,P009,1,45.16
2026-06-24,T0030,P010,5,8.92
2026-06-24,T0030,P011,5,54.45
2026-06-24,T0030,P014,1,17.13
2026-06-24,T0030,P016,3,19.1
2026-06-24,T0030,P017,2,103.46
2026-06-24,T0030,P019,1,32.1
2026-06-24,T0031,P002,2,71.22
2026-06-24,T0031,P004,1,44.88
2026-06-24,T0031,P005,1,53.29
2026-06-24,T0031,P006,2,66.24
2026-06-24,T0031,P007,1,74.43
2026-06-24,T0031,P010,5,8.92
2026-06-24,T0031,P011,1,54.45
2026-06-24,T0031,P012,2,33.81
2026-06-24,T0031,P013,1,20.71
2026-06-24,T0031,P014,1,17.13
2026-06-24,T0031,P015,1,65.43
2026-06-24,T0031,P016,4,19.1
2026-06-24,T0031,P017,1,103.46
2026-06-24,T0031,P018,1,53.96
2026-06-24,T0031,P019,1,32.1
2026-06-24,T0031,P020,1,61.39
2026-06-24,T0032,P002,1,71.22
2026-06-24,T0032,P003,2,72.47
2026-06-24,T0032,P004,2,44.88
2026-06-24,T0032,P005,3,53.29
2026-06-24,T0032,P006,1,66.24
2026-06-24,T0032,P007,2,74.43
2026-06-24,T0032,P008,1,12.46
2026-06-24,T0032,P009,2,45.16
2026-06-24,T0032,P010,2,8.92
2026-06-24,T0032,P011,1,54.45
2026-06-24,T0032,P012,1,33.81
2026-06-24,T0032,P014,3,17.13
2026-06-24,T0032,P015,1,65.43
2026-06-24,T0032,P016,4,19.1
2026-06-24,T0032,P019,1,32.1
2026-06-24,T0032,P020,3,61.39
2026-06-24,T0033,P002,1,71.22
2026-06-24,T0033,P005,2,53.29
2026-06-24,T0033,P007,1,74.43
2026-06-24,T0033,P009,1,45.16
2026-06-24,T0033,P010,1,8.92
2026-06-24,T0033,P014,1,17.13
2026-06-24,T0033,P015,2,65.43
2026-06-24,T0033,P016,1,19.1
2026-06-24,T0033,P017,2,103.46
2026-06-24,T0034,P002,1,71.22
2026-06-24,T0034,P003,2,72.47
2026-06-24,T0034,P004,3,44.88
2026-06-24,T0034,P006,1,66.24
2026-06-24,T0034,P007,1,74.43
2026-06-24,T0034,P010,2,8.92
2026-06-24,T0034,P011,1,54.45
2026-06-24,T0034,P014,3,17.13
2026-06-24,T0034,P016,1,19.1
2026-06-24,T0034,P017,1,103.46
2026-06-24,T0035,P001,1,77.79
2026-06-24,T0035,P003,1,72.47
2026-06-24,T0035,P004,2,44.88
2026-06-24,T0035,P011,1,54.45
2026-06-24,T0035,P012,2,33.81
2026-06-24,T0035,P017,1,103.46
2026-06-24,T0035,P018,1,53.96
2026-06-24,T0036,P010,2,8.92
2026-06-24,T0036,P011,1,54.45
2026-06-24,T0036,P016,1,19.1
2026-06-24,T0037,P002,1,71.22
2026-06-24,T0037,P003,3,72.47
2026-06-24,T0037,P005,1,53.29
2026-06-24,T0037,P006,2,66.24
2026-06-24,T0037,P008,1,12.46
2026-06-24,T0037,P009,1,45.16
2026-06-24,T0037,P010,3,8.92
2026-06-24,T0037,P011,1,54.45
2026-06-24,T0037,P012,1,33.81
2026-06-24,T0037,P014,3,17.13
2026-06-24,T0037,P016,1,19.1
2026-06-24,T0037,P019,2,32.1
2026-06-24,T0038,P001,1,77.79
2026-06-24,T0038,P002,1,71.22
2026-06-24,T0038,P003,1,72.47
2026-06-24,T0038,P004,2,44.88
2026-06-24,T0038,P005,3,53.29
2026-06-24,T0038,P006,1,66.24
2026-06-24,T0038,P008,2,12.46
2026-06-24,T0038,P009,3,45.16
2026-06-24,T0038,P010,1,8.92
2026-06-24,T0038,P011,2,54.45
2026-06-24,T0038,P012,1,33.81
2026-06-24,T0038,P014,1,17.13
2026-06-24,T0038,P016,2,19.1
2026-06-24,T0038,P017,1,103.46
2026-06-24,T0039,P002,1,71.22
2026-06-24,T0039,P003,3,72.47
2026-06-24,T0039,P004,2,44.88
2026-06-24,T0039,P005,1,53.29
2026-06-24,T0039,P006,2,66.24
2026-06-24,T0039,P007,3,74.43
2026-06-24,T0039,P008,2,12.46
2026-06-24,T0039,P009,3,45.16
2026-06-24,T0039,P010,4,8.92
2026-06-24,T0039,P011,1,54.45
2026-06-24,T0039,P012,1,33.81
2026-06-24,T0039,P014,1,17.13
2026-06-24,T0039,P015,1,65.43
2026-06-24,T0039,P016,1,19.1
2026-06-24,T0039,P018,1,53.96
2026-06-24,T0039,P019,1,32.1
2026-06-24,T0040,P003,5,72.47
2026-06-24,T0040,P004,3,44.88
2026-06-24,T0040,P005,4,53.29
2026-06-24,T0040,P006,2,66.24
2026-06-24,T0040,P007,3,74.43
2026-06-24,T0040,P008,2,12.46
2026-06-24,T0040,P010,1,8.92
2026-06-24,T0040,P011,2,54.45
2026-06-24,T0040,P014,1,17.13
2026-06-24,T0040,P015,2,65.43
2026-06-24,T0040,P016,2,19.1
2026-06-24,T0040,P017,2,103.46
2026-06-24,T0040,P019,1,32.1
2026-06-24,T0040,P020,3,61.39
2026-06-25,T0001,P001,1,77.79
2026-06-25,T0001,P003,2,72.47
2026-06-25,T0001,P004,3,44.88
2026-06-25,T0001,P005,4,53.29
2026-06-25,T0001,P006,5,66.24
2026-06-25,T0001,P007,6,74.43
2026-06-25,T0001,P010,3,8.92
2026-06-25,T0001,P011,2,54.45
2026-06-25,T0001,P012,1,33.81
2026-06-25,T0001,P013,1,20.71
2026-06-25,T0001,P014,4,17.13
2026-06-25,T0001,P015,1,65.43
2026-06-25,T0001,P016,3,19.1
2026-06-25,T0001,P019,2,32.1
2026-06-25,T0001,P020,1,61.39
2026-06-25,T0002,P001,1,77.79
2026-06-25,T0002,P002,1,71.22
2026-06-25,T0002,P003,6,72.47
2026-06-25,T0002,P004,2,44.88
2026-06-25,T0002,P005,1,53.29
2026-06-25,T0002,P007,1,74.43
2026-06-25,T0002,P008,2,12.46
2026-06-25,T0002,P009,3,45.16
2026-06-25,T0002,P010,5,8.92
2026-06-25,T0002,P012,1,33.81
2026-06-25,T0002,P013,1,20.71
2026-06-25,T0002,P014,2,17.13
2026-06-25,T0002,P015,1,65.43
2026-06-25,T0002,P016,2,19.1
2026-06-25,T0002,P017,3,103.46
2026-06-25,T0002,P018,1,53.96
2026-06-25,T0002,P019,5,32.1
2026-06-25,T0002,P020,1,61.39
2026-06-25,T0003,P003,3,72.47
2026-06-25,T0003,P004,1,44.88
2026-06-25,T0003,P006,5,66.24
2026-06-25,T0003,P007,3,74.43
2026-06-25,T0003,P008,2,12.46
2026-06-25,T0003,P009,1,45.16
2026-06-25,T0003,P010,3,8.92
2026-06-25,T0003,P011,3,54.45
2026-06-25,T0003,P012,1,33.81
2026-06-25,T0003,P014,3,17.13
2026-06-25,T0003,P016,1,19.1
2026-06-25,T0003,P017,1,103.46
2026-06-25,T0003,P018,1,53.96
2026-06-25,T0003,P019,2,32.1
2026-06-25,T0003,P020,1,61.39
2026-06-25,T0004,P001,1,77.79
2026-06-25,T0004,P003,4,72.47
2026-06-25,T0004,P004,1,44.88
2026-06-25,T0004,P005,2,53.29
2026-06-25,T0004,P006,5,66.24
2026-06-25,T0004,P008,2,12.46
2026-06-25,T0004,P010,3,8.92
2026-06-25,T0004,P011,3,54.45
2026-06-25,T0004,P012,1,33.81
2026-06-25,T0004,P013,2,20.71
2026-06-25,T0004,P014,5,17.13
2026-06-25,T0004,P015,2,65.43
2026-06-25,T0004,P016,2,19.1
2026-06-25,T0004,P018,1,53.96
2026-06-25,T0004,P019,6,32.1
2026-06-25,T0005,P002,1,71.22
2026-06-25,T0005,P003,1,72.47
2026-06-25,T0005,P004,2,44.88
2026-06-25,T0005,P005,2,53.29
2026-06-25,T0005,P006,1,66.24
2026-06-25,T0005,P007,5,74.43
2026-06-25,T0005,P008,1,12.46
2026-06-25,T0005,P009,2,45.16
2026-06-25,T0005,P010,2,8.92
2026-06-25,T0005,P011,4,54.45
2026-06-25,T0005,P012,1,33.81
2026-06-25,T0005,P013,1,20.71
2026-06-25,T0005,P018,1,53.96
2026-06-25,T0005,P019,3,32.1
2026-06-25,T0006,P001,3,77.79
2026-06-25,T0006,P002,2,71.22
2026-06-25,T0006,P004,7,44.88
2026-06-25,T0006,P005,8,53.29
2026-06-25,T0006,P006,8,66.24
2026-06-25,T0006,P007,12,74.43
2026-06-25,T0006,P008,5,12.46
2026-06-25,T0006,P010,5,8.92
2026-06-25,T0006,P011,4,54.45
2026-06-25,T0006,P012,3,33.81
2026-06-25,T0006,P014,7,17.13
2026-06-25,T0006,P015,5,65.43
2026-06-25,T0006,P016,3,19.1
2026-06-25,T0006,P017,1,103.46
2026-06-25,T0006,P018,2,53.96
2026-06-25,T0006,P019,6,32.1
2026-06-25,T0007,P002,3,71.22
2026-06-25,T0007,P003,4,72.47
2026-06-25,T0007,P004,7,44.88
2026-06-25,T0007,P005,2,53.29
2026-06-25,T0007,P006,5,66.24
2026-06-25,T0007,P007,3,74.43
2026-06-25,T0007,P008,3,12.46
2026-06-25,T0007,P009,4,45.16
2026-06-25,T0007,P010,7,8.92
2026-06-25,T0007,P011,7,54.45
2026-06-25,T0007,P012,4,33.81
2026-06-25,T0007,P014,5,17.13
2026-06-25,T0007,P016,5,19.1
2026-06-25,T0007,P017,1,103.46
2026-06-25,T0007,P018,1,53.96
2026-06-25,T0007,P019,3,32.1
2026-06-25,T0007,P020,5,61.39
2026-06-25,T0008,P001,2,77.79
2026-06-25,T0008,P002,1,71.22
2026-06-25,T0008,P003,5,72.47
2026-06-25,T0008,P004,9,44.88
2026-06-25,T0008,P005,7,53.29
2026-06-25,T0008,P006,4,66.24
2026-06-25,T0008,P007,7,74.43
2026-06-25,T0008,P008,1,12.46
2026-06-25,T0008,P009,4,45.16
2026-06-25,T0008,P010,8,8.92
2026-06-25,T0008,P011,3,54.45
2026-06-25,T0008,P012,4,33.81
2026-06-25,T0008,P014,6,17.13
2026-06-25,T0008,P015,6,65.43
2026-06-25,T0008,P016,4,19.1
2026-06-25,T0008,P017,3,103.46
2026-06-25,T0008,P019,7,32.1
2026-06-25,T0008,P020,3,61.39
2026-06-25,T0009,P002,3,71.22
2026-06-25,T0009,P003,5,72.47
2026-06-25,T0009,P004,4,44.88
2026-06-25,T0009,P005,3,53.29
2026-06-25,T0009,P006,6,66.24
2026-06-25,T0009,P007,5,74.43
2026-06-25,T0009,P008,1,12.46
2026-06-25,T0009,P009,1,45.16
2026-06-25,T0009,P010,3,8.92
2026-06-25,T0009,P011,5,54.45
2026-06-25,T0009,P014,5,17.13
2026-06-25,T0009,P015,3,65.43
2026-06-25,T0009,P016,9,19.1
2026-06-25,T0009,P017,2,103.46
2026-06-25,T0009,P018,2,53.96
2026-06-25,T0009,P019,5,32.1
2026-06-25,T0010,P002,2,71.22
2026-06-25,T0010,P003,7,72.47
2026-06-25,T0010,P004,4,44.88
2026-06-25,T0010,P005,1,53.29
2026-06-25,T0010,P006,4,66.24
2026-06-25,T0010,P007,3,74.43
2026-06-25,T0010,P009,1,45.16
2026-06-25,T0010,P010,3,8.92
2026-06-25,T0010,P011,5,54.45
2026-06-25,T0010,P012,2,33.81
2026-06-25,T0010,P014,4,17.13
2026-06-25,T0010,P015,3,65.43
2026-06-25,T0010,P016,4,19.1
2026-06-25,T0010,P019,1,32.1
2026-06-25,T0011,P002,1,71.22
2026-06-25,T0011,P003,1,72.47
2026-06-25,T0011,P004,2,44.88
2026-06-25,T0011,P006,2,66.24
2026-06-25,T0011,P007,3,74.43
2026-06-25,T0011,P008,1,12.46
2026-06-25,T0011,P010,2,8.92
2026-06-25,T0011,P011,3,54.45
2026-06-25,T0011,P012,3,33.81
2026-06-25,T0011,P013,1,20.71
2026-06-25,T0011,P014,2,17.13
2026-06-25,T0011,P015,1,65.43
2026-06-25,T0011,P016,3,19.1
2026-06-25,T0011,P017,2,103.46
2026-06-25,T0011,P019,1,32.1
2026-06-25,T0012,P002,1,71.22
2026-06-25,T0012,P003,3,72.47
2026-06-25,T0012,P004,5,44.88
2026-06-25,T0012,P005,3,53.29
2026-06-25,T0012,P007,1,74.43
2026-06-25,T0012,P010,2,8.92
2026-06-25,T0012,P011,2,54.45
2026-06-25,T0012,P012,2,33.81
2026-06-25,T0012,P016,3,19.1
2026-06-25,T0012,P018,1,53.96
2026-06-25,T0012,P019,2,32.1
2026-06-25,T0013,P002,2,71.22
2026-06-25,T0013,P003,4,72.47
2026-06-25,T0013,P004,3,44.88
2026-06-25,T0013,P005,2,53.29
2026-06-25,T0013,P007,6,74.43
2026-06-25,T0013,P008,3,12.46
2026-06-25,T0013,P009,2,45.16
2026-06-25,T0013,P010,3,8.92
2026-06-25,T0013,P011,1,54.45
2026-06-25,T0013,P012,2,33.81
2026-06-25,T0013,P014,3,17.13
2026-06-25,T0013,P015,1,65.43
2026-06-25,T0013,P016,3,19.1
2026-06-25,T0013,P017,1,103.46
2026-06-25,T0013,P020,2,61.39
2026-06-25,T0014,P002,1,71.22
2026-06-25,T0014,P003,2,72.47
2026-06-25,T0014,P004,2,44.88
2026-06-25,T0014,P005,3,53.29
2026-06-25,T0014,P006,5,66.24
2026-06-25,T0014,P007,3,74.43
2026-06-25,T0014,P008,3,12.46
2026-06-25,T0014,P009,1,45.16
2026-06-25,T0014,P010,4,8.92
2026-06-25,T0014,P011,2,54.45
2026-06-25,T0014,P012,2,33.81
2026-06-25,T0014,P013,1,20.71
2026-06-25,T0014,P014,2,17.13
2026-06-25,T0014,P015,1,65.43
2026-06-25,T0014,P016,1,19.1
2026-06-25,T0014,P017,3,103.46
2026-06-25,T0014,P019,6,32.1
2026-06-25,T0015,P001,11,77.79
2026-06-25,T0015,P006,40,66.24
2026-06-25,T0015,P011,50,54.45
2026-06-25,T0015,P014,44,17.13
2026-06-25,T0016,P003,144,72.47
2026-06-25,T0016,P004,105,44.88
2026-06-25,T0016,P009,17,45.16
2026-06-25,T0016,P017,41,103.46
2026-06-25,T0016,P020,27,61.39
2026-06-25,T0017,P002,1,71.22
2026-06-25,T0017,P003,4,72.47
2026-06-25,T0017,P004,1,44.88
2026-06-25,T0017,P005,1,53.29
2026-06-25,T0017,P006,2,66.24
2026-06-25,T0017,P007,5,74.43
2026-06-25,T0017,P010,2,8.92
2026-06-25,T0017,P012,1,33.81
2026-06-25,T0017,P013,1,20.71
2026-06-25,T0017,P016,2,19.1
2026-06-25,T0017,P017,1,103.46
2026-06-25,T0017,P019,1,32.1
2026-06-25,T0018,P002,1,71.22
2026-06-25,T0018,P003,1,72.47
2026-06-25,T0018,P005,1,53.29
2026-06-25,T0018,P006,1,66.24
2026-06-25,T0018,P010,1,8.92
2026-06-25,T0018,P012,1,33.81
2026-06-25,T0018,P018,1,53.96
2026-06-25,T0018,P019,2,32.1
2026-06-25,T0019,P002,1,71.22
2026-06-25,T0019,P004,1,44.88
2026-06-25,T0019,P005,4,53.29
2026-06-25,T0019,P006,3,66.24
2026-06-25,T0019,P007,3,74.43
2026-06-25,T0019,P008,3,12.46
2026-06-25,T0019,P009,1,45.16
2026-06-25,T0019,P010,2,8.92
2026-06-25,T0019,P011,1,54.45
2026-06-25,T0019,P012,1,33.81
2026-06-25,T0019,P014,1,17.13
2026-06-25,T0019,P015,1,65.43
2026-06-25,T0019,P016,5,19.1
2026-06-25,T0019,P018,2,53.96
2026-06-25,T0019,P019,2,32.1
2026-06-25,T0019,P020,1,61.39
2026-06-25,T0020,P002,1,71.22
2026-06-25,T0020,P003,2,72.47
2026-06-25,T0020,P004,2,44.88
2026-06-25,T0020,P005,3,53.29
2026-06-25,T0020,P006,2,66.24
2026-06-25,T0020,P008,2,12.46
2026-06-25,T0020,P009,2,45.16
2026-06-25,T0020,P012,1,33.81
2026-06-25,T0020,P015,1,65.43
2026-06-25,T0020,P016,3,19.1
2026-06-25,T0021,P002,1,71.22
2026-06-25,T0021,P003,2,72.47
2026-06-25,T0021,P006,1,66.24
2026-06-25,T0021,P007,1,74.43
2026-06-25,T0021,P008,1,12.46
2026-06-25,T0021,P009,1,45.16
2026-06-25,T0021,P010,4,8.92
2026-06-25,T0021,P011,2,54.45
2026-06-25,T0021,P014,1,17.13
2026-06-25,T0021,P017,1,103.46
2026-06-25,T0022,P002,1,71.22
2026-06-25,T0022,P004,1,44.88
2026-06-25,T0022,P007,2,74.43
2026-06-25,T0022,P010,1,8.92
2026-06-25,T0023,P003,2,72.47
2026-06-25,T0023,P004,1,44.88
2026-06-25,T0023,P010,1,8.92
2026-06-25,T0023,P011,2,54.45
2026-06-25,T0023,P013,1,20.71
2026-06-25,T0023,P018,1,53.96
2026-06-25,T0024,P004,2,44.88
2026-06-25,T0024,P005,2,53.29
2026-06-25,T0024,P007,1,74.43
2026-06-25,T0024,P008,1,12.46
2026-06-25,T0024,P010,2,8.92
2026-06-25,T0024,P011,1,54.45
2026-06-25,T0024,P012,1,33.81
2026-06-25,T0024,P014,1,17.13
2026-06-25,T0024,P016,3,19.1
2026-06-25,T0025,P004,1,44.88
2026-06-25,T0025,P006,1,66.24
2026-06-25,T0025,P007,1,74.43
2026-06-25,T0025,P008,1,12.46
2026-06-25,T0025,P009,2,45.16
2026-06-25,T0025,P011,2,54.45
2026-06-25,T0025,P013,1,20.71
2026-06-25,T0025,P014,1,17.13
2026-06-25,T0025,P016,2,19.1
2026-06-25,T0026,P002,2,71.22
2026-06-25,T0026,P004,1,44.88
2026-06-25,T0026,P007,1,74.43
2026-06-25,T0026,P009,1,45.16
2026-06-25,T0026,P011,2,54.45
2026-06-25,T0026,P012,1,33.81
2026-06-25,T0026,P014,1,17.13
2026-06-25,T0026,P016,1,19.1
2026-06-25,T0027,P002,3,71.22
2026-06-25,T0027,P006,1,66.24
2026-06-25,T0027,P007,1,74.43
2026-06-25,T0027,P008,1,12.46
2026-06-25,T0027,P009,1,45.16
2026-06-25,T0027,P010,3,8.92
2026-06-25,T0027,P012,2,33.81
2026-06-25,T0027,P014,2,17.13
2026-06-25,T0027,P016,1,19.1
2026-06-25,T0027,P020,1,61.39
2026-06-25,T0028,P001,1,77.79
2026-06-25,T0028,P003,2,72.47
2026-06-25,T0028,P004,6,44.88
2026-06-25,T0028,P005,6,53.29
2026-06-25,T0028,P007,1,74.43
2026-06-25,T0028,P010,1,8.92
2026-06-25,T0028,P012,1,33.81
2026-06-25,T0028,P014,3,17.13
2026-06-25,T0028,P015,1,65.43
2026-06-25,T0028,P016,1,19.1
2026-06-25,T0029,P002,3,71.22
2026-06-25,T0029,P003,3,72.47
2026-06-25,T0029,P004,1,44.88
2026-06-25,T0029,P005,1,53.29
2026-06-25,T0029,P006,1,66.24
2026-06-25,T0029,P007,1,74.43
2026-06-25,T0029,P009,1,45.16
2026-06-25,T0029,P010,1,8.92
2026-06-25,T0029,P011,1,54.45
2026-06-25,T0029,P012,1,33.81
2026-06-25,T0029,P013,1,20.71
2026-06-25,T0029,P014,2,17.13
2026-06-25,T0029,P016,2,19.1
2026-06-25,T0029,P017,1,103.46
2026-06-25,T0029,P019,1,32.1
2026-06-25,T0030,P002,2,71.22
2026-06-25,T0030,P003,2,72.47
2026-06-25,T0030,P004,2,44.88
2026-06-25,T0030,P005,1,53.29
2026-06-25,T0030,P006,3,66.24
2026-06-25,T0030,P009,1,45.16
2026-06-25,T0030,P010,5,8.92
2026-06-25,T0030,P011,4,54.45
2026-06-25,T0030,P012,2,33.81
2026-06-25,T0030,P013,1,20.71
2026-06-25,T0030,P014,5,17.13
2026-06-25,T0030,P015,2,65.43
2026-06-25,T0030,P016,2,19.1
2026-06-25,T0030,P017,3,103.46
2026-06-25,T0030,P020,1,61.39
2026-06-25,T0031,P001,1,77.79
2026-06-25,T0031,P002,3,71.22
2026-06-25,T0031,P003,1,72.47
2026-06-25,T0031,P004,4,44.88
2026-06-25,T0031,P005,1,53.29
2026-06-25,T0031,P006,1,66.24
2026-06-25,T0031,P007,1,74.43
2026-06-25,T0031,P009,3,45.16
2026-06-25,T0031,P010,2,8.92
2026-06-25,T0031,P011,2,54.45
2026-06-25,T0031,P012,1,33.81
2026-06-25,T0031,P014,3,17.13
2026-06-25,T0031,P015,1,65.43
2026-06-25,T0031,P016,1,19.1
2026-06-25,T0031,P017,1,103.46
2026-06-25,T0031,P018,1,53.96
2026-06-25,T0031,P019,3,32.1
2026-06-25,T0032,P002,4,71.22
2026-06-25,T0032,P003,1,72.47
2026-06-25,T0032,P004,1,44.88
2026-06-25,T0032,P005,1,53.29
2026-06-25,T0032,P006,2,66.24
2026-06-25,T0032,P007,2,74.43
2026-06-25,T0032,P008,4,12.46
2026-06-25,T0032,P009,2,45.16
2026-06-25,T0032,P010,6,8.92
2026-06-25,T0032,P014,2,17.13
2026-06-25,T0032,P015,1,65.43
2026-06-25,T0032,P016,1,19.1
2026-06-25,T0032,P020,2,61.39
2026-06-25,T0033,P003,1,72.47
2026-06-25,T0033,P006,2,66.24
2026-06-25,T0033,P008,2,12.46
2026-06-25,T0033,P010,1,8.92
2026-06-25,T0033,P013,1,20.71
2026-06-25,T0033,P016,2,19.1
2026-06-25,T0033,P018,1,53.96
2026-06-25,T0033,P019,1,32.1
2026-06-25,T0034,P002,2,71.22
2026-06-25,T0034,P003,2,72.47
2026-06-25,T0034,P005,2,53.29
2026-06-25,T0034,P007,1,74.43
2026-06-25,T0034,P008,1,12.46
2026-06-25,T0034,P011,1,54.45
2026-06-25,T0034,P012,1,33.81
2026-06-25,T0034,P014,2,17.13
2026-06-25,T0034,P016,3,19.1
2026-06-25,T0035,P003,2,72.47
2026-06-25,T0035,P004,1,44.88
2026-06-25,T0035,P005,1,53.29
2026-06-25,T0035,P008,1,12.46
2026-06-25,T0035,P009,1,45.16
2026-06-25,T0035,P010,2,8.92
2026-06-25,T0035,P011,1,54.45
2026-06-25,T0035,P018,1,53.96
2026-06-25,T0035,P019,2,32.1
2026-06-25,T0036,P001,1,77.79
2026-06-25,T0036,P002,1,71.22
2026-06-25,T0036,P003,3,72.47
2026-06-25,T0036,P006,1,66.24
2026-06-25,T0036,P008,1,12.46
2026-06-25,T0036,P009,1,45.16
2026-06-25,T0036,P010,1,8.92
2026-06-25,T0036,P011,2,54.45
2026-06-25,T0036,P012,1,33.81
2026-06-25,T0036,P014,1,17.13
2026-06-25,T0036,P016,1,19.1
2026-06-25,T0037,P002,1,71.22
2026-06-25,T0037,P006,3,66.24
2026-06-25,T0037,P009,1,45.16
2026-06-25,T0037,P011,2,54.45
2026-06-25,T0037,P012,1,33.81
2026-06-25,T0037,P014,1,17.13
2026-06-25,T0037,P019,1,32.1
2026-06-25,T0037,P020,1,61.39
2026-06-25,T0038,P003,2,72.47
2026-06-25,T0038,P004,3,44.88
2026-06-25,T0038,P005,1,53.29
2026-06-25,T0038,P008,1,12.46
2026-06-25,T0038,P010,1,8.92
2026-06-25,T0038,P012,1,33.81
2026-06-25,T0038,P014,2,17.13
2026-06-25,T0038,P016,1,19.1
2026-06-25,T0038,P018,1,53.96
2026-06-25,T0039,P001,1,77.79
2026-06-25,T0039,P002,1,71.22
2026-06-25,T0039,P003,1,72.47
2026-06-25,T0039,P004,1,44.88
2026-06-25,T0039,P006,4,66.24
2026-06-25,T0039,P008,2,12.46
2026-06-25,T0039,P009,2,45.16
2026-06-25,T0039,P010,3,8.92
2026-06-25,T0039,P011,1,54.45
2026-06-25,T0039,P013,1,20.71
2026-06-25,T0039,P014,1,17.13
2026-06-25,T0039,P016,2,19.1
2026-06-25,T0039,P017,1,103.46
2026-06-25,T0039,P018,2,53.96
2026-06-25,T0039,P019,1,32.1
2026-06-25,T0040,P003,5,72.47
2026-06-25,T0040,P004,1,44.88
2026-06-25,T0040,P005,3,53.29
2026-06-25,T0040,P006,4,66.24
2026-06-25,T0040,P007,3,74.43
2026-06-25,T0040,P008,4,12.46
2026-06-25,T0040,P009,2,45.16
2026-06-25,T0040,P010,1,8.92
2026-06-25,T0040,P011,1,54.45
2026-06-25,T0040,P013,1,20.71
2026-06-25,T0040,P014,2,17.13
2026-06-25,T0040,P015,2,65.43
2026-06-25,T0040,P016,2,19.1
2026-06-25,T0040,P019,4,32.1
2026-06-25,T0040,P020,1,61.39
2026-06-26,T0001,P003,6,72.47
2026-06-26,T0001,P004,3,44.88
2026-06-26,T0001,P005,2,53.29
2026-06-26,T0001,P006,3,66.24
2026-06-26,T0001,P007,2,74.43
2026-06-26,T0001,P011,4,54.45
2026-06-26,T0001,P012,1,33.81
2026-06-26,T0001,P013,1,20.71
2026-06-26,T0001,P014,4,17.13
2026-06-26,T0001,P015,1,65.43
2026-06-26,T0001,P016,4,19.1
2026-06-26,T0001,P019,4,32.1
2026-06-26,T0002,P002,2,71.22
2026-06-26,T0002,P003,11,72.47
2026-06-26,T0002,P004,4,44.88
2026-06-26,T0002,P007,4,74.43
2026-06-26,T0002,P008,2,12.46
2026-06-26,T0002,P009,2,45.16
2026-06-26,T0002,P010,9,8.92
2026-06-26,T0002,P012,2,33.81
2026-06-26,T0002,P014,5,17.13
2026-06-26,T0002,P015,4,65.43
2026-06-26,T0002,P016,6,19.1
2026-06-26,T0002,P018,1,53.96
2026-06-26,T0002,P019,5,32.1
2026-06-26,T0002,P020,2,61.39
2026-06-26,T0003,P002,5,71.22
2026-06-26,T0003,P003,1,72.47
2026-06-26,T0003,P004,1,44.88
2026-06-26,T0003,P007,4,74.43
2026-06-26,T0003,P008,3,12.46
2026-06-26,T0003,P009,1,45.16
2026-06-26,T0003,P010,1,8.92
2026-06-26,T0003,P011,2,54.45
2026-06-26,T0003,P012,2,33.81
2026-06-26,T0003,P014,2,17.13
2026-06-26,T0003,P016,3,19.1
2026-06-26,T0003,P017,1,103.46
2026-06-26,T0003,P019,1,32.1
2026-06-26,T0004,P005,1,53.29
2026-06-26,T0004,P010,2,8.92
2026-06-26,T0004,P012,2,33.81
2026-06-26,T0004,P013,2,20.71
2026-06-26,T0004,P014,4,17.13
2026-06-26,T0004,P015,2,65.43
2026-06-26,T0004,P016,5,19.1
2026-06-26,T0004,P018,1,53.96
2026-06-26,T0004,P019,8,32.1
2026-06-26,T0004,P020,3,61.39
2026-06-26,T0005,P003,7,72.47
2026-06-26,T0005,P004,4,44.88
2026-06-26,T0005,P005,4,53.29
2026-06-26,T0005,P006,3,66.24
2026-06-26,T0005,P007,2,74.43
2026-06-26,T0005,P008,3,12.46
2026-06-26,T0005,P011,1,54.45
2026-06-26,T0005,P014,6,17.13
2026-06-26,T0005,P017,1,103.46
2026-06-26,T0005,P018,2,53.96
2026-06-26,T0005,P019,2,32.1
2026-06-26,T0006,P001,2,77.79
2026-06-26,T0006,P002,1,71.22
2026-06-26,T0006,P004,7,44.88
2026-06-26,T0006,P005,8,53.29
2026-06-26,T0006,P006,4,66.24
2026-06-26,T0006,P007,11,74.43
2026-06-26,T0006,P009,9,45.16
2026-06-26,T0006,P010,9,8.92
2026-06-26,T0006,P012,3,33.81
2026-06-26,T0006,P013,1,20.71
2026-06-26,T0006,P014,14,17.13
2026-06-26,T0006,P015,4,65.43
2026-06-26,T0006,P017,2,103.46
2026-06-26,T0006,P018,4,53.96
2026-06-26,T0006,P019,6,32.1
2026-06-26,T0007,P002,2,71.22
2026-06-26,T0007,P003,5,72.47
2026-06-26,T0007,P004,8,44.88
2026-06-26,T0007,P005,9,53.29
2026-06-26,T0007,P006,6,66.24
2026-06-26,T0007,P007,4,74.43
2026-06-26,T0007,P008,8,12.46
2026-06-26,T0007,P009,1,45.16
2026-06-26,T0007,P010,6,8.92
2026-06-26,T0007,P011,4,54.45
2026-06-26,T0007,P012,1,33.81
2026-06-26,T0007,P014,1,17.13
2026-06-26,T0007,P016,6,19.1
2026-06-26,T0007,P017,1,103.46
2026-06-26,T0007,P018,2,53.96
2026-06-26,T0007,P019,7,32.1
2026-06-26,T0007,P020,1,61.39
2026-06-26,T0008,P002,5,71.22
2026-06-26,T0008,P003,21,72.47
2026-06-26,T0008,P004,13,44.88
2026-06-26,T0008,P005,9,53.29
2026-06-26,T0008,P007,9,74.43
2026-06-26,T0008,P008,3,12.46
2026-06-26,T0008,P010,13,8.92
2026-06-26,T0008,P012,6,33.81
2026-06-26,T0008,P013,2,20.71
2026-06-26,T0008,P014,6,17.13
2026-06-26,T0008,P015,4,65.43
2026-06-26,T0008,P017,3,103.46
2026-06-26,T0008,P019,12,32.1
2026-06-26,T0008,P020,1,61.39
2026-06-26,T0009,P002,3,71.22
2026-06-26,T0009,P003,7,72.47
2026-06-26,T0009,P004,6,44.88
2026-06-26,T0009,P005,7,53.29
2026-06-26,T0009,P007,3,74.43
2026-06-26,T0009,P008,6,12.46
2026-06-26,T0009,P009,2,45.16
2026-06-26,T0009,P011,3,54.45
2026-06-26,T0009,P012,3,33.81
2026-06-26,T0009,P014,6,17.13
2026-06-26,T0009,P015,3,65.43
2026-06-26,T0009,P016,5,19.1
2026-06-26,T0009,P017,2,103.46
2026-06-26,T0009,P018,3,53.96
2026-06-26,T0009,P019,5,32.1
2026-06-26,T0010,P002,2,71.22
2026-06-26,T0010,P003,2,72.47
2026-06-26,T0010,P004,5,44.88
2026-06-26,T0010,P005,1,53.29
2026-06-26,T0010,P006,3,66.24
2026-06-26,T0010,P007,5,74.43
2026-06-26,T0010,P008,4,12.46
2026-06-26,T0010,P009,1,45.16
2026-06-26,T0010,P010,5,8.92
2026-06-26,T0010,P011,4,54.45
2026-06-26,T0010,P012,3,33.81
2026-06-26,T0010,P014,3,17.13
2026-06-26,T0010,P016,5,19.1
2026-06-26,T0010,P017,3,103.46
2026-06-26,T0010,P018,1,53.96
2026-06-26,T0010,P019,7,32.1
2026-06-26,T0011,P002,2,71.22
2026-06-26,T0011,P003,2,72.47
2026-06-26,T0011,P004,3,44.88
2026-06-26,T0011,P006,3,66.24
2026-06-26,T0011,P011,2,54.45
2026-06-26,T0011,P012,2,33.81
2026-06-26,T0011,P013,1,20.71
2026-06-26,T0011,P014,5,17.13
2026-06-26,T0011,P015,2,65.43
2026-06-26,T0011,P016,2,19.1
2026-06-26,T0011,P018,2,53.96
2026-06-26,T0012,P002,2,71.22
2026-06-26,T0012,P003,4,72.47
2026-06-26,T0012,P004,1,44.88
2026-06-26,T0012,P005,3,53.29
2026-06-26,T0012,P006,3,66.24
2026-06-26,T0012,P007,2,74.43
2026-06-26,T0012,P009,1,45.16
2026-06-26,T0012,P010,3,8.92
2026-06-26,T0012,P012,1,33.81
2026-06-26,T0012,P015,1,65.43
2026-06-26,T0012,P016,2,19.1
2026-06-26,T0012,P018,1,53.96
2026-06-26,T0012,P019,4,32.1
2026-06-26,T0012,P020,1,61.39
2026-06-26,T0013,P004,6,44.88
2026-06-26,T0013,P005,5,53.29
2026-06-26,T0013,P008,2,12.46
2026-06-26,T0013,P009,6,45.16
2026-06-26,T0013,P010,5,8.92
2026-06-26,T0013,P011,5,54.45
2026-06-26,T0013,P012,2,33.81
2026-06-26,T0013,P014,1,17.13
2026-06-26,T0013,P015,2,65.43
2026-06-26,T0013,P016,5,19.1
2026-06-26,T0013,P017,2,103.46
2026-06-26,T0013,P018,1,53.96
2026-06-26,T0013,P019,5,32.1
2026-06-26,T0014,P002,2,71.22
2026-06-26,T0014,P004,1,44.88
2026-06-26,T0014,P005,3,53.29
2026-06-26,T0014,P006,3,66.24
2026-06-26,T0014,P011,1,54.45
2026-06-26,T0014,P012,1,33.81
2026-06-26,T0014,P013,1,20.71
2026-06-26,T0014,P016,1,19.1
2026-06-26,T0014,P017,3,103.46
2026-06-26,T0014,P018,1,53.96
2026-06-26,T0014,P019,3,32.1
2026-06-26,T0015,P008,78,12.46
2026-06-26,T0015,P016,117,19.1
2026-06-26,T0016,P007,160,74.43
2026-06-26,T0016,P008,100,12.46
2026-06-26,T0016,P017,35,103.46
2026-06-26,T0017,P003,2,72.47
2026-06-26,T0017,P006,1,66.24
2026-06-26,T0017,P007,4,74.43
2026-06-26,T0017,P008,1,12.46
2026-06-26,T0017,P009,2,45.16
2026-06-26,T0017,P010,4,8.92
2026-06-26,T0017,P011,1,54.45
2026-06-26,T0017,P012,1,33.81
2026-06-26,T0017,P013,1,20.71
2026-06-26,T0017,P016,3,19.1
2026-06-26,T0017,P017,1,103.46
2026-06-26,T0017,P019,3,32.1
2026-06-26,T0017,P020,3,61.39
2026-06-26,T0018,P002,3,71.22
2026-06-26,T0018,P003,1,72.47
2026-06-26,T0018,P004,3,44.88
2026-06-26,T0018,P009,1,45.16
2026-06-26,T0018,P012,2,33.81
2026-06-26,T0018,P013,1,20.71
2026-06-26,T0018,P014,1,17.13
2026-06-26,T0018,P015,1,65.43
2026-06-26,T0018,P016,2,19.1
2026-06-26,T0018,P017,1,103.46
2026-06-26,T0018,P019,2,32.1
2026-06-26,T0019,P002,1,71.22
2026-06-26,T0019,P003,4,72.47
2026-06-26,T0019,P004,6,44.88
2026-06-26,T0019,P005,3,53.29
2026-06-26,T0019,P006,6,66.24
2026-06-26,T0019,P007,3,74.43
2026-06-26,T0019,P010,3,8.92
2026-06-26,T0019,P012,2,33.81
2026-06-26,T0019,P014,3,17.13
2026-06-26,T0019,P015,2,65.43
2026-06-26,T0019,P016,2,19.1
2026-06-26,T0019,P019,2,32.1
2026-06-26,T0019,P020,2,61.39
2026-06-26,T0020,P003,1,72.47
2026-06-26,T0020,P004,1,44.88
2026-06-26,T0020,P005,2,53.29
2026-06-26,T0020,P006,1,66.24
2026-06-26,T0020,P007,2,74.43
2026-06-26,T0020,P008,1,12.46
2026-06-26,T0020,P013,2,20.71
2026-06-26,T0020,P016,2,19.1
2026-06-26,T0020,P017,2,103.46
2026-06-26,T0020,P018,2,53.96
2026-06-26,T0020,P019,1,32.1
2026-06-26,T0021,P002,1,71.22
2026-06-26,T0021,P003,2,72.47
2026-06-26,T0021,P004,3,44.88
2026-06-26,T0021,P006,2,66.24
2026-06-26,T0021,P007,1,74.43
2026-06-26,T0021,P008,1,12.46
2026-06-26,T0021,P009,4,45.16
2026-06-26,T0021,P012,2,33.81
2026-06-26,T0021,P014,1,17.13
2026-06-26,T0022,P003,3,72.47
2026-06-26,T0022,P004,1,44.88
2026-06-26,T0022,P006,2,66.24
2026-06-26,T0022,P007,1,74.43
2026-06-26,T0022,P009,2,45.16
2026-06-26,T0022,P011,2,54.45
2026-06-26,T0022,P013,1,20.71
2026-06-26,T0022,P014,1,17.13
2026-06-26,T0022,P016,1,19.1
2026-06-26,T0022,P018,1,53.96
2026-06-26,T0022,P019,2,32.1
2026-06-26,T0022,P020,1,61.39
2026-06-26,T0023,P003,3,72.47
2026-06-26,T0023,P004,1,44.88
2026-06-26,T0023,P005,1,53.29
2026-06-26,T0023,P006,1,66.24
2026-06-26,T0023,P007,1,74.43
2026-06-26,T0023,P010,1,8.92
2026-06-26,T0023,P016,1,19.1
2026-06-26,T0023,P019,1,32.1
2026-06-26,T0024,P004,2,44.88
2026-06-26,T0024,P005,3,53.29
2026-06-26,T0024,P006,2,66.24
2026-06-26,T0024,P007,1,74.43
2026-06-26,T0024,P008,2,12.46
2026-06-26,T0024,P010,1,8.92
2026-06-26,T0024,P011,2,54.45
2026-06-26,T0024,P012,1,33.81
2026-06-26,T0024,P014,2,17.13
2026-06-26,T0024,P015,3,65.43
2026-06-26,T0024,P016,2,19.1
2026-06-26,T0024,P019,5,32.1
2026-06-26,T0024,P020,1,61.39
2026-06-26,T0025,P002,1,71.22
2026-06-26,T0025,P004,2,44.88
2026-06-26,T0025,P005,1,53.29
2026-06-26,T0025,P006,1,66.24
2026-06-26,T0025,P007,1,74.43
2026-06-26,T0025,P009,1,45.16
2026-06-26,T0025,P015,1,65.43
2026-06-26,T0026,P002,1,71.22
2026-06-26,T0026,P003,1,72.47
2026-06-26,T0026,P005,2,53.29
2026-06-26,T0026,P007,2,74.43
2026-06-26,T0026,P010,1,8.92
2026-06-26,T0026,P012,1,33.81
2026-06-26,T0026,P016,1,19.1
2026-06-26,T0026,P018,1,53.96
2026-06-26,T0027,P004,1,44.88
2026-06-26,T0027,P005,4,53.29
2026-06-26,T0027,P009,2,45.16
2026-06-26,T0027,P010,3,8.92
2026-06-26,T0027,P011,2,54.45
2026-06-26,T0027,P012,1,33.81
2026-06-26,T0027,P014,1,17.13
2026-06-26,T0027,P015,2,65.43
2026-06-26,T0027,P016,3,19.1
2026-06-26,T0027,P017,2,103.46
2026-06-26,T0027,P019,2,32.1
2026-06-26,T0028,P004,1,44.88
2026-06-26,T0028,P006,2,66.24
2026-06-26,T0028,P009,1,45.16
2026-06-26,T0028,P010,4,8.92
2026-06-26,T0028,P013,2,20.71
2026-06-26,T0028,P016,1,19.1
2026-06-26,T0029,P005,3,53.29
2026-06-26,T0029,P006,1,66.24
2026-06-26,T0029,P007,1,74.43
2026-06-26,T0029,P008,1,12.46
2026-06-26,T0029,P009,1,45.16
2026-06-26,T0029,P010,3,8.92
2026-06-26,T0029,P011,4,54.45
2026-06-26,T0029,P012,1,33.81
2026-06-26,T0029,P014,5,17.13
2026-06-26,T0029,P015,1,65.43
2026-06-26,T0029,P016,3,19.1
2026-06-26,T0029,P018,1,53.96
2026-06-26,T0029,P019,3,32.1
2026-06-26,T0030,P002,1,71.22
2026-06-26,T0030,P003,2,72.47
2026-06-26,T0030,P004,3,44.88
2026-06-26,T0030,P005,4,53.29
2026-06-26,T0030,P006,2,66.24
2026-06-26,T0030,P007,2,74.43
2026-06-26,T0030,P008,1,12.46
2026-06-26,T0030,P010,3,8.92
2026-06-26,T0030,P011,4,54.45
2026-06-26,T0030,P012,1,33.81
2026-06-26,T0030,P014,3,17.13
2026-06-26,T0030,P015,1,65.43
2026-06-26,T0030,P018,1,53.96
2026-06-26,T0030,P019,4,32.1
2026-06-26,T0030,P020,1,61.39
2026-06-26,T0031,P001,1,77.79
2026-06-26,T0031,P002,2,71.22
2026-06-26,T0031,P003,3,72.47
2026-06-26,T0031,P004,2,44.88
2026-06-26,T0031,P005,3,53.29
2026-06-26,T0031,P007,6,74.43
2026-06-26,T0031,P011,2,54.45
2026-06-26,T0031,P012,1,33.81
2026-06-26,T0031,P014,3,17.13
2026-06-26,T0031,P015,1,65.43
2026-06-26,T0031,P016,1,19.1
2026-06-26,T0031,P019,2,32.1
2026-06-26,T0032,P002,1,71.22
2026-06-26,T0032,P003,3,72.47
2026-06-26,T0032,P004,1,44.88
2026-06-26,T0032,P005,3,53.29
2026-06-26,T0032,P006,2,66.24
2026-06-26,T0032,P007,3,74.43
2026-06-26,T0032,P009,2,45.16
2026-06-26,T0032,P010,3,8.92
2026-06-26,T0032,P014,3,17.13
2026-06-26,T0032,P015,1,65.43
2026-06-26,T0032,P016,2,19.1
2026-06-26,T0032,P017,1,103.46
2026-06-26,T0032,P018,1,53.96
2026-06-26,T0033,P005,1,53.29
2026-06-26,T0033,P006,3,66.24
2026-06-26,T0033,P007,2,74.43
2026-06-26,T0033,P008,2,12.46
2026-06-26,T0033,P011,2,54.45
2026-06-26,T0033,P014,1,17.13
2026-06-26,T0033,P016,1,19.1
2026-06-26,T0034,P001,1,77.79
2026-06-26,T0034,P003,1,72.47
2026-06-26,T0034,P004,3,44.88
2026-06-26,T0034,P005,2,53.29
2026-06-26,T0034,P006,1,66.24
2026-06-26,T0034,P007,2,74.43
2026-06-26,T0034,P008,1,12.46
2026-06-26,T0034,P009,1,45.16
2026-06-26,T0034,P011,1,54.45
2026-06-26,T0034,P014,5,17.13
2026-06-26,T0034,P016,3,19.1
2026-06-26,T0034,P020,1,61.39
2026-06-26,T0035,P010,1,8.92
2026-06-26,T0035,P016,4,19.1
2026-06-26,T0036,P003,1,72.47
2026-06-26,T0036,P004,2,44.88
2026-06-26,T0036,P005,1,53.29
2026-06-26,T0036,P016,2,19.1
2026-06-26,T0037,P003,1,72.47
2026-06-26,T0037,P005,1,53.29
2026-06-26,T0037,P006,2,66.24
2026-06-26,T0037,P007,1,74.43
2026-06-26,T0037,P009,1,45.16
2026-06-26,T0037,P010,3,8.92
2026-06-26,T0037,P011,1,54.45
2026-06-26,T0037,P012,1,33.81
2026-06-26,T0037,P017,1,103.46
2026-06-26,T0037,P019,2,32.1
2026-06-26,T0038,P003,3,72.47
2026-06-26,T0038,P004,2,44.88
2026-06-26,T0038,P008,1,12.46
2026-06-26,T0038,P009,3,45.16
2026-06-26,T0038,P011,2,54.45
2026-06-26,T0038,P013,1,20.71
2026-06-26,T0038,P014,3,17.13
2026-06-26,T0038,P018,1,53.96
2026-06-26,T0038,P019,3,32.1
2026-06-26,T0038,P020,1,61.39
2026-06-26,T0039,P002,1,71.22
2026-06-26,T0039,P003,3,72.47
2026-06-26,T0039,P004,2,44.88
2026-06-26,T0039,P005,2,53.29
2026-06-26,T0039,P006,5,66.24
2026-06-26,T0039,P007,3,74.43
2026-06-26,T0039,P008,1,12.46
2026-06-26,T0039,P009,1,45.16
2026-06-26,T0039,P010,1,8.92
2026-06-26,T0039,P011,3,54.45
2026-06-26,T0039,P012,4,33.81
2026-06-26,T0039,P016,6,19.1
2026-06-26,T0039,P019,4,32.1
2026-06-26,T0040,P001,1,77.79
2026-06-26,T0040,P003,4,72.47
2026-06-26,T0040,P004,1,44.88
2026-06-26,T0040,P005,3,53.29
2026-06-26,T0040,P006,2,66.24
2026-06-26,T0040,P007,3,74.43
2026-06-26,T0040,P010,6,8.92
2026-06-26,T0040,P011,3,54.45
2026-06-26,T0040,P014,2,17.13
2026-06-26,T0040,P015,2,65.43
2026-06-26,T0040,P017,3,103.46
2026-06-26,T0040,P019,3,32.1
2026-06-27,T0001,P002,2,71.22
2026-06-27,T0001,P003,8,72.47
2026-06-27,T0001,P004,5,44.88
2026-06-27,T0001,P005,1,53.29
2026-06-27,T0001,P006,2,66.24
2026-06-27,T0001,P007,2,74.43
2026-06-27,T0001,P010,2,8.92
2026-06-27,T0001,P012,1,33.81
2026-06-27,T0001,P015,1,65.43
2026-06-27,T0001,P016,3,19.1
2026-06-27,T0001,P019,2,32.1
2026-06-27,T0001,P020,1,61.39
2026-06-27,T0002,P001,1,77.79
2026-06-27,T0002,P002,2,71.22
2026-06-27,T0002,P003,5,72.47
2026-06-27,T0002,P004,6,44.88
2026-06-27,T0002,P007,5,74.43
2026-06-27,T0002,P009,5,45.16
2026-06-27,T0002,P010,7,8.92
2026-06-27,T0002,P012,2,33.81
2026-06-27,T0002,P013,1,20.71
2026-06-27,T0002,P014,2,17.13
2026-06-27,T0002,P018,1,53.96
2026-06-27,T0002,P019,9,32.1
2026-06-27,T0002,P020,1,61.39
2026-06-27,T0003,P002,2,71.22
2026-06-27,T0003,P003,4,72.47
2026-06-27,T0003,P007,2,74.43
2026-06-27,T0003,P008,3,12.46
2026-06-27,T0003,P009,2,45.16
2026-06-27,T0003,P010,3,8.92
2026-06-27,T0003,P012,2,33.81
2026-06-27,T0003,P014,3,17.13
2026-06-27,T0003,P016,6,19.1
2026-06-27,T0003,P017,1,103.46
2026-06-27,T0004,P005,4,53.29
2026-06-27,T0004,P010,4,8.92
2026-06-27,T0004,P012,1,33.81
2026-06-27,T0004,P014,1,17.13
2026-06-27,T0004,P015,2,65.43
2026-06-27,T0004,P016,5,19.1
2026-06-27,T0004,P018,1,53.96
2026-06-27,T0004,P019,1,32.1
2026-06-27,T0005,P002,1,71.22
2026-06-27,T0005,P003,7,72.47
2026-06-27,T0005,P004,5,44.88
2026-06-27,T0005,P005,1,53.29
2026-06-27,T0005,P006,1,66.24
2026-06-27,T0005,P008,8,12.46
2026-06-27,T0005,P011,4,54.45
2026-06-27,T0005,P012,1,33.81
2026-06-27,T0005,P014,2,17.13
2026-06-27,T0005,P015,1,65.43
2026-06-27,T0005,P017,2,103.46
2026-06-27,T0005,P018,1,53.96
2026-06-27,T0005,P019,1,32.1
2026-06-27,T0006,P001,1,77.79
2026-06-27,T0006,P004,10,44.88
2026-06-27,T0006,P005,15,53.29
2026-06-27,T0006,P006,2,66.24
2026-06-27,T0006,P007,9,74.43
2026-06-27,T0006,P009,2,45.16
2026-06-27,T0006,P010,8,8.92
2026-06-27,T0006,P012,3,33.81
2026-06-27,T0006,P013,2,20.71
2026-06-27,T0006,P014,12,17.13
2026-06-27,T0006,P015,6,65.43
2026-06-27,T0006,P017,7,103.46
2026-06-27,T0006,P019,12,32.1
2026-06-27,T0007,P002,2,71.22
2026-06-27,T0007,P003,6,72.47
2026-06-27,T0007,P004,7,44.88
2026-06-27,T0007,P005,5,53.29
2026-06-27,T0007,P006,5,66.24
2026-06-27,T0007,P009,2,45.16
2026-06-27,T0007,P011,1,54.45
2026-06-27,T0007,P015,2,65.43
2026-06-27,T0007,P016,8,19.1
2026-06-27,T0007,P017,2,103.46
2026-06-27,T0007,P018,1,53.96
2026-06-27,T0007,P019,4,32.1
2026-06-27,T0008,P002,7,71.22
2026-06-27,T0008,P003,13,72.47
2026-06-27,T0008,P004,12,44.88
2026-06-27,T0008,P005,14,53.29
2026-06-27,T0008,P007,10,74.43
2026-06-27,T0008,P008,7,12.46
2026-06-27,T0008,P009,4,45.16
2026-06-27,T0008,P010,7,8.92
2026-06-27,T0008,P012,4,33.81
2026-06-27,T0008,P014,4,17.13
2026-06-27,T0008,P015,2,65.43
2026-06-27,T0008,P017,7,103.46
2026-06-27,T0008,P019,12,32.1
2026-06-27,T0009,P001,2,77.79
2026-06-27,T0009,P002,4,71.22
2026-06-27,T0009,P004,8,44.88
2026-06-27,T0009,P005,9,53.29
2026-06-27,T0009,P008,3,12.46
2026-06-27,T0009,P009,1,45.16
2026-06-27,T0009,P012,1,33.81
2026-06-27,T0009,P013,2,20.71
2026-06-27,T0009,P014,8,17.13
2026-06-27,T0009,P015,1,65.43
2026-06-27,T0009,P016,10,19.1
2026-06-27,T0009,P018,3,53.96
2026-06-27,T0009,P019,3,32.1
2026-06-27,T0010,P001,1,77.79
2026-06-27,T0010,P002,3,71.22
2026-06-27,T0010,P004,6,44.88
2026-06-27,T0010,P005,3,53.29
2026-06-27,T0010,P006,3,66.24
2026-06-27,T0010,P007,2,74.43
2026-06-27,T0010,P008,8,12.46
2026-06-27,T0010,P009,3,45.16
2026-06-27,T0010,P010,3,8.92
2026-06-27,T0010,P011,6,54.45
2026-06-27,T0010,P012,5,33.81
2026-06-27,T0010,P014,3,17.13
2026-06-27,T0010,P016,8,19.1
2026-06-27,T0010,P019,7,32.1
2026-06-27,T0011,P002,1,71.22
2026-06-27,T0011,P003,3,72.47
2026-06-27,T0011,P004,5,44.88
2026-06-27,T0011,P006,1,66.24
2026-06-27,T0011,P011,2,54.45
2026-06-27,T0011,P012,1,33.81
2026-06-27,T0011,P014,2,17.13
2026-06-27,T0011,P016,2,19.1
2026-06-27,T0012,P001,1,77.79
2026-06-27,T0012,P002,3,71.22
2026-06-27,T0012,P004,2,44.88
2026-06-27,T0012,P005,3,53.29
2026-06-27,T0012,P006,1,66.24
2026-06-27,T0012,P007,1,74.43
2026-06-27,T0012,P009,1,45.16
2026-06-27,T0012,P010,2,8.92
2026-06-27,T0012,P011,1,54.45
2026-06-27,T0012,P012,3,33.81
2026-06-27,T0012,P013,1,20.71
2026-06-27,T0012,P015,1,65.43
2026-06-27,T0012,P016,3,19.1
2026-06-27,T0012,P018,1,53.96
2026-06-27,T0012,P019,5,32.1
2026-06-27,T0013,P001,1,77.79
2026-06-27,T0013,P002,5,71.22
2026-06-27,T0013,P003,9,72.47
2026-06-27,T0013,P004,4,44.88
2026-06-27,T0013,P005,1,53.29
2026-06-27,T0013,P008,4,12.46
2026-06-27,T0013,P009,1,45.16
2026-06-27,T0013,P010,2,8.92
2026-06-27,T0013,P011,1,54.45
2026-06-27,T0013,P012,2,33.81
2026-06-27,T0013,P013,1,20.71
2026-06-27,T0013,P016,5,19.1
2026-06-27,T0013,P017,2,103.46
2026-06-27,T0013,P019,5,32.1
2026-06-27,T0014,P004,2,44.88
2026-06-27,T0014,P005,1,53.29
2026-06-27,T0014,P006,7,66.24
2026-06-27,T0014,P007,2,74.43
2026-06-27,T0014,P011,2,54.45
2026-06-27,T0014,P013,1,20.71
2026-06-27,T0014,P015,2,65.43
2026-06-27,T0014,P020,1,61.39
2026-06-27,T0015,P002,13,71.22
2026-06-27,T0015,P009,4,45.16
2026-06-27,T0015,P018,12,53.96
2026-06-27,T0016,P006,142,66.24
2026-06-27,T0016,P019,148,32.1
2026-06-27,T0017,P002,2,71.22
2026-06-27,T0017,P003,3,72.47
2026-06-27,T0017,P006,2,66.24
2026-06-27,T0017,P007,3,74.43
2026-06-27,T0017,P008,1,12.46
2026-06-27,T0017,P010,3,8.92
2026-06-27,T0017,P011,1,54.45
2026-06-27,T0017,P012,1,33.81
2026-06-27,T0017,P013,1,20.71
2026-06-27,T0017,P017,2,103.46
2026-06-27,T0018,P003,1,72.47
2026-06-27,T0018,P004,3,44.88
2026-06-27,T0018,P006,2,66.24
2026-06-27,T0018,P008,1,12.46
2026-06-27,T0018,P009,1,45.16
2026-06-27,T0018,P012,2,33.81
2026-06-27,T0018,P014,2,17.13
2026-06-27,T0018,P015,1,65.43
2026-06-27,T0018,P016,1,19.1
2026-06-27,T0018,P017,3,103.46
2026-06-27,T0018,P019,3,32.1
2026-06-27,T0019,P002,1,71.22
2026-06-27,T0019,P004,3,44.88
2026-06-27,T0019,P006,5,66.24
2026-06-27,T0019,P007,3,74.43
2026-06-27,T0019,P008,1,12.46
2026-06-27,T0019,P009,1,45.16
2026-06-27,T0019,P010,3,8.92
2026-06-27,T0019,P014,3,17.13
2026-06-27,T0019,P017,1,103.46
2026-06-27,T0019,P019,3,32.1
2026-06-27,T0020,P002,2,71.22
2026-06-27,T0020,P005,1,53.29
2026-06-27,T0020,P006,2,66.24
2026-06-27,T0020,P009,1,45.16
2026-06-27,T0020,P012,1,33.81
2026-06-27,T0020,P016,3,19.1
2026-06-27,T0020,P017,1,103.46
2026-06-27,T0020,P019,1,32.1
2026-06-27,T0021,P002,2,71.22
2026-06-27,T0021,P003,3,72.47
2026-06-27,T0021,P004,2,44.88
2026-06-27,T0021,P006,2,66.24
2026-06-27,T0021,P007,3,74.43
2026-06-27,T0021,P008,2,12.46
2026-06-27,T0021,P010,1,8.92
2026-06-27,T0021,P012,1,33.81
2026-06-27,T0021,P014,1,17.13
2026-06-27,T0021,P017,1,103.46
2026-06-27,T0021,P019,1,32.1
2026-06-27,T0021,P020,3,61.39
2026-06-27,T0022,P003,1,72.47
2026-06-27,T0022,P006,3,66.24
2026-06-27,T0022,P013,1,20.71
2026-06-27,T0022,P014,1,17.13
2026-06-27,T0022,P015,1,65.43
2026-06-27,T0022,P016,1,19.1
2026-06-27,T0022,P018,1,53.96
2026-06-27,T0022,P020,1,61.39
2026-06-27,T0023,P003,1,72.47
2026-06-27,T0023,P004,3,44.88
2026-06-27,T0023,P006,2,66.24
2026-06-27,T0023,P007,1,74.43
2026-06-27,T0023,P009,1,45.16
2026-06-27,T0023,P011,2,54.45
2026-06-27,T0023,P016,2,19.1
2026-06-27,T0023,P019,1,32.1
2026-06-27,T0023,P020,1,61.39
2026-06-27,T0024,P001,1,77.79
2026-06-27,T0024,P004,1,44.88
2026-06-27,T0024,P005,1,53.29
2026-06-27,T0024,P006,3,66.24
2026-06-27,T0024,P011,2,54.45
2026-06-27,T0024,P012,1,33.81
2026-06-27,T0024,P014,2,17.13
2026-06-27,T0024,P016,2,19.1
2026-06-27,T0024,P019,2,32.1
2026-06-27,T0025,P003,1,72.47
2026-06-27,T0025,P004,1,44.88
2026-06-27,T0025,P011,1,54.45
2026-06-27,T0025,P017,1,103.46
2026-06-27,T0026,P005,2,53.29
2026-06-27,T0026,P007,1,74.43
2026-06-27,T0026,P008,1,12.46
2026-06-27,T0026,P010,1,8.92
2026-06-27,T0026,P011,1,54.45
2026-06-27,T0026,P015,2,65.43
2026-06-27,T0027,P003,5,72.47
2026-06-27,T0027,P004,2,44.88
2026-06-27,T0027,P008,1,12.46
2026-06-27,T0027,P010,2,8.92
2026-06-27,T0027,P011,1,54.45
2026-06-27,T0027,P014,3,17.13
2026-06-27,T0027,P015,1,65.43
2026-06-27,T0027,P016,1,19.1
2026-06-27,T0027,P019,4,32.1
2026-06-27,T0028,P002,3,71.22
2026-06-27,T0028,P003,4,72.47
2026-06-27,T0028,P004,1,44.88
2026-06-27,T0028,P005,1,53.29
2026-06-27,T0028,P006,4,66.24
2026-06-27,T0028,P010,4,8.92
2026-06-27,T0028,P012,1,33.81
2026-06-27,T0028,P016,2,19.1
2026-06-27,T0029,P005,4,53.29
2026-06-27,T0029,P006,2,66.24
2026-06-27,T0029,P007,2,74.43
2026-06-27,T0029,P010,1,8.92
2026-06-27,T0029,P011,2,54.45
2026-06-27,T0029,P012,3,33.81
2026-06-27,T0029,P013,1,20.71
2026-06-27,T0029,P014,1,17.13
2026-06-27,T0029,P016,3,19.1
2026-06-27,T0029,P019,1,32.1
2026-06-27,T0029,P020,1,61.39
2026-06-27,T0030,P003,5,72.47
2026-06-27,T0030,P004,5,44.88
2026-06-27,T0030,P005,5,53.29
2026-06-27,T0030,P007,4,74.43
2026-06-27,T0030,P008,1,12.46
2026-06-27,T0030,P010,2,8.92
2026-06-27,T0030,P011,4,54.45
2026-06-27,T0030,P012,2,33.81
2026-06-27,T0030,P013,1,20.71
2026-06-27,T0030,P015,1,65.43
2026-06-27,T0031,P002,2,71.22
2026-06-27,T0031,P003,6,72.47
2026-06-27,T0031,P004,2,44.88
2026-06-27,T0031,P005,3,53.29
2026-06-27,T0031,P007,4,74.43
2026-06-27,T0031,P009,2,45.16
2026-06-27,T0031,P010,5,8.92
2026-06-27,T0031,P011,2,54.45
2026-06-27,T0031,P012,1,33.81
2026-06-27,T0031,P013,3,20.71
2026-06-27,T0031,P015,1,65.43
2026-06-27,T0031,P017,3,103.46
2026-06-27,T0031,P019,3,32.1
2026-06-27,T0031,P020,3,61.39
2026-06-27,T0032,P001,1,77.79
2026-06-27,T0032,P002,1,71.22
2026-06-27,T0032,P003,2,72.47
2026-06-27,T0032,P004,4,44.88
2026-06-27,T0032,P005,6,53.29
2026-06-27,T0032,P006,3,66.24
2026-06-27,T0032,P007,1,74.43
2026-06-27,T0032,P010,6,8.92
2026-06-27,T0032,P013,1,20.71
2026-06-27,T0032,P014,3,17.13
2026-06-27,T0032,P015,2,65.43
2026-06-27,T0032,P016,2,19.1
2026-06-27,T0032,P017,1,103.46
2026-06-27,T0032,P019,5,32.1
2026-06-27,T0032,P020,1,61.39
2026-06-27,T0033,P009,1,45.16
2026-06-27,T0033,P011,1,54.45
2026-06-27,T0033,P015,1,65.43
2026-06-27,T0033,P016,1,19.1
2026-06-27,T0034,P003,3,72.47
2026-06-27,T0034,P004,2,44.88
2026-06-27,T0034,P006,1,66.24
2026-06-27,T0034,P007,5,74.43
2026-06-27,T0034,P008,1,12.46
2026-06-27,T0034,P009,1,45.16
2026-06-27,T0034,P013,1,20.71
2026-06-27,T0034,P014,1,17.13
2026-06-27,T0034,P016,2,19.1
2026-06-27,T0034,P017,1,103.46
2026-06-27,T0034,P018,1,53.96
2026-06-27,T0035,P003,2,72.47
2026-06-27,T0035,P005,1,53.29
2026-06-27,T0035,P013,2,20.71
2026-06-27,T0035,P014,1,17.13
2026-06-27,T0035,P016,2,19.1
2026-06-27,T0035,P017,1,103.46
2026-06-27,T0035,P019,2,32.1
2026-06-27,T0036,P005,1,53.29
2026-06-27,T0036,P006,1,66.24
2026-06-27,T0036,P008,1,12.46
2026-06-27,T0036,P014,2,17.13
2026-06-27,T0036,P020,1,61.39
2026-06-27,T0037,P003,2,72.47
2026-06-27,T0037,P005,4,53.29
2026-06-27,T0037,P006,3,66.24
2026-06-27,T0037,P007,2,74.43
2026-06-27,T0037,P010,3,8.92
2026-06-27,T0037,P011,1,54.45
2026-06-27,T0037,P017,2,103.46
2026-06-27,T0037,P018,1,53.96
2026-06-27,T0038,P003,1,72.47
2026-06-27,T0038,P004,2,44.88
2026-06-27,T0038,P010,3,8.92
2026-06-27,T0038,P014,2,17.13
2026-06-27,T0038,P017,1,103.46
2026-06-27,T0038,P019,5,32.1
2026-06-27,T0039,P002,1,71.22
2026-06-27,T0039,P003,7,72.47
2026-06-27,T0039,P004,4,44.88
2026-06-27,T0039,P005,3,53.29
2026-06-27,T0039,P006,3,66.24
2026-06-27,T0039,P007,11,74.43
2026-06-27,T0039,P008,4,12.46
2026-06-27,T0039,P010,5,8.92
2026-06-27,T0039,P011,5,54.45
2026-06-27,T0039,P012,1,33.81
2026-06-27,T0039,P014,4,17.13
2026-06-27,T0039,P016,1,19.1
2026-06-27,T0039,P017,1,103.46
2026-06-27,T0039,P018,1,53.96
2026-06-27,T0039,P019,5,32.1
2026-06-27,T0040,P003,3,72.47
2026-06-27,T0040,P005,2,53.29
2026-06-27,T0040,P006,3,66.24
2026-06-27,T0040,P007,3,74.43
2026-06-27,T0040,P011,5,54.45
2026-06-27,T0040,P015,1,65.43
2026-06-27,T0040,P019,2,32.1
2026-06-28,T0001,P002,1,71.22
2026-06-28,T0001,P003,3,72.47
2026-06-28,T0001,P004,1,44.88
2026-06-28,T0001,P007,1,74.43
2026-06-28,T0001,P010,1,8.92
2026-06-28,T0001,P011,3,54.45
2026-06-28,T0001,P012,1,33.81
2026-06-28,T0001,P014,1,17.13
2026-06-28,T0001,P015,1,65.43
2026-06-28,T0001,P016,2,19.1
2026-06-28,T0001,P019,1,32.1
2026-06-28,T0001,P020,2,61.39
2026-06-28,T0002,P002,5,71.22
2026-06-28,T0002,P003,4,72.47
2026-06-28,T0002,P004,6,44.88
2026-06-28,T0002,P009,1,45.16
2026-06-28,T0002,P010,6,8.92
2026-06-28,T0002,P012,4,33.81
2026-06-28,T0002,P013,2,20.71
2026-06-28,T0002,P018,1,53.96
2026-06-28,T0002,P019,6,32.1
2026-06-28,T0003,P003,7,72.47
2026-06-28,T0003,P007,6,74.43
2026-06-28,T0003,P008,1,12.46
2026-06-28,T0003,P010,3,8.92
2026-06-28,T0003,P012,3,33.81
2026-06-28,T0003,P014,2,17.13
2026-06-28,T0003,P018,2,53.96
2026-06-28,T0004,P005,3,53.29
2026-06-28,T0004,P008,1,12.46
2026-06-28,T0004,P010,2,8.92
2026-06-28,T0004,P012,1,33.81
2026-06-28,T0004,P013,1,20.71
2026-06-28,T0004,P014,3,17.13
2026-06-28,T0005,P002,4,71.22
2026-06-28,T0005,P004,4,44.88
2026-06-28,T0005,P005,2,53.29
2026-06-28,T0005,P008,2,12.46
2026-06-28,T0005,P012,1,33.81
2026-06-28,T0005,P014,2,17.13
2026-06-28,T0005,P015,1,65.43
2026-06-28,T0005,P019,4,32.1
2026-06-28,T0005,P020,1,61.39
2026-06-28,T0006,P004,9,44.88
2026-06-28,T0006,P005,1,53.29
2026-06-28,T0006,P006,12,66.24
2026-06-28,T0006,P007,10,74.43
2026-06-28,T0006,P010,4,8.92
2026-06-28,T0006,P012,6,33.81
2026-06-28,T0006,P013,1,20.71
2026-06-28,T0006,P014,9,17.13
2026-06-28,T0006,P015,1,65.43
2026-06-28,T0006,P017,1,103.46
2026-06-28,T0006,P018,2,53.96
2026-06-28,T0006,P019,4,32.1
2026-06-28,T0007,P002,6,71.22
2026-06-28,T0007,P003,6,72.47
2026-06-28,T0007,P004,4,44.88
2026-06-28,T0007,P005,1,53.29
2026-06-28,T0007,P006,7,66.24
2026-06-28,T0007,P009,2,45.16
2026-06-28,T0007,P011,6,54.45
2026-06-28,T0007,P015,4,65.43
2026-06-28,T0007,P016,8,19.1
2026-06-28,T0007,P018,1,53.96
2026-06-28,T0007,P019,7,32.1
2026-06-28,T0007,P020,1,61.39
2026-06-28,T0008,P002,2,71.22
2026-06-28,T0008,P003,10,72.47
2026-06-28,T0008,P004,6,44.88
2026-06-28,T0008,P005,9,53.29
2026-06-28,T0008,P007,9,74.43
2026-06-28,T0008,P008,4,12.46
2026-06-28,T0008,P009,5,45.16
2026-06-28,T0008,P010,15,8.92
2026-06-28,T0008,P012,6,33.81
2026-06-28,T0008,P015,4,65.43
2026-06-28,T0008,P017,1,103.46
2026-06-28,T0008,P019,9,32.1
2026-06-28,T0009,P001,1,77.79
2026-06-28,T0009,P004,9,44.88
2026-06-28,T0009,P005,5,53.29
2026-06-28,T0009,P008,3,12.46
2026-06-28,T0009,P009,4,45.16
2026-06-28,T0009,P012,4,33.81
2026-06-28,T0009,P013,3,20.71
2026-06-28,T0009,P014,5,17.13
2026-06-28,T0009,P015,3,65.43
2026-06-28,T0009,P016,2,19.1
2026-06-28,T0009,P018,1,53.96
2026-06-28,T0010,P001,1,77.79
2026-06-28,T0010,P002,1,71.22
2026-06-28,T0010,P004,3,44.88
2026-06-28,T0010,P005,1,53.29
2026-06-28,T0010,P006,2,66.24
2026-06-28,T0010,P007,3,74.43
2026-06-28,T0010,P009,1,45.16
2026-06-28,T0010,P010,5,8.92
2026-06-28,T0010,P011,3,54.45
2026-06-28,T0010,P014,7,17.13
2026-06-28,T0010,P016,3,19.1
2026-06-28,T0010,P019,3,32.1
2026-06-28,T0011,P002,2,71.22
2026-06-28,T0011,P003,4,72.47
2026-06-28,T0011,P004,1,44.88
2026-06-28,T0011,P007,2,74.43
2026-06-28,T0011,P011,1,54.45
2026-06-28,T0012,P003,5,72.47
2026-06-28,T0012,P005,2,53.29
2026-06-28,T0012,P015,1,65.43
2026-06-28,T0012,P016,2,19.1
2026-06-28,T0013,P002,1,71.22
2026-06-28,T0013,P003,4,72.47
2026-06-28,T0013,P004,4,44.88
2026-06-28,T0013,P005,2,53.29
2026-06-28,T0013,P008,4,12.46
2026-06-28,T0013,P010,3,8.92
2026-06-28,T0013,P011,2,54.45
2026-06-28,T0013,P012,1,33.81
2026-06-28,T0013,P013,1,20.71
2026-06-28,T0013,P015,1,65.43
2026-06-28,T0013,P016,3,19.1
2026-06-28,T0013,P017,2,103.46
2026-06-28,T0013,P019,3,32.1
2026-06-28,T0014,P006,6,66.24
2026-06-28,T0014,P007,1,74.43
2026-06-28,T0014,P011,1,54.45
2026-06-28,T0014,P015,1,65.43
2026-06-28,T0014,P017,1,103.46
2026-06-28,T0014,P020,1,61.39
2026-06-28,T0015,P007,62,74.43
2026-06-28,T0015,P013,4,20.71
2026-06-28,T0016,P005,89,53.29
2026-06-28,T0016,P007,69,74.43
2026-06-28,T0016,P010,118,8.92
2026-06-28,T0016,P013,23,20.71
2026-06-28,T0016,P018,20,53.96
2026-06-28,T0017,P001,1,77.79
2026-06-28,T0017,P002,2,71.22
2026-06-28,T0017,P003,5,72.47
2026-06-28,T0017,P006,7,66.24
2026-06-28,T0017,P007,2,74.43
2026-06-28,T0017,P008,3,12.46
2026-06-28,T0017,P011,1,54.45
2026-06-28,T0017,P012,3,33.81
2026-06-28,T0017,P020,1,61.39
2026-06-28,T0018,P004,2,44.88
2026-06-28,T0018,P008,2,12.46
2026-06-28,T0018,P009,1,45.16
2026-06-28,T0018,P014,1,17.13
2026-06-28,T0018,P015,1,65.43
2026-06-28,T0018,P016,1,19.1
2026-06-28,T0018,P018,1,53.96
2026-06-28,T0019,P002,1,71.22
2026-06-28,T0019,P004,1,44.88
2026-06-28,T0019,P005,2,53.29
2026-06-28,T0019,P006,1,66.24
2026-06-28,T0019,P009,1,45.16
2026-06-28,T0019,P010,1,8.92
2026-06-28,T0019,P012,1,33.81
2026-06-28,T0019,P014,3,17.13
2026-06-28,T0019,P019,1,32.1
2026-06-28,T0020,P003,4,72.47
2026-06-28,T0020,P007,1,74.43
2026-06-28,T0020,P010,4,8.92
2026-06-28,T0020,P017,1,103.46
2026-06-28,T0020,P018,1,53.96
2026-06-28,T0021,P002,2,71.22
2026-06-28,T0021,P003,1,72.47
2026-06-28,T0021,P004,1,44.88
2026-06-28,T0021,P006,1,66.24
2026-06-28,T0021,P008,1,12.46
2026-06-28,T0021,P012,1,33.81
2026-06-28,T0021,P014,3,17.13
2026-06-28,T0021,P019,1,32.1
2026-06-28,T0022,P003,1,72.47
2026-06-28,T0022,P004,3,44.88
2026-06-28,T0023,P004,1,44.88
2026-06-28,T0023,P006,1,66.24
2026-06-28,T0023,P007,1,74.43
2026-06-28,T0023,P009,1,45.16
2026-06-28,T0023,P016,1,19.1
2026-06-28,T0023,P019,1,32.1
2026-06-28,T0024,P004,3,44.88
2026-06-28,T0024,P006,1,66.24
2026-06-28,T0024,P011,2,54.45
2026-06-28,T0024,P017,2,103.46
2026-06-28,T0024,P018,1,53.96
2026-06-28,T0024,P019,2,32.1
2026-06-28,T0025,P003,1,72.47
2026-06-28,T0025,P004,1,44.88
2026-06-28,T0025,P006,1,66.24
2026-06-28,T0025,P017,1,103.46
2026-06-28,T0026,P003,1,72.47
2026-06-28,T0026,P007,1,74.43
2026-06-28,T0026,P008,1,12.46
2026-06-28,T0026,P010,1,8.92
2026-06-28,T0026,P017,1,103.46
2026-06-28,T0026,P018,1,53.96
2026-06-28,T0027,P003,2,72.47
2026-06-28,T0027,P004,1,44.88
2026-06-28,T0027,P005,1,53.29
2026-06-28,T0027,P010,1,8.92
2026-06-28,T0027,P011,1,54.45
2026-06-28,T0027,P014,2,17.13
2026-06-28,T0027,P016,1,19.1
2026-06-28,T0027,P019,1,32.1
2026-06-28,T0028,P002,3,71.22
2026-06-28,T0028,P003,2,72.47
2026-06-28,T0028,P004,1,44.88
2026-06-28,T0028,P005,2,53.29
2026-06-28,T0028,P006,2,66.24
2026-06-28,T0028,P012,1,33.81
2026-06-28,T0028,P018,1,53.96
2026-06-28,T0029,P003,1,72.47
2026-06-28,T0029,P005,1,53.29
2026-06-28,T0029,P007,2,74.43
2026-06-28,T0029,P010,1,8.92
2026-06-28,T0029,P011,2,54.45
2026-06-28,T0029,P012,1,33.81
2026-06-28,T0029,P014,1,17.13
2026-06-28,T0029,P016,3,19.1
2026-06-28,T0030,P003,1,72.47
2026-06-28,T0030,P005,1,53.29
2026-06-28,T0030,P007,4,74.43
2026-06-28,T0030,P008,3,12.46
2026-06-28,T0030,P009,2,45.16
2026-06-28,T0030,P010,1,8.92
2026-06-28,T0030,P019,3,32.1
2026-06-28,T0031,P002,2,71.22
2026-06-28,T0031,P003,5,72.47
2026-06-28,T0031,P004,2,44.88
2026-06-28,T0031,P005,4,53.29
2026-06-28,T0031,P007,1,74.43
2026-06-28,T0031,P010,2,8.92
2026-06-28,T0031,P012,2,33.81
2026-06-28,T0031,P019,2,32.1
2026-06-28,T0031,P020,1,61.39
2026-06-28,T0032,P003,2,72.47
2026-06-28,T0032,P004,3,44.88
2026-06-28,T0032,P005,1,53.29
2026-06-28,T0032,P006,5,66.24
2026-06-28,T0032,P007,3,74.43
2026-06-28,T0032,P010,1,8.92
2026-06-28,T0032,P014,4,17.13
2026-06-28,T0033,P003,2,72.47
2026-06-28,T0033,P011,1,54.45
2026-06-28,T0033,P014,1,17.13
2026-06-28,T0033,P017,1,103.46
2026-06-28,T0034,P001,1,77.79
2026-06-28,T0034,P003,2,72.47
2026-06-28,T0034,P004,2,44.88
2026-06-28,T0034,P006,1,66.24
2026-06-28,T0034,P007,2,74.43
2026-06-28,T0034,P009,1,45.16
2026-06-28,T0034,P012,1,33.81
2026-06-28,T0034,P016,2,19.1
2026-06-28,T0034,P018,1,53.96
2026-06-28,T0034,P020,2,61.39
2026-06-28,T0035,P003,3,72.47
2026-06-28,T0035,P009,1,45.16
2026-06-28,T0035,P011,2,54.45
2026-06-28,T0035,P019,1,32.1
2026-06-28,T0035,P020,2,61.39
2026-06-28,T0036,P002,1,71.22
2026-06-28,T0036,P003,1,72.47
2026-06-28,T0036,P005,1,53.29
2026-06-28,T0036,P006,2,66.24
2026-06-28,T0037,P003,1,72.47
2026-06-28,T0037,P005,2,53.29
2026-06-28,T0037,P006,2,66.24
2026-06-28,T0037,P007,4,74.43
2026-06-28,T0037,P008,1,12.46
2026-06-28,T0037,P010,1,8.92
2026-06-28,T0037,P011,1,54.45
2026-06-28,T0037,P014,1,17.13
2026-06-28,T0037,P019,3,32.1
2026-06-28,T0038,P003,1,72.47
2026-06-28,T0038,P004,2,44.88
2026-06-28,T0038,P010,1,8.92
2026-06-28,T0038,P014,1,17.13
2026-06-28,T0038,P015,1,65.43
2026-06-28,T0039,P003,2,72.47
2026-06-28,T0039,P004,4,44.88
2026-06-28,T0039,P005,2,53.29
2026-06-28,T0039,P006,2,66.24
2026-06-28,T0039,P007,2,74.43
2026-06-28,T0039,P010,1,8.92
2026-06-28,T0039,P011,4,54.45
2026-06-28,T0039,P014,2,17.13
2026-06-28,T0039,P016,1,19.1
2026-06-28,T0039,P019,3,32.1
2026-06-28,T0040,P001,1,77.79
2026-06-28,T0040,P003,3,72.47
2026-06-28,T0040,P005,2,53.29
2026-06-28,T0040,P007,3,74.43
2026-06-28,T0040,P019,4,32.1
